2001   1   1  51910  -0.073577   0.398114   0.0932411   0.0006695  -0.051731  -0.002275   0.000120   0.000126  0.0000045  0.0000539    0.000166    0.000056
2001   1   2  51911  -0.072686   0.399916   0.0925078   0.0007405  -0.051821  -0.002201   0.000109   0.000112  0.0000032  0.0000310    0.000166    0.000056
2001   1   3  51912  -0.071614   0.401862   0.0916678   0.0008445  -0.052203  -0.002139   0.000098   0.000096  0.0000037  0.0000183    0.000166    0.000056
2001   1   4  51913  -0.071033   0.403733   0.0907690   0.0009024  -0.052772  -0.002094   0.000097   0.000094  0.0000056  0.0000209    0.000166    0.000056
2001   1   5  51914  -0.070810   0.405267   0.0898731   0.0009056  -0.053222  -0.001967   0.000106   0.000105  0.0000176  0.0000449    0.000166    0.000056
2001   1   6  51915  -0.070419   0.406673   0.0890213   0.0008230  -0.053424  -0.001716   0.000118   0.000118  0.0000750  0.0000469    0.000171    0.000058
2001   1   7  51916  -0.070078   0.408104   0.0882971   0.0006458  -0.053548  -0.001511   0.000125   0.000125  0.0000266  0.0000258    0.000213    0.000085
2001   1   8  51917  -0.070125   0.409518   0.0877134   0.0004893  -0.053685  -0.001586   0.000114   0.000117  0.0000062  0.0000124    0.000212    0.000084
2001   1   9  51918  -0.070184   0.410845   0.0872331   0.0004702  -0.053629  -0.001924   0.000101   0.000106  0.0000055  0.0000079    0.000205    0.000078
2001   1  10  51919  -0.069870   0.412364   0.0868084   0.0004200  -0.053235  -0.002224   0.000097   0.000099  0.0000044  0.0000092    0.000192    0.000066
2001   1  11  51920  -0.069320   0.414155   0.0863932   0.0004423  -0.052718  -0.002203   0.000099   0.000097  0.0000050  0.0000123    0.000210    0.000066
2001   1  12  51921  -0.068460   0.416199   0.0858920   0.0005676  -0.052517  -0.002082   0.000103   0.000103  0.0000082  0.0000160    0.000234    0.000069
2001   1  13  51922  -0.067456   0.418216   0.0852423   0.0007481  -0.052723  -0.002114   0.000112   0.000142  0.0000212  0.0000382    0.000241    0.000070
2001   1  14  51923  -0.066476   0.420192   0.0844128   0.0008971  -0.053074  -0.002219   0.000110   0.000226  0.0000453  0.0000555    0.000240    0.000070
2001   1  15  51924  -0.065394   0.422031   0.0834614   0.0009487  -0.053254  -0.002199   0.000096   0.000126  0.0000076  0.0000494    0.000212    0.000070
2001   1  16  51925  -0.064037   0.423563   0.0825013   0.0009307  -0.053048  -0.002025   0.000089   0.000096  0.0000054  0.0000271    0.000214    0.000071
2001   1  17  51926  -0.062653   0.425081   0.0816498   0.0007847  -0.052429  -0.001829   0.000085   0.000091  0.0000063  0.0000137    0.000229    0.000076
2001   1  18  51927  -0.061477   0.426450   0.0809776   0.0005738  -0.051665  -0.001717   0.000085   0.000111  0.0000093  0.0000128    0.000328    0.000112
2001   1  19  51928  -0.060331   0.427947   0.0804735   0.0004127  -0.051245  -0.001722   0.000088   0.000125  0.0000235  0.0000203    0.000634    0.000252
2001   1  20  51929  -0.059228   0.429416   0.0801140   0.0002595  -0.051350  -0.001834   0.000094   0.000107  0.0000459  0.0000360    0.000899    0.000506
2001   1  21  51930  -0.058134   0.430400   0.0799319   0.0000734  -0.051723  -0.002028   0.000100   0.000109  0.0000174  0.0000211    0.000148    0.000124
2001   1  22  51931  -0.056803   0.431258   0.0799234  -0.0000464  -0.051992  -0.002249   0.000099   0.000100  0.0000032  0.0000128    0.000141    0.000117
2001   1  23  51932  -0.055410   0.432536   0.0800156  -0.0000864  -0.051940  -0.002383   0.000117   0.000091  0.0000033  0.0000084    0.000147    0.000110
2001   1  24  51933  -0.054026   0.434247   0.0800969  -0.0000543  -0.051667  -0.002363   0.000114   0.000090  0.0000040  0.0000094    0.000168    0.000092
2001   1  25  51934  -0.052242   0.436078   0.0801065   0.0000251  -0.051827  -0.002377   0.000093   0.000089  0.0000040  0.0000111    0.000188    0.000076
2001   1  26  51935  -0.050486   0.437981   0.0800012   0.0001471  -0.052264  -0.002407   0.000114   0.000092  0.0000054  0.0000121    0.000191    0.000071
2001   1  27  51936  -0.049125   0.439749   0.0797629   0.0002949  -0.052621  -0.002434   0.000126   0.000124  0.0000144  0.0000171    0.000190    0.000070
2001   1  28  51937  -0.047562   0.441595   0.0793754   0.0004467  -0.052750  -0.002473   0.000101   0.000212  0.0000058  0.0000203    0.000059    0.000029
2001   1  29  51938  -0.045643   0.443422   0.0788567   0.0005688  -0.052546  -0.002494   0.000089   0.000119  0.0000013  0.0000082    0.000058    0.000029
2001   1  30  51939  -0.043687   0.444956   0.0782778   0.0006031  -0.052059  -0.002507   0.000075   0.000079  0.0000015  0.0000046    0.000063    0.000031
2001   1  31  51940  -0.042063   0.446363   0.0777181   0.0005104  -0.051556  -0.002539   0.000074   0.000076  0.0000025  0.0000044    0.000092    0.000044
2001   2   1  51941  -0.040671   0.447350   0.0771772   0.0004717  -0.051333  -0.002456   0.000080   0.000083  0.0000066  0.0000066    0.000147    0.000063
2001   2   2  51942  -0.039149   0.448091   0.0767624   0.0003855  -0.051393  -0.002180   0.000081   0.000084  0.0000185  0.0000135    0.000166    0.000068
2001   2   3  51943  -0.037732   0.448846   0.0764706   0.0002146  -0.051627  -0.001790   0.000104   0.000091  0.0000450  0.0000204    0.000171    0.000068
2001   2   4  51944  -0.036081   0.449531   0.0763315   0.0000822  -0.052100  -0.001560   0.000123   0.000122  0.0000170  0.0000407    0.000238    0.000069
2001   2   5  51945  -0.034042   0.450536   0.0763068  -0.0000021  -0.052815  -0.001808   0.000097   0.000127  0.0000030  0.0000257    0.000238    0.000069
2001   2   6  51946  -0.032149   0.451846   0.0762954   0.0000253  -0.053432  -0.002524   0.000090   0.000126  0.0000031  0.0000130    0.000235    0.000070
2001   2   7  51947  -0.030347   0.453186   0.0761626   0.0002207  -0.053506  -0.003256   0.000091   0.000120  0.0000036  0.0000121    0.000223    0.000078
2001   2   8  51948  -0.028438   0.454758   0.0758408   0.0004759  -0.052821  -0.003382   0.000091   0.000097  0.0000033  0.0000100    0.000208    0.000098
2001   2   9  51949  -0.026595   0.456260   0.0751946   0.0007541  -0.052032  -0.003097   0.000118   0.000119  0.0000044  0.0000122    0.000201    0.000118
2001   2  10  51950  -0.024797   0.457708   0.0743320   0.0009828  -0.051642  -0.002861   0.000236   0.000149  0.0000113  0.0000315    0.000200    0.000123
2001   2  11  51951  -0.023477   0.459110   0.0733054   0.0011041  -0.051614  -0.002774   0.000239   0.000163  0.0000165  0.0000241    0.000244    0.000056
2001   2  12  51952  -0.022404   0.459937   0.0721846   0.0011648  -0.051760  -0.002692   0.000115   0.000222  0.0000044  0.0000158    0.000244    0.000055
2001   2  13  51953  -0.020875   0.460835   0.0710330   0.0011524  -0.051892  -0.002555   0.000089   0.000121  0.0000042  0.0000124    0.000225    0.000056
2001   2  14  51954  -0.019242   0.462111   0.0699353   0.0010472  -0.051930  -0.002486   0.000106   0.000090  0.0000042  0.0000125    0.000193    0.000061
2001   2  15  51955  -0.017654   0.463401   0.0689561   0.0009004  -0.052129  -0.002625   0.000104   0.000089  0.0000066  0.0000121    0.000244    0.000085
2001   2  16  51956  -0.015950   0.464748   0.0681055   0.0007620  -0.052419  -0.002815   0.000086   0.000094  0.0000174  0.0000153    0.000375    0.000132
2001   2  17  51957  -0.014083   0.466031   0.0673693   0.0006443  -0.052605  -0.002899   0.000091   0.000102  0.0000465  0.0000330    0.000443    0.000156
2001   2  18  51958  -0.012319   0.467237   0.0667471   0.0005833  -0.052512  -0.002909   0.000095   0.000102  0.0000346  0.0000228    0.000368    0.000217
2001   2  19  51959  -0.010578   0.468306   0.0661870   0.0005809  -0.052049  -0.002976   0.000087   0.000091  0.0000098  0.0000138    0.000360    0.000211
2001   2  20  51960  -0.008360   0.469523   0.0656092   0.0006505  -0.051365  -0.003161   0.000081   0.000084  0.0000080  0.0000099    0.000324    0.000156
2001   2  21  51961  -0.005603   0.470925   0.0649724   0.0006686  -0.050792  -0.003347   0.000079   0.000081  0.0000049  0.0000109    0.000241    0.000088
2001   2  22  51962  -0.002393   0.472291   0.0642668   0.0007347  -0.050720  -0.003275   0.000078   0.000081  0.0000038  0.0000107    0.000193    0.000062
2001   2  23  51963   0.000988   0.474087   0.0634714   0.0008673  -0.051056  -0.003039   0.000082   0.000104  0.0000051  0.0000135    0.000178    0.000056
2001   2  24  51964   0.004027   0.475952   0.0625092   0.0010297  -0.051525  -0.002881   0.000090   0.000130  0.0000126  0.0000362    0.000176    0.000055
2001   2  25  51965   0.006765   0.477505   0.0613666   0.0012121  -0.051924  -0.002908   0.000094   0.000107  0.0000249  0.0000417    0.000673    0.000198
2001   2  26  51966   0.009397   0.478933   0.0600732   0.0013738  -0.052094  -0.003090   0.000087   0.000095  0.0000185  0.0000204    0.001057    0.000384
2001   2  27  51967   0.011927   0.480129   0.0586676   0.0014646  -0.051929  -0.003349   0.000082   0.000091  0.0000121  0.0000125    0.000451    0.000293
2001   2  28  51968   0.014351   0.481236   0.0572004   0.0014920  -0.051487  -0.003637   0.000082   0.000111  0.0000070  0.0000082    0.000240    0.000194
2001   3   1  51969   0.016174   0.482246   0.0557574   0.0014089  -0.051121  -0.003892   0.000102   0.000103  0.0000086  0.0000097    0.000201    0.000168
2001   3   2  51970   0.017243   0.482839   0.0544326   0.0012344  -0.050989  -0.004043   0.000102   0.000085  0.0000266  0.0000278    0.000196    0.000164
2001   3   3  51971   0.018427   0.483328   0.0532636   0.0010887  -0.051032  -0.004050   0.000087   0.000113  0.0000354  0.0000416    0.000191    0.000141
2001   3   4  51972   0.020329   0.483907   0.0522239   0.0009969  -0.051218  -0.003987   0.000096   0.000236  0.0000133  0.0000231    0.000150    0.000061
2001   3   5  51973   0.022602   0.484719   0.0512704   0.0009221  -0.051533  -0.004028   0.000122   0.000230  0.0000025  0.0000123    0.000151    0.000061
2001   3   6  51974   0.024480   0.485405   0.0503458   0.0009437  -0.051814  -0.004252   0.000102   0.000110  0.0000026  0.0000070    0.000159    0.000064
2001   3   7  51975   0.026370   0.485539   0.0493415   0.0011256  -0.051790  -0.004524   0.000081   0.000085  0.0000031  0.0000060    0.000191    0.000072
2001   3   8  51976   0.028673   0.485604   0.0481077   0.0013334  -0.051311  -0.004665   0.000081   0.000084  0.0000039  0.0000079    0.000205    0.000067
2001   3   9  51977   0.031038   0.485563   0.0466971   0.0015272  -0.050704  -0.004596   0.000084   0.000088  0.0000058  0.0000129    0.000195    0.000061
2001   3  10  51978   0.033321   0.485515   0.0451464   0.0016274  -0.050314  -0.004440   0.000094   0.000097  0.0000140  0.0000161    0.000191    0.000060
2001   3  11  51979   0.035516   0.485565   0.0435364   0.0016459  -0.050221  -0.004302   0.000101   0.000104  0.0000047  0.0000147    0.000053    0.000022
2001   3  12  51980   0.037947   0.485676   0.0419359   0.0015408  -0.050377  -0.004171   0.000090   0.000093  0.0000011  0.0000089    0.000052    0.000022
2001   3  13  51981   0.040882   0.485841   0.0404519   0.0013480  -0.050670  -0.004091   0.000074   0.000075  0.0000012  0.0000058    0.000056    0.000023
2001   3  14  51982   0.043871   0.486211   0.0392190   0.0010919  -0.050917  -0.004175   0.000074   0.000073  0.0000021  0.0000069    0.000086    0.000037
2001   3  15  51983   0.046379   0.486546   0.0383090   0.0008020  -0.050921  -0.004375   0.000101   0.000084  0.0000065  0.0000139    0.000155    0.000076
2001   3  16  51984   0.048587   0.486752   0.0375746   0.0006027  -0.050734  -0.004575   0.000111   0.000093  0.0000210  0.0000283    0.000187    0.000105
2001   3  17  51985   0.050926   0.487254   0.0369958   0.0005154  -0.050524  -0.004682   0.000094   0.000125  0.0000244  0.0000208    0.000194    0.000107
2001   3  18  51986   0.053497   0.487563   0.0365061   0.0004451  -0.050346  -0.004708   0.000097   0.000210  0.0000169  0.0000214    0.000210    0.000090
2001   3  19  51987   0.056282   0.487871   0.0360758   0.0004006  -0.050182  -0.004751   0.000094   0.000125  0.0000060  0.0000260    0.000211    0.000090
2001   3  20  51988   0.059045   0.488583   0.0356533   0.0004609  -0.050069  -0.004866   0.000089   0.000092  0.0000058  0.0000132    0.000223    0.000094
2001   3  21  51989   0.061683   0.489038   0.0351675   0.0005288  -0.049993  -0.004954   0.000086   0.000087  0.0000048  0.0000087    0.000260    0.000096
2001   3  22  51990   0.064477   0.489208   0.0345528   0.0006341  -0.049650  -0.004773   0.000086   0.000088  0.0000040  0.0000086    0.000212    0.000067
2001   3  23  51991   0.067297   0.489635   0.0338732   0.0007464  -0.049292  -0.004456   0.000090   0.000092  0.0000055  0.0000129    0.000184    0.000057
2001   3  24  51992   0.070213   0.490168   0.0330568   0.0008386  -0.049186  -0.004249   0.000097   0.000101  0.0000129  0.0000224    0.000179    0.000055
2001   3  25  51993   0.073300   0.490654   0.0321569   0.0009663  -0.049382  -0.004262   0.000097   0.000103  0.0000171  0.0000255    0.000196    0.000098
2001   3  26  51994   0.076371   0.491045   0.0311476   0.0010868  -0.049793  -0.004469   0.000090   0.000092  0.0000041  0.0000241    0.000196    0.000106
2001   3  27  51995   0.079220   0.491260   0.0300529   0.0011157  -0.050188  -0.004749   0.000110   0.000082  0.0000035  0.0000080    0.000184    0.000095
2001   3  28  51996   0.081728   0.491359   0.0289403   0.0010457  -0.050375  -0.004968   0.000170   0.000078  0.0000027  0.0000041    0.000162    0.000075
2001   3  29  51997   0.084051   0.491284   0.0279428   0.0009369  -0.050545  -0.005053   0.000105   0.000079  0.0000031  0.0000047    0.000165    0.000069
2001   3  30  51998   0.086366   0.490949   0.0270502   0.0008275  -0.050564  -0.005086   0.000084   0.000085  0.0000053  0.0000114    0.000176    0.000070
2001   3  31  51999   0.088582   0.490447   0.0262669   0.0007313  -0.050349  -0.005142   0.000091   0.000096  0.0000117  0.0000300    0.000179    0.000070
2001   4   1  52000   0.090622   0.489827   0.0255548   0.0006693  -0.050032  -0.005239   0.000095   0.000101  0.0000142  0.0000225    0.000262    0.000088
2001   4   2  52001   0.092634   0.489246   0.0248823   0.0006710  -0.049768  -0.005372   0.000088   0.000092  0.0000064  0.0000195    0.000266    0.000089
2001   4   3  52002   0.094689   0.488929   0.0241794   0.0007591  -0.049659  -0.005504   0.000082   0.000086  0.0000056  0.0000150    0.000244    0.000089
2001   4   4  52003   0.096823   0.488365   0.0233456   0.0009456  -0.049625  -0.005592   0.000079   0.000104  0.0000039  0.0000111    0.000196    0.000083
2001   4   5  52004   0.099096   0.487433   0.0222905   0.0011729  -0.049276  -0.005701   0.000080   0.000104  0.0000034  0.0000093    0.000184    0.000070
2001   4   6  52005   0.101574   0.486814   0.0210181   0.0013618  -0.048982  -0.005752   0.000105   0.000088  0.0000045  0.0000102    0.000184    0.000064
2001   4   7  52006   0.104322   0.486609   0.0196090   0.0014988  -0.049060  -0.005739   0.000191   0.000098  0.0000078  0.0000142    0.000184    0.000063
2001   4   8  52007   0.106645   0.486448   0.0181496   0.0014906  -0.049415  -0.005703   0.000130   0.000105  0.0000048  0.0000188    0.000073    0.000027
2001   4   9  52008   0.108397   0.485911   0.0167497   0.0013068  -0.049820  -0.005618   0.000089   0.000093  0.0000011  0.0000093    0.000072    0.000026
2001   4  10  52009   0.110438   0.484991   0.0155237   0.0010839  -0.050054  -0.005502   0.000070   0.000074  0.0000012  0.0000052    0.000077    0.000028
2001   4  11  52010   0.112946   0.484037   0.0145353   0.0008475  -0.050088  -0.005462   0.000069   0.000071  0.0000020  0.0000059    0.000100    0.000038
2001   4  12  52011   0.115854   0.483387   0.0138317   0.0006276  -0.050288  -0.005531   0.000100   0.000081  0.0000050  0.0000123    0.000131    0.000054
2001   4  13  52012   0.118524   0.482959   0.0133092   0.0004369  -0.050752  -0.005672   0.000176   0.000088  0.0000162  0.0000307    0.000141    0.000059
2001   4  14  52013   0.120938   0.482187   0.0129296   0.0003012  -0.051196  -0.005800   0.000117   0.000114  0.0000403  0.0000426    0.000140    0.000059
2001   4  15  52014   0.123658   0.481298   0.0126349   0.0002802  -0.051228  -0.005854   0.000089   0.000120  0.0000137  0.0000408    0.000111    0.000048
2001   4  16  52015   0.126510   0.480460   0.0123043   0.0003672  -0.050627  -0.005853   0.000086   0.000093  0.0000025  0.0000142    0.000112    0.000049
2001   4  17  52016   0.129575   0.479479   0.0118400   0.0005263  -0.049573  -0.005838   0.000103   0.000082  0.0000026  0.0000070    0.000117    0.000051
2001   4  18  52017   0.132923   0.478756   0.0111920   0.0007061  -0.048648  -0.005797   0.000101   0.000076  0.0000029  0.0000078    0.000140    0.000059
2001   4  19  52018   0.136277   0.478316   0.0104355   0.0008562  -0.048745  -0.005694   0.000106   0.000075  0.0000032  0.0000120    0.000177    0.000068
2001   4  20  52019   0.139392   0.477795   0.0095170   0.0009566  -0.049579  -0.005531   0.000178   0.000080  0.0000046  0.0000168    0.000195    0.000070
2001   4  21  52020   0.142253   0.477073   0.0085710   0.0010191  -0.050435  -0.005381   0.000130   0.000093  0.0000120  0.0000359    0.000199    0.000070
2001   4  22  52021   0.144894   0.476284   0.0075682   0.0010217  -0.050911  -0.005338   0.000103   0.000099  0.0000300  0.0000454    0.000196    0.000069
2001   4  23  52022   0.147325   0.475556   0.0065709   0.0009354  -0.050905  -0.005443   0.000116   0.000087  0.0000181  0.0000408    0.000154    0.000064
2001   4  24  52023   0.149241   0.474876   0.0056533   0.0008519  -0.050555  -0.005657   0.000097   0.000076  0.0000082  0.0000251    0.000154    0.000064
2001   4  25  52024   0.151069   0.473845   0.0048292   0.0008145  -0.050108  -0.005887   0.000094   0.000071  0.0000049  0.0000129    0.000154    0.000064
2001   4  26  52025   0.153433   0.472494   0.0040738   0.0007319  -0.049806  -0.006050   0.000093   0.000072  0.0000070  0.0000136    0.000154    0.000064
2001   4  27  52026   0.155786   0.471207   0.0034314   0.0006150  -0.049749  -0.006118   0.000079   0.000076  0.0000215  0.0000286    0.000154    0.000064
2001   4  28  52027   0.157755   0.469744   0.0028217   0.0005277  -0.049860  -0.006127   0.000100   0.000083  0.0000530  0.0000391    0.000154    0.000064
2001   4  29  52028   0.159559   0.468195   0.0022283   0.0005772  -0.049952  -0.006135   0.000120   0.000111  0.0000483  0.0000466    0.000166    0.000104
2001   4  30  52029   0.161427   0.466442   0.0015439   0.0007606  -0.049839  -0.006163   0.000119   0.000104  0.0000270  0.0000442    0.000166    0.000106
2001   5   1  52030   0.163313   0.464511   0.0006970   0.0009474  -0.049475  -0.006176   0.000097   0.000079  0.0000096  0.0000275    0.000167    0.000104
2001   5   2  52031   0.165107   0.462702  -0.0003457   0.0011402  -0.048999  -0.006122   0.000077   0.000075  0.0000043  0.0000135    0.000173    0.000093
2001   5   3  52032   0.167128   0.461379  -0.0015949   0.0013513  -0.048676  -0.005984   0.000094   0.000073  0.0000036  0.0000101    0.000197    0.000074
2001   5   4  52033   0.169497   0.460337  -0.0030416   0.0015309  -0.048827  -0.005747   0.000098   0.000075  0.0000050  0.0000130    0.000220    0.000066
2001   5   5  52034   0.171751   0.458753  -0.0046183   0.0016162  -0.049443  -0.005503   0.000084   0.000083  0.0000123  0.0000281    0.000226    0.000065
2001   5   6  52035   0.173593   0.456722  -0.0061659   0.0015051  -0.050190  -0.005368   0.000105   0.000087  0.0000193  0.0000210    0.000310    0.000093
2001   5   7  52036   0.175680   0.454577  -0.0075597   0.0012907  -0.050704  -0.005405   0.000100   0.000080  0.0000051  0.0000202    0.000304    0.000095
2001   5   8  52037   0.178350   0.452390  -0.0087524   0.0010942  -0.050830  -0.005622   0.000097   0.000073  0.0000046  0.0000205    0.000230    0.000084
2001   5   9  52038   0.181105   0.450230  -0.0097376   0.0008979  -0.050707  -0.005949   0.000088   0.000071  0.0000028  0.0000109    0.000127    0.000055
2001   5  10  52039   0.183785   0.448006  -0.0105272   0.0007097  -0.050731  -0.006010   0.000067   0.000065  0.0000018  0.0000070    0.000079    0.000034
2001   5  11  52040   0.186472   0.445884  -0.0111957   0.0005975  -0.050872  -0.005974   0.000080   0.000068  0.0000024  0.0000080    0.000067    0.000029
2001   5  12  52041   0.189105   0.444192  -0.0117519   0.0005700  -0.050938  -0.006027   0.000100   0.000097  0.0000062  0.0000145    0.000066    0.000028
2001   5  13  52042   0.191382   0.442711  -0.0123158   0.0005898  -0.050827  -0.006122   0.000085   0.000112  0.0000137  0.0000212    0.000178    0.000062
2001   5  14  52043   0.193226   0.440958  -0.0129594   0.0006573  -0.050512  -0.006214   0.000080   0.000083  0.0000034  0.0000221    0.000255    0.000076
2001   5  15  52044   0.194943   0.438820  -0.0137144   0.0008041  -0.050094  -0.006271   0.000095   0.000074  0.0000035  0.0000123    0.000223    0.000073
2001   5  16  52045   0.196741   0.436453  -0.0145761   0.0009240  -0.049815  -0.006279   0.000091   0.000071  0.0000038  0.0000103    0.000171    0.000065
2001   5  17  52046   0.198581   0.433784  -0.0155493   0.0010220  -0.049987  -0.006329   0.000071   0.000071  0.0000040  0.0000114    0.000156    0.000059
2001   5  18  52047   0.200784   0.430901  -0.0166067   0.0011260  -0.050619  -0.006289   0.000071   0.000075  0.0000054  0.0000159    0.000190    0.000069
2001   5  19  52048   0.203180   0.428086  -0.0177561   0.0011606  -0.051476  -0.006069   0.000078   0.000084  0.0000084  0.0000173    0.000700    0.000243
2001   5  20  52049   0.205132   0.425395  -0.0188906   0.0011201  -0.052204  -0.005782   0.000084   0.000093  0.0000087  0.0000177    0.001434    0.000519
2001   5  21  52050   0.206868   0.422727  -0.0199555   0.0010222  -0.052467  -0.005630   0.000079   0.000112  0.0000052  0.0000147    0.000221    0.000121
2001   5  22  52051   0.208804   0.420394  -0.0209047   0.0008792  -0.052184  -0.005757   0.000074   0.000097  0.0000048  0.0000104    0.000195    0.000103
2001   5  23  52052   0.210565   0.418188  -0.0216870   0.0006547  -0.051634  -0.006090   0.000073   0.000076  0.0000046  0.0000102    0.000165    0.000082
2001   5  24  52053   0.211934   0.415731  -0.0222382   0.0004649  -0.051395  -0.006230   0.000073   0.000074  0.0000056  0.0000120    0.000162    0.000076
2001   5  25  52054   0.213282   0.413312  -0.0226043   0.0002895  -0.051508  -0.006073   0.000075   0.000076  0.0000061  0.0000148    0.000191    0.000082
2001   5  26  52055   0.214619   0.410568  -0.0228304   0.0001723  -0.051599  -0.005828   0.000080   0.000082  0.0000087  0.0000231    0.000194    0.000083
2001   5  27  52056   0.215877   0.407541  -0.0230067   0.0001825  -0.051511  -0.005656   0.000083   0.000088  0.0000160  0.0000418    0.000195    0.000083
2001   5  28  52057   0.217280   0.404675  -0.0232438   0.0002879  -0.051307  -0.005646   0.000077   0.000082  0.0000081  0.0000403    0.000227    0.000081
2001   5  29  52058   0.218986   0.401973  -0.0236211   0.0004273  -0.051110  -0.005799   0.000072   0.000078  0.0000053  0.0000285    0.000228    0.000081
2001   5  30  52059   0.220948   0.399380  -0.0241445   0.0005672  -0.051029  -0.006031   0.000087   0.000094  0.0000046  0.0000187    0.000224    0.000078
2001   5  31  52060   0.222852   0.396789  -0.0247509   0.0006366  -0.051159  -0.006230   0.000087   0.000091  0.0000039  0.0000136    0.000216    0.000072
2001   6   1  52061   0.224386   0.394213  -0.0253750   0.0006358  -0.051500  -0.006287   0.000072   0.000075  0.0000047  0.0000131    0.000210    0.000069
2001   6   2  52062   0.225788   0.391487  -0.0259663   0.0005843  -0.051984  -0.006189   0.000078   0.000082  0.0000069  0.0000181    0.000209    0.000068
2001   6   3  52063   0.227186   0.388651  -0.0264741   0.0004214  -0.052442  -0.005997   0.000088   0.000112  0.0000063  0.0000353    0.000227    0.000086
2001   6   4  52064   0.228647   0.385704  -0.0268199   0.0002138  -0.052680  -0.005807   0.000087   0.000113  0.0000052  0.0000251    0.000224    0.000087
2001   6   5  52065   0.230425   0.382728  -0.0269240  -0.0000083  -0.052666  -0.005734   0.000081   0.000087  0.0000047  0.0000126    0.000199    0.000082
2001   6   6  52066   0.232388   0.380062  -0.0267655  -0.0002420  -0.052559  -0.005837   0.000081   0.000082  0.0000042  0.0000100    0.000161    0.000074
2001   6   7  52067   0.234417   0.377434  -0.0264129  -0.0004232  -0.052488  -0.006033   0.000082   0.000082  0.0000060  0.0000129    0.000216    0.000102
2001   6   8  52068   0.236390   0.374918  -0.0259359  -0.0005073  -0.052507  -0.006143   0.000085   0.000086  0.0000176  0.0000169    0.000480    0.000211
2001   6   9  52069   0.237974   0.372632  -0.0254338  -0.0004948  -0.052564  -0.006087   0.000091   0.000093  0.0000381  0.0000191    0.000923    0.000339
2001   6  10  52070   0.239118   0.370247  -0.0250021  -0.0003974  -0.052627  -0.005952   0.000093   0.000097  0.0000258  0.0000354    0.000181    0.000093
2001   6  11  52071   0.240116   0.367596  -0.0246985  -0.0002440  -0.052740  -0.005912   0.000087   0.000093  0.0000063  0.0000203    0.000172    0.000089
2001   6  12  52072   0.241009   0.364779  -0.0245383  -0.0000912  -0.052891  -0.006075   0.000081   0.000086  0.0000061  0.0000102    0.000175    0.000093
2001   6  13  52073   0.241953   0.361810  -0.0245101   0.0000270  -0.053000  -0.006347   0.000080   0.000086  0.0000049  0.0000108    0.000183    0.000099
2001   6  14  52074   0.243210   0.358633  -0.0245771   0.0001035  -0.053128  -0.006356   0.000081   0.000108  0.0000039  0.0000142    0.000180    0.000078
2001   6  15  52075   0.244769   0.355487  -0.0247284   0.0001698  -0.053521  -0.006138   0.000084   0.000113  0.0000052  0.0000185    0.000176    0.000068
2001   6  16  52076   0.246215   0.352510  -0.0248901   0.0002103  -0.054315  -0.005882   0.000090   0.000098  0.0000120  0.0000377    0.000175    0.000066
2001   6  17  52077   0.247299   0.349702  -0.0250752   0.0002168  -0.055239  -0.005672   0.000094   0.000132  0.0000202  0.0000472    0.000494    0.000272
2001   6  18  52078   0.248160   0.346736  -0.0252680   0.0001690  -0.055771  -0.005534   0.000091   0.000199  0.0000167  0.0000251    0.000536    0.000327
2001   6  19  52079   0.248489   0.343786  -0.0254084   0.0000722  -0.055669  -0.005481   0.000108   0.000112  0.0000086  0.0000153    0.000398    0.000167
2001   6  20  52080   0.248293   0.340919  -0.0254337  -0.0000454  -0.055214  -0.005558   0.000104   0.000086  0.0000042  0.0000125    0.000243    0.000082
2001   6  21  52081   0.248217   0.337963  -0.0253462  -0.0001229  -0.054871  -0.005777   0.000082   0.000083  0.0000038  0.0000105    0.000210    0.000062
2001   6  22  52082   0.248402   0.335101  -0.0251831  -0.0001524  -0.054695  -0.005999   0.000080   0.000085  0.0000055  0.0000132    0.000205    0.000056
2001   6  23  52083   0.248660   0.332055  -0.0249835  -0.0001738  -0.054559  -0.006063   0.000087   0.000111  0.0000134  0.0000314    0.000204    0.000055
2001   6  24  52084   0.248929   0.329018  -0.0248508  -0.0000885  -0.054479  -0.005974   0.000090   0.000118  0.0000161  0.0000373    0.000300    0.000084
2001   6  25  52085   0.249452   0.325979  -0.0248966   0.0001056  -0.054585  -0.005884   0.000086   0.000093  0.0000035  0.0000181    0.000312    0.000090
2001   6  26  52086   0.250359   0.322821  -0.0251626   0.0003409  -0.054904  -0.005897   0.000102   0.000108  0.0000036  0.0000121    0.000292    0.000092
2001   6  27  52087   0.251276   0.319909  -0.0256231   0.0005546  -0.055212  -0.005940   0.000102   0.000104  0.0000041  0.0000110    0.000238    0.000103
2001   6  28  52088   0.251925   0.317177  -0.0262311   0.0006245  -0.054878  -0.005868   0.000081   0.000082  0.0000040  0.0000105    0.000193    0.000114
2001   6  29  52089   0.252349   0.314153  -0.0268169   0.0005764  -0.054373  -0.005744   0.000079   0.000082  0.0000054  0.0000132    0.000178    0.000117
2001   6  30  52090   0.252930   0.310914  -0.0273284   0.0004425  -0.054289  -0.005675   0.000086   0.000088  0.0000136  0.0000193    0.000176    0.000117
2001   7   1  52091   0.253745   0.307820  -0.0276904   0.0002304  -0.054725  -0.005677   0.000118   0.000093  0.0000196  0.0000200    0.000181    0.000062
2001   7   2  52092   0.253909   0.304604  -0.0278374   0.0000522  -0.055486  -0.005702   0.000184   0.000088  0.0000041  0.0000154    0.000182    0.000060
2001   7   3  52093   0.253761   0.301315  -0.0277857  -0.0001071  -0.056205  -0.005729   0.000105   0.000081  0.0000043  0.0000110    0.000183    0.000061
2001   7   4  52094   0.254141   0.298362  -0.0275936  -0.0002447  -0.056594  -0.005793   0.000079   0.000078  0.0000048  0.0000125    0.000182    0.000062
2001   7   5  52095   0.254237   0.295723  -0.0273161  -0.0003083  -0.056659  -0.005979   0.000079   0.000078  0.0000025  0.0000093    0.000103    0.000037
2001   7   6  52096   0.253813   0.292976  -0.0270017  -0.0003126  -0.056548  -0.006227   0.000104   0.000074  0.0000019  0.0000055    0.000067    0.000024
2001   7   7  52097   0.253491   0.290205  -0.0267091  -0.0002843  -0.056413  -0.006380   0.000196   0.000077  0.0000026  0.0000069    0.000066    0.000024
2001   7   8  52098   0.252695   0.287468  -0.0264843  -0.0002056  -0.056395  -0.006378   0.000212   0.000091  0.0000046  0.0000236    0.000074    0.000027
2001   7   9  52099   0.251737   0.284335  -0.0263548  -0.0000957  -0.056586  -0.006270   0.000104   0.000086  0.0000028  0.0000159    0.000255    0.000079
2001   7  10  52100   0.251732   0.280928  -0.0263021  -0.0000217  -0.056943  -0.006126   0.000076   0.000077  0.0000029  0.0000091    0.000240    0.000083
2001   7  11  52101   0.251900   0.277835  -0.0262967   0.0000223  -0.057295  -0.005987   0.000071   0.000072  0.0000035  0.0000091    0.000203    0.000091
2001   7  12  52102   0.251485   0.274909  -0.0263582   0.0000766  -0.057547  -0.005983   0.000072   0.000072  0.0000043  0.0000109    0.000188    0.000071
2001   7  13  52103   0.250906   0.271942  -0.0264524   0.0001327  -0.057818  -0.005943   0.000091   0.000073  0.0000064  0.0000155    0.000186    0.000061
2001   7  14  52104   0.250342   0.269057  -0.0265648   0.0001451  -0.058303  -0.005798   0.000104   0.000079  0.0000161  0.0000403    0.000187    0.000060
2001   7  15  52105   0.249392   0.265891  -0.0266622   0.0000918  -0.058934  -0.005635   0.000089   0.000090  0.0000306  0.0000524    0.000444    0.000122
2001   7  16  52106   0.248389   0.262513  -0.0266904  -0.0000154  -0.059391  -0.005501   0.000084   0.000114  0.0000085  0.0000263    0.000525    0.000138
2001   7  17  52107   0.247959   0.259244  -0.0266080  -0.0001581  -0.059509  -0.005441   0.000077   0.000107  0.0000060  0.0000128    0.000382    0.000120
2001   7  18  52108   0.247936   0.256068  -0.0263805  -0.0003130  -0.059492  -0.005536   0.000075   0.000105  0.0000038  0.0000114    0.000238    0.000084
2001   7  19  52109   0.247857   0.252924  -0.0260014  -0.0004375  -0.059617  -0.005678   0.000077   0.000101  0.0000036  0.0000109    0.000192    0.000062
2001   7  20  52110   0.247574   0.249844  -0.0255269  -0.0005226  -0.059665  -0.005794   0.000099   0.000084  0.0000053  0.0000139    0.000183    0.000055
2001   7  21  52111   0.247075   0.246764  -0.0249998  -0.0004954  -0.059358  -0.005774   0.000117   0.000088  0.0000120  0.0000306    0.000182    0.000055
2001   7  22  52112   0.246272   0.243698  -0.0245742  -0.0003120  -0.058852  -0.005611   0.000127   0.000090  0.0000191  0.0000219    0.000215    0.000067
2001   7  23  52113   0.245245   0.240818  -0.0243730  -0.0000891  -0.058561  -0.005506   0.000214   0.000084  0.0000209  0.0000182    0.000218    0.000068
2001   7  24  52114   0.244280   0.238186  -0.0244175   0.0001365  -0.058738  -0.005616   0.000195   0.000077  0.0000120  0.0000137    0.000222    0.000071
2001   7  25  52115   0.243571   0.235609  -0.0246301   0.0002418  -0.059332  -0.005840   0.000104   0.000076  0.0000061  0.0000128    0.000232    0.000080
2001   7  26  52116   0.242952   0.232870  -0.0248749   0.0002094  -0.060213  -0.005920   0.000078   0.000078  0.0000051  0.0000121    0.000221    0.000076
2001   7  27  52117   0.241970   0.230037  -0.0250359   0.0001231  -0.060830  -0.005896   0.000076   0.000081  0.0000072  0.0000149    0.000211    0.000070
2001   7  28  52118   0.240610   0.227082  -0.0250552  -0.0000303  -0.060882  -0.005900   0.000081   0.000088  0.0000178  0.0000347    0.000209    0.000069
2001   7  29  52119   0.238996   0.223987  -0.0249023  -0.0002434  -0.060551  -0.005944   0.000086   0.000093  0.0000406  0.0000404    0.000210    0.000070
2001   7  30  52120   0.237225   0.220909  -0.0245507  -0.0004682  -0.060197  -0.005980   0.000082   0.000092  0.0000319  0.0000205    0.000223    0.000101
2001   7  31  52121   0.235778   0.218120  -0.0240072  -0.0006170  -0.060083  -0.005997   0.000075   0.000108  0.0000082  0.0000146    0.000222    0.000099
2001   8   1  52122   0.234730   0.215801  -0.0233138  -0.0006962  -0.060285  -0.006030   0.000071   0.000096  0.0000037  0.0000119    0.000212    0.000091
2001   8   2  52123   0.233305   0.213730  -0.0225880  -0.0006866  -0.060719  -0.006064   0.000072   0.000078  0.0000035  0.0000116    0.000189    0.000075
2001   8   3  52124   0.230985   0.211599  -0.0220008  -0.0006292  -0.061045  -0.006051   0.000078   0.000102  0.0000051  0.0000167    0.000177    0.000068
2001   8   4  52125   0.228186   0.208902  -0.0213492  -0.0004859  -0.061080  -0.005902   0.000107   0.000195  0.0000131  0.0000217    0.000175    0.000067
2001   8   5  52126   0.225818   0.205935  -0.0209016  -0.0003125  -0.060897  -0.005640   0.000193   0.000145  0.0000171  0.0000232    0.000213    0.000097
2001   8   6  52127   0.223853   0.203347  -0.0206767  -0.0002027  -0.060696  -0.005439   0.000125   0.000104  0.0000045  0.0000323    0.000215    0.000099
2001   8   7  52128   0.221798   0.200973  -0.0206127  -0.0000471  -0.060656  -0.005430   0.000116   0.000091  0.0000044  0.0000210    0.000220    0.000092
2001   8   8  52129   0.219605   0.198797  -0.0206557   0.0001186  -0.060754  -0.005551   0.000106   0.000087  0.0000042  0.0000130    0.000231    0.000080
2001   8   9  52130   0.217067   0.196636  -0.0208187   0.0002270  -0.060737  -0.005660   0.000090   0.000089  0.0000044  0.0000113    0.000217    0.000091
2001   8  10  52131   0.214265   0.194286  -0.0211207   0.0002944  -0.060727  -0.005605   0.000118   0.000095  0.0000065  0.0000126    0.000205    0.000110
2001   8  11  52132   0.211189   0.191797  -0.0214911   0.0003801  -0.061001  -0.005460   0.000231   0.000128  0.0000139  0.0000153    0.000203    0.000116
2001   8  12  52133   0.208374   0.189004  -0.0218779   0.0003811  -0.061562  -0.005400   0.000305   0.000257  0.0000164  0.0000173    0.000367    0.000120
2001   8  13  52134   0.205953   0.186390  -0.0221917   0.0002809  -0.062087  -0.005481   0.000231   0.000253  0.0000054  0.0000220    0.000379    0.000116
2001   8  14  52135   0.203606   0.183905  -0.0223872   0.0001784  -0.062281  -0.005656   0.000115   0.000127  0.0000051  0.0000201    0.000281    0.000095
2001   8  15  52136   0.201125   0.181391  -0.0224697   0.0000537  -0.062179  -0.005864   0.000087   0.000094  0.0000043  0.0000128    0.000184    0.000067
2001   8  16  52137   0.198446   0.179191  -0.0225040   0.0000188  -0.061907  -0.005835   0.000087   0.000091  0.0000035  0.0000121    0.000165    0.000061
2001   8  17  52138   0.196000   0.177094  -0.0225516   0.0000853  -0.061562  -0.005679   0.000115   0.000096  0.0000048  0.0000181    0.000168    0.000061
2001   8  18  52139   0.193430   0.174866  -0.0227170   0.0002631  -0.061183  -0.005465   0.000237   0.000110  0.0000119  0.0000418    0.000169    0.000062
2001   8  19  52140   0.190949   0.172491  -0.0231297   0.0005268  -0.060952  -0.005202   0.000239   0.000153  0.0000159  0.0000477    0.000206    0.000074
2001   8  20  52141   0.188714   0.170440  -0.0238079   0.0007563  -0.061112  -0.005074   0.000116   0.000215  0.0000033  0.0000233    0.000211    0.000076
2001   8  21  52142   0.186365   0.168343  -0.0246848   0.0009270  -0.061653  -0.005218   0.000086   0.000118  0.0000034  0.0000122    0.000213    0.000076
2001   8  22  52143   0.183819   0.166118  -0.0256370   0.0009623  -0.062296  -0.005491   0.000081   0.000088  0.0000038  0.0000100    0.000218    0.000075
2001   8  23  52144   0.181125   0.164196  -0.0265552   0.0008647  -0.062688  -0.005587   0.000081   0.000087  0.0000036  0.0000100    0.000202    0.000065
2001   8  24  52145   0.178655   0.162318  -0.0273344   0.0006764  -0.062757  -0.005582   0.000084   0.000112  0.0000048  0.0000117    0.000191    0.000060
2001   8  25  52146   0.176431   0.160337  -0.0279011   0.0004476  -0.062576  -0.005679   0.000091   0.000131  0.0000105  0.0000183    0.000189    0.000059
2001   8  26  52147   0.174368   0.158284  -0.0282179   0.0002070  -0.062334  -0.005889   0.000093   0.000103  0.0000126  0.0000355    0.000186    0.000060
2001   8  27  52148   0.172386   0.156191  -0.0282885  -0.0000096  -0.062304  -0.006055   0.000086   0.000091  0.0000033  0.0000254    0.000184    0.000060
2001   8  28  52149   0.170480   0.154220  -0.0281852  -0.0001347  -0.062560  -0.006060   0.000077   0.000083  0.0000031  0.0000122    0.000173    0.000058
2001   8  29  52150   0.168383   0.152600  -0.0279954  -0.0002141  -0.062803  -0.005965   0.000072   0.000079  0.0000030  0.0000103    0.000153    0.000057
2001   8  30  52151   0.165979   0.151206  -0.0277828  -0.0002180  -0.062533  -0.005957   0.000074   0.000078  0.0000040  0.0000100    0.000156    0.000075
2001   8  31  52152   0.163275   0.150237  -0.0276224  -0.0000958  -0.061832  -0.005948   0.000078   0.000084  0.0000072  0.0000111    0.000167    0.000119
2001   9   1  52153   0.160225   0.149319  -0.0275234   0.0000136  -0.061126  -0.005773   0.000087   0.000093  0.0000179  0.0000139    0.000170    0.000144
2001   9   2  52154   0.157004   0.147927  -0.0275948   0.0001256  -0.060755  -0.005445   0.000094   0.000100  0.0000381  0.0000164    0.000646    0.000340
2001   9   3  52155   0.153851   0.146391  -0.0278582   0.0002874  -0.060864  -0.005146   0.000091   0.000100  0.0000232  0.0000175    0.000732    0.000298
2001   9   4  52156   0.150772   0.144948  -0.0282503   0.0004174  -0.061365  -0.005042   0.000105   0.000116  0.0000084  0.0000158    0.000384    0.000141
2001   9   5  52157   0.147558   0.143075  -0.0287087   0.0004983  -0.061892  -0.005087   0.000109   0.000112  0.0000040  0.0000132    0.000203    0.000071
2001   9   6  52158   0.144471   0.140948  -0.0292104   0.0005236  -0.061825  -0.005055   0.000109   0.000090  0.0000035  0.0000115    0.000182    0.000061
2001   9   7  52159   0.141777   0.139363  -0.0297015   0.0004554  -0.061784  -0.004881   0.000110   0.000113  0.0000051  0.0000135    0.000184    0.000059
2001   9   8  52160   0.139444   0.138009  -0.0301461   0.0003285  -0.062268  -0.004717   0.000092   0.000227  0.0000128  0.0000193    0.000184    0.000059
2001   9   9  52161   0.137170   0.136964  -0.0304556   0.0001972  -0.063009  -0.004744   0.000089   0.000285  0.0000131  0.0000256    0.000154    0.000053
2001   9  10  52162   0.134746   0.135859  -0.0305861   0.0000856  -0.063435  -0.004994   0.000080   0.000203  0.0000026  0.0000182    0.000152    0.000053
2001   9  11  52163   0.131955   0.134595  -0.0305754  -0.0000296  -0.063153  -0.005351   0.000074   0.000101  0.0000026  0.0000091    0.000154    0.000054
2001   9  12  52164   0.128831   0.133471  -0.0304967  -0.0001076  -0.062403  -0.005643   0.000073   0.000078  0.0000030  0.0000084    0.000163    0.000059
2001   9  13  52165   0.125719   0.132308  -0.0304005  -0.0000750  -0.062161  -0.005527   0.000074   0.000077  0.0000035  0.0000097    0.000191    0.000069
2001   9  14  52166   0.122437   0.131160  -0.0303976   0.0000629  -0.062461  -0.005288   0.000077   0.000080  0.0000053  0.0000114    0.000215    0.000075
2001   9  15  52167   0.118825   0.130079  -0.0305760   0.0003041  -0.062825  -0.005144   0.000086   0.000087  0.0000129  0.0000180    0.000221    0.000076
2001   9  16  52168   0.115089   0.129259  -0.0310355   0.0006113  -0.063006  -0.005045   0.000119   0.000095  0.0000254  0.0000366    0.000220    0.000077
2001   9  17  52169   0.111647   0.128417  -0.0317900   0.0008725  -0.062965  -0.005003   0.000192   0.000092  0.0000249  0.0000429    0.000187    0.000080
2001   9  18  52170   0.108230   0.127544  -0.0327242   0.0009705  -0.062732  -0.005026   0.000111   0.000086  0.0000092  0.0000276    0.000186    0.000079
2001   9  19  52171   0.104606   0.126750  -0.0336908   0.0009295  -0.062390  -0.004966   0.000082   0.000084  0.0000040  0.0000125    0.000181    0.000072
2001   9  20  52172   0.101155   0.126117  -0.0346063   0.0008243  -0.062153  -0.004666   0.000079   0.000083  0.0000032  0.0000084    0.000168    0.000060
2001   9  21  52173   0.097767   0.125628  -0.0353156   0.0006637  -0.062168  -0.004278   0.000083   0.000086  0.0000044  0.0000105    0.000161    0.000054
2001   9  22  52174   0.094426   0.125105  -0.0358691   0.0004651  -0.062323  -0.004144   0.000093   0.000098  0.0000110  0.0000287    0.000159    0.000053
2001   9  23  52175   0.091381   0.124401  -0.0362183   0.0002822  -0.062408  -0.004427   0.000103   0.000102  0.0000191  0.0000447    0.000295    0.000068
2001   9  24  52176   0.088516   0.123396  -0.0364086   0.0001446  -0.062362  -0.004943   0.000123   0.000093  0.0000056  0.0000338    0.000305    0.000069
2001   9  25  52177   0.085498   0.122230  -0.0365034   0.0000758  -0.062228  -0.005359   0.000104   0.000085  0.0000048  0.0000204    0.000259    0.000070
2001   9  26  52178   0.082282   0.121097  -0.0365693   0.0000839  -0.061966  -0.005451   0.000080   0.000079  0.0000035  0.0000110    0.000186    0.000073
2001   9  27  52179   0.078842   0.120096  -0.0366656   0.0001498  -0.061547  -0.005144   0.000076   0.000079  0.0000032  0.0000096    0.000170    0.000068
2001   9  28  52180   0.075277   0.119298  -0.0368718   0.0002402  -0.061163  -0.004720   0.000079   0.000082  0.0000046  0.0000129    0.000170    0.000064
2001   9  29  52181   0.071758   0.118798  -0.0372023   0.0003987  -0.061003  -0.004421   0.000103   0.000092  0.0000122  0.0000192    0.000170    0.000063
2001   9  30  52182   0.068609   0.118383  -0.0376663   0.0005573  -0.061022  -0.004283   0.000125   0.000124  0.0000155  0.0000203    0.000203    0.000070
2001  10   1  52183   0.065444   0.118009  -0.0382773   0.0006687  -0.060998  -0.004273   0.000096   0.000119  0.0000038  0.0000130    0.000205    0.000070
2001  10   2  52184   0.061650   0.117859  -0.0390312   0.0008224  -0.060774  -0.004346   0.000087   0.000092  0.0000039  0.0000082    0.000199    0.000071
2001  10   3  52185   0.057856   0.117729  -0.0398781   0.0008747  -0.060437  -0.004441   0.000086   0.000088  0.0000043  0.0000088    0.000181    0.000076
2001  10   4  52186   0.054762   0.117520  -0.0407636   0.0008940  -0.060281  -0.004505   0.000087   0.000089  0.0000049  0.0000097    0.000167    0.000076
2001  10   5  52187   0.052007   0.117620  -0.0416721   0.0008909  -0.060307  -0.004516   0.000092   0.000095  0.0000071  0.0000123    0.000162    0.000075
2001  10   6  52188   0.048960   0.117899  -0.0425358   0.0007807  -0.060395  -0.004493   0.000120   0.000104  0.0000153  0.0000198    0.000161    0.000074
2001  10   7  52189   0.045948   0.117974  -0.0432754   0.0006303  -0.060503  -0.004482   0.000113   0.000104  0.0000237  0.0000225    0.000162    0.000074
2001  10   8  52190   0.043011   0.117979  -0.0438498   0.0005241  -0.060620  -0.004494   0.000082   0.000125  0.0000232  0.0000357    0.000189    0.000078
2001  10   9  52191   0.039760   0.117991  -0.0443242   0.0004908  -0.060686  -0.004489   0.000074   0.000171  0.0000098  0.0000273    0.000191    0.000079
2001  10  10  52192   0.036045   0.117835  -0.0448051   0.0005322  -0.060615  -0.004410   0.000071   0.000100  0.0000054  0.0000136    0.000206    0.000085
2001  10  11  52193   0.031843   0.117478  -0.0453677   0.0006130  -0.060363  -0.004226   0.000070   0.000100  0.0000083  0.0000114    0.000293    0.000123
2001  10  12  52194   0.027358   0.117490  -0.0460604   0.0007562  -0.059898  -0.003961   0.000071   0.000170  0.0000252  0.0000158    0.000538    0.000243
2001  10  13  52195   0.023076   0.117748  -0.0469248   0.0010056  -0.059375  -0.003616   0.000076   0.000124  0.0000429  0.0000332    0.000741    0.000375
2001  10  14  52196   0.019363   0.117901  -0.0480555   0.0012906  -0.059068  -0.003257   0.000086   0.000098  0.0000404  0.0000425    0.000281    0.000100
2001  10  15  52197   0.015917   0.118438  -0.0494736   0.0014972  -0.059133  -0.003079   0.000085   0.000090  0.0000179  0.0000196    0.000266    0.000097
2001  10  16  52198   0.012729   0.119107  -0.0510717   0.0016069  -0.059493  -0.003225   0.000082   0.000083  0.0000078  0.0000096    0.000231    0.000101
2001  10  17  52199   0.009786   0.119631  -0.0526809   0.0015453  -0.059877  -0.003571   0.000101   0.000080  0.0000042  0.0000080    0.000179    0.000113
2001  10  18  52200   0.006654   0.120132  -0.0541481   0.0013624  -0.059783  -0.003908   0.000104   0.000082  0.0000044  0.0000072    0.000201    0.000106
2001  10  19  52201   0.003066   0.120677  -0.0553679   0.0010611  -0.059606  -0.003870   0.000086   0.000088  0.0000063  0.0000088    0.000277    0.000125
2001  10  20  52202  -0.000707   0.121255  -0.0563268   0.0007822  -0.059486  -0.003656   0.000090   0.000114  0.0000090  0.0000181    0.000320    0.000168
2001  10  21  52203  -0.004593   0.122038  -0.0570472   0.0006337  -0.059248  -0.003646   0.000090   0.000119  0.0000111  0.0000199    0.000312    0.000129
2001  10  22  52204  -0.008656   0.122977  -0.0576089   0.0005414  -0.058913  -0.003857   0.000080   0.000088  0.0000035  0.0000159    0.000235    0.000059
2001  10  23  52205  -0.012714   0.123852  -0.0581071   0.0005111  -0.058636  -0.004049   0.000072   0.000076  0.0000036  0.0000101    0.000236    0.000061
2001  10  24  52206  -0.016566   0.124837  -0.0586046   0.0005504  -0.058482  -0.004006   0.000069   0.000072  0.0000045  0.0000091    0.000233    0.000072
2001  10  25  52207  -0.020153   0.125898  -0.0591490   0.0006035  -0.058340  -0.003650   0.000071   0.000073  0.0000060  0.0000129    0.000211    0.000078
2001  10  26  52208  -0.023590   0.127122  -0.0598181   0.0007215  -0.058109  -0.003284   0.000073   0.000076  0.0000085  0.0000244    0.000198    0.000076
2001  10  27  52209  -0.027027   0.128347  -0.0606349   0.0008914  -0.057834  -0.003129   0.000081   0.000085  0.0000126  0.0000405    0.000195    0.000075
2001  10  28  52210  -0.030383   0.129334  -0.0616005   0.0010257  -0.057621  -0.003135   0.000109   0.000123  0.0000076  0.0000308    0.000068    0.000039
2001  10  29  52211  -0.033452   0.130454  -0.0626753   0.0010838  -0.057539  -0.003164   0.000100   0.000179  0.0000021  0.0000104    0.000067    0.000038
2001  10  30  52212  -0.036496   0.131585  -0.0637961   0.0011079  -0.057625  -0.003114   0.000073   0.000093  0.0000022  0.0000056    0.000073    0.000041
2001  10  31  52213  -0.039681   0.132680  -0.0649095   0.0011369  -0.057847  -0.002982   0.000070   0.000076  0.0000029  0.0000043    0.000116    0.000058
2001  11   1  52214  -0.043015   0.133874  -0.0659737   0.0010367  -0.057935  -0.002884   0.000074   0.000099  0.0000052  0.0000056    0.000225    0.000083
2001  11   2  52215  -0.046632   0.134988  -0.0669056   0.0008546  -0.058012  -0.002838   0.000075   0.000107  0.0000112  0.0000131    0.000250    0.000089
2001  11   3  52216  -0.050421   0.136060  -0.0676809   0.0006750  -0.058087  -0.002818   0.000081   0.000110  0.0000250  0.0000179    0.000251    0.000090
2001  11   4  52217  -0.053972   0.137091  -0.0683086   0.0005645  -0.058010  -0.002811   0.000085   0.000111  0.0000156  0.0000193    0.000217    0.000113
2001  11   5  52218  -0.056955   0.138137  -0.0688457   0.0005258  -0.057749  -0.002820   0.000080   0.000084  0.0000031  0.0000242    0.000213    0.000113
2001  11   6  52219  -0.059389   0.139493  -0.0693337   0.0004863  -0.057344  -0.002857   0.000078   0.000080  0.0000032  0.0000110    0.000202    0.000101
2001  11   7  52220  -0.061652   0.141128  -0.0698208   0.0004987  -0.056860  -0.002896   0.000101   0.000099  0.0000038  0.0000057    0.000178    0.000077
2001  11   8  52221  -0.063542   0.142945  -0.0704018   0.0006993  -0.056588  -0.002849   0.000167   0.000099  0.0000048  0.0000054    0.000167    0.000066
2001  11   9  52222  -0.065457   0.145202  -0.0712276   0.0009912  -0.056344  -0.002596   0.000112   0.000082  0.0000077  0.0000086    0.000166    0.000064
2001  11  10  52223  -0.067873   0.147727  -0.0723591   0.0012604  -0.056044  -0.002155   0.000113   0.000087  0.0000150  0.0000255    0.000166    0.000063
2001  11  11  52224  -0.069861   0.150161  -0.0737261   0.0014541  -0.055901  -0.001713   0.000185   0.000113  0.0000177  0.0000438    0.000329    0.000116
2001  11  12  52225  -0.071463   0.152755  -0.0752406   0.0015576  -0.056073  -0.001533   0.000112   0.000106  0.0000161  0.0000307    0.000345    0.000122
2001  11  13  52226  -0.073309   0.155314  -0.0768254   0.0015773  -0.056526  -0.001774   0.000083   0.000084  0.0000071  0.0000161    0.000272    0.000104
2001  11  14  52227  -0.075394   0.157452  -0.0783595   0.0014452  -0.057015  -0.002277   0.000079   0.000082  0.0000037  0.0000128    0.000185    0.000076
2001  11  15  52228  -0.077925   0.159292  -0.0796834   0.0011773  -0.057061  -0.002477   0.000076   0.000080  0.0000035  0.0000106    0.000174    0.000070
2001  11  16  52229  -0.080535   0.160969  -0.0807251   0.0009099  -0.056833  -0.002404   0.000076   0.000083  0.0000052  0.0000131    0.000181    0.000070
2001  11  17  52230  -0.082671   0.162832  -0.0815369   0.0007249  -0.056621  -0.002302   0.000082   0.000108  0.0000108  0.0000308    0.000183    0.000071
2001  11  18  52231  -0.084557   0.164713  -0.0821946   0.0006065  -0.056460  -0.002283   0.000085   0.000111  0.0000150  0.0000428    0.000183    0.000071
2001  11  19  52232  -0.086630   0.166638  -0.0827664   0.0005583  -0.056288  -0.002334   0.000078   0.000083  0.0000146  0.0000393    0.000184    0.000087
2001  11  20  52233  -0.089038   0.168741  -0.0833125   0.0005608  -0.056063  -0.002355   0.000070   0.000074  0.0000082  0.0000282    0.000184    0.000087
2001  11  21  52234  -0.091709   0.170848  -0.0838710   0.0005749  -0.055786  -0.002285   0.000068   0.000070  0.0000051  0.0000182    0.000184    0.000087
2001  11  22  52235  -0.094532   0.173192  -0.0844701   0.0006724  -0.055471  -0.002162   0.000088   0.000073  0.0000060  0.0000138    0.000184    0.000087
2001  11  23  52236  -0.097484   0.175806  -0.0851570   0.0007616  -0.055155  -0.002074   0.000099   0.000078  0.0000079  0.0000164    0.000184    0.000087
2001  11  24  52237  -0.100653   0.178340  -0.0859618   0.0008137  -0.054896  -0.002043   0.000085   0.000085  0.0000102  0.0000288    0.000197    0.000092
2001  11  25  52238  -0.103643   0.180803  -0.0868771   0.0009263  -0.054756  -0.002001   0.000092   0.000094  0.0000272  0.0000235    0.001758    0.000334
2001  11  26  52239  -0.106062   0.183319  -0.0878575   0.0009985  -0.054788  -0.001862   0.000117   0.000095  0.0000228  0.0000220    0.001236    0.000301
2001  11  27  52240  -0.108079   0.185748  -0.0888413   0.0009820  -0.055033  -0.001610   0.000109   0.000091  0.0000110  0.0000175    0.000528    0.000184
2001  11  28  52241  -0.110116   0.188170  -0.0897879   0.0009316  -0.055492  -0.001324   0.000086   0.000088  0.0000047  0.0000121    0.000260    0.000095
2001  11  29  52242  -0.112482   0.190535  -0.0907009   0.0008397  -0.056041  -0.001107   0.000103   0.000087  0.0000033  0.0000104    0.000203    0.000069
2001  11  30  52243  -0.115281   0.192988  -0.0914537   0.0007168  -0.056552  -0.001089   0.000113   0.000090  0.0000044  0.0000141    0.000190    0.000062
2001  12   1  52244  -0.118431   0.195793  -0.0921272   0.0005556  -0.056828  -0.001261   0.000099   0.000094  0.0000091  0.0000324    0.000187    0.000061
2001  12   2  52245  -0.121743   0.198323  -0.0926125   0.0003693  -0.056666  -0.001490   0.000132   0.000100  0.0000080  0.0000209    0.000136    0.000046
2001  12   3  52246  -0.124664   0.200406  -0.0929110   0.0002609  -0.056003  -0.001635   0.000206   0.000102  0.0000018  0.0000110    0.000134    0.000046
2001  12   4  52247  -0.127237   0.202683  -0.0931326   0.0002519  -0.054971  -0.001622   0.000113   0.000118  0.0000019  0.0000060    0.000142    0.000048
2001  12   5  52248  -0.129588   0.205488  -0.0934129   0.0003281  -0.053999  -0.001489   0.000087   0.000116  0.0000026  0.0000046    0.000175    0.000057
2001  12   6  52249  -0.131844   0.208740  -0.0938396   0.0005377  -0.054107  -0.001481   0.000088   0.000118  0.0000034  0.0000060    0.000204    0.000058
2001  12   7  52250  -0.134566   0.211929  -0.0944938   0.0007602  -0.054671  -0.001491   0.000090   0.000130  0.0000048  0.0000113    0.000203    0.000054
2001  12   8  52251  -0.137841   0.214632  -0.0953348   0.0009487  -0.054979  -0.001394   0.000099   0.000134  0.0000121  0.0000147    0.000202    0.000053
2001  12   9  52252  -0.141090   0.217077  -0.0963965   0.0011343  -0.055040  -0.001264   0.000128   0.000125  0.0000303  0.0000138    0.000429    0.000217
2001  12  10  52253  -0.143876   0.219827  -0.0975983   0.0012137  -0.055034  -0.001219   0.000106   0.000097  0.0000200  0.0000147    0.000436    0.000325
2001  12  11  52254  -0.146723   0.222787  -0.0987903   0.0011259  -0.055117  -0.001294   0.000085   0.000092  0.0000100  0.0000199    0.000300    0.000140
2001  12  12  52255  -0.149864   0.225557  -0.0998355   0.0009692  -0.055271  -0.001394   0.000085   0.000090  0.0000062  0.0000138    0.000182    0.000073
2001  12  13  52256  -0.152734   0.228098  -0.1006906   0.0007917  -0.055199  -0.001362   0.000086   0.000089  0.0000067  0.0000144    0.000169    0.000065
2001  12  14  52257  -0.155233   0.230713  -0.1013899   0.0005746  -0.054826  -0.001217   0.000089   0.000089  0.0000065  0.0000237    0.000201    0.000073
2001  12  15  52258  -0.157792   0.233431  -0.1018854   0.0003868  -0.054322  -0.001130   0.000117   0.000094  0.0000089  0.0000306    0.000204    0.000074
2001  12  16  52259  -0.160056   0.236072  -0.1022239   0.0003062  -0.053875  -0.001208   0.000204   0.000105  0.0000162  0.0000460    0.000204    0.000074
2001  12  17  52260  -0.162036   0.238800  -0.1025296   0.0003220  -0.053578  -0.001409   0.000123   0.000103  0.0000196  0.0000437    0.000143    0.000053
2001  12  18  52261  -0.163986   0.241732  -0.1028992   0.0004123  -0.053469  -0.001578   0.000091   0.000094  0.0000068  0.0000238    0.000142    0.000053
2001  12  19  52262  -0.165999   0.245057  -0.1033657   0.0005352  -0.053602  -0.001565   0.000083   0.000089  0.0000033  0.0000115    0.000148    0.000053
2001  12  20  52263  -0.167941   0.248583  -0.1039541   0.0006794  -0.054000  -0.001347   0.000080   0.000107  0.0000036  0.0000093    0.000168    0.000054
2001  12  21  52264  -0.169310   0.252021  -0.1047478   0.0009105  -0.054524  -0.001059   0.000085   0.000119  0.0000057  0.0000127    0.000188    0.000055
2001  12  22  52265  -0.170350   0.255569  -0.1057621   0.0010856  -0.054973  -0.000816   0.000098   0.000108  0.0000134  0.0000202    0.000193    0.000055
2001  12  23  52266  -0.171401   0.259145  -0.1069063   0.0011468  -0.055226  -0.000641   0.000142   0.000143  0.0000233  0.0000235    0.000194    0.000055
2001  12  24  52267  -0.172121   0.262713  -0.1080723   0.0011654  -0.055305  -0.000529   0.000275   0.000142  0.0000251  0.0000414    0.000193    0.000055
2001  12  25  52268  -0.172629   0.266636  -0.1092221   0.0011735  -0.055289  -0.000475   0.000267   0.000113  0.0000296  0.0000475    0.000153    0.000053
2001  12  26  52269  -0.173052   0.270742  -0.1103626   0.0011568  -0.055185  -0.000478   0.000144   0.000112  0.0000226  0.0000483    0.000153    0.000053
2001  12  27  52270  -0.173539   0.274883  -0.1114808   0.0010880  -0.054942  -0.000521   0.000114   0.000112  0.0000084  0.0000262    0.000153    0.000053
2001  12  28  52271  -0.174550   0.278803  -0.1125269   0.0009881  -0.054575  -0.000598   0.000146   0.000111  0.0000049  0.0000130    0.000153    0.000053
2001  12  29  52272  -0.175301   0.282557  -0.1134590   0.0008534  -0.054188  -0.000708   0.000241   0.000144  0.0000059  0.0000142    0.000153    0.000053
2001  12  30  52273  -0.175946   0.286702  -0.1142795   0.0007734  -0.053843  -0.000831   0.000149   0.000293  0.0000092  0.0000377    0.000153    0.000053
2001  12  31  52274  -0.176757   0.290599  -0.1150413   0.0007444  -0.053502  -0.000903   0.000107   0.000281  0.0000199  0.0000551    0.000153    0.000053
2002   1   1  52275  -0.177064   0.294220  -0.1158163   0.0007904  -0.053153  -0.000883   0.000098   0.000142  0.0000203  0.0000520    0.000183    0.000081
2002   1   2  52276  -0.177485   0.297892  -0.1166792   0.0009358  -0.052893  -0.000834   0.000092   0.000104  0.0000216  0.0000481    0.000185    0.000083
2002   1   3  52277  -0.178370   0.301085  -0.1177016   0.0011285  -0.052840  -0.000859   0.000089   0.000097  0.0000086  0.0000295    0.000185    0.000083
2002   1   4  52278  -0.179172   0.303883  -0.1189128   0.0012803  -0.052995  -0.000975   0.000111   0.000095  0.0000049  0.0000152    0.000185    0.000083
2002   1   5  52279  -0.179640   0.306653  -0.1202534   0.0013197  -0.053250  -0.001085   0.000126   0.000101  0.0000059  0.0000141    0.000185    0.000083
2002   1   6  52280  -0.180021   0.309732  -0.1216284   0.0013213  -0.053506  -0.001103   0.000101   0.000106  0.0000080  0.0000222    0.000194    0.000083
2002   1   7  52281  -0.180678   0.312904  -0.1229010   0.0012276  -0.053724  -0.001035   0.000094   0.000098  0.0000036  0.0000307    0.000322    0.000083
2002   1   8  52282  -0.181734   0.315695  -0.1239729   0.0009951  -0.053892  -0.000942   0.000089   0.000092  0.0000041  0.0000196    0.000323    0.000083
2002   1   9  52283  -0.182734   0.318441  -0.1248099   0.0007146  -0.053962  -0.000879   0.000087   0.000091  0.0000062  0.0000220    0.000318    0.000083
2002   1  10  52284  -0.183051   0.321419  -0.1254071   0.0004748  -0.053883  -0.000874   0.000088   0.000093  0.0000087  0.0000304    0.000173    0.000064
2002   1  11  52285  -0.182945   0.324468  -0.1258115   0.0002846  -0.053671  -0.000970   0.000092   0.000095  0.0000050  0.0000184    0.000162    0.000061
2002   1  12  52286  -0.182752   0.327671  -0.1259975   0.0001232  -0.053460  -0.001192   0.000102   0.000125  0.0000061  0.0000206    0.000162    0.000061
2002   1  13  52287  -0.182337   0.330740  -0.1260589   0.0000111  -0.053363  -0.001489   0.000109   0.000220  0.0000074  0.0000434    0.000168    0.000061
2002   1  14  52288  -0.181743   0.333800  -0.1260526  -0.0000297  -0.053354  -0.001720   0.000101   0.000130  0.0000023  0.0000199    0.000245    0.000061
2002   1  15  52289  -0.181302   0.337011  -0.1260618   0.0000209  -0.053313  -0.001760   0.000116   0.000094  0.0000026  0.0000098    0.000236    0.000061
2002   1  16  52290  -0.180689   0.339974  -0.1261415   0.0001356  -0.053188  -0.001618   0.000109   0.000087  0.0000032  0.0000090    0.000118    0.000046
2002   1  17  52291  -0.179875   0.343109  -0.1263097   0.0002399  -0.053165  -0.001466   0.000080   0.000078  0.0000024  0.0000080    0.000076    0.000034
2002   1  18  52292  -0.179301   0.346338  -0.1265956   0.0003537  -0.053378  -0.001454   0.000078   0.000078  0.0000029  0.0000080    0.000104    0.000045
2002   1  19  52293  -0.178808   0.349392  -0.1270267   0.0004766  -0.053514  -0.001515   0.000109   0.000092  0.0000045  0.0000126    0.000176    0.000068
2002   1  20  52294  -0.178385   0.352475  -0.1275594   0.0005656  -0.053347  -0.001538   0.000156   0.000115  0.0000070  0.0000350    0.000223    0.000079
2002   1  21  52295  -0.178118   0.355505  -0.1281348   0.0006118  -0.053034  -0.001491   0.000129   0.000127  0.0000028  0.0000405    0.000101    0.000057
2002   1  22  52296  -0.177697   0.358606  -0.1287263   0.0006058  -0.052894  -0.001408   0.000114   0.000116  0.0000021  0.0000145    0.000098    0.000056
2002   1  23  52297  -0.177050   0.362025  -0.1293155   0.0005840  -0.053089  -0.001320   0.000107   0.000108  0.0000024  0.0000075    0.000098    0.000056
2002   1  24  52298  -0.176474   0.365510  -0.1298553   0.0005105  -0.053521  -0.001230   0.000113   0.000111  0.0000033  0.0000085    0.000107    0.000057
2002   1  25  52299  -0.175780   0.368918  -0.1303024   0.0003692  -0.054012  -0.001184   0.000123   0.000119  0.0000046  0.0000118    0.000149    0.000059
2002   1  26  52300  -0.175070   0.372386  -0.1306467   0.0002880  -0.054471  -0.001304   0.000134   0.000155  0.0000058  0.0000128    0.000153    0.000059
2002   1  27  52301  -0.174377   0.375687  -0.1309620   0.0003256  -0.054777  -0.001658   0.000147   0.000285  0.0000074  0.0000229    0.000154    0.000059
2002   1  28  52302  -0.173598   0.378977  -0.1313464   0.0004682  -0.054673  -0.002093   0.000135   0.000177  0.0000025  0.0000174    0.000164    0.000056
2002   1  29  52303  -0.172956   0.382298  -0.1319082   0.0006945  -0.054048  -0.002322   0.000117   0.000125  0.0000026  0.0000099    0.000166    0.000059
2002   1  30  52304  -0.172210   0.385355  -0.1327462   0.0009867  -0.053206  -0.002223   0.000111   0.000114  0.0000035  0.0000090    0.000173    0.000068
2002   1  31  52305  -0.170840   0.388490  -0.1338988   0.0012573  -0.052529  -0.001932   0.000139   0.000118  0.0000056  0.0000135    0.000176    0.000068
2002   2   1  52306  -0.168995   0.391767  -0.1351979   0.0014172  -0.052279  -0.001682   0.000151   0.000154  0.0000074  0.0000183    0.000172    0.000053
2002   2   2  52307  -0.167491   0.394971  -0.1366146   0.0015001  -0.052463  -0.001548   0.000124   0.000170  0.0000094  0.0000181    0.000172    0.000053
2002   2   3  52308  -0.166523   0.398152  -0.1380709   0.0014488  -0.052876  -0.001468   0.000116   0.000125  0.0000115  0.0000274    0.000175    0.000054
2002   2   4  52309  -0.165584   0.401090  -0.1394723   0.0012631  -0.053294  -0.001424   0.000131   0.000106  0.0000034  0.0000328    0.000197    0.000061
2002   2   5  52310  -0.164413   0.403741  -0.1407173   0.0010888  -0.053567  -0.001459   0.000117   0.000097  0.0000039  0.0000207    0.000198    0.000062
2002   2   6  52311  -0.163268   0.406565  -0.1417261   0.0008842  -0.053650  -0.001572   0.000093   0.000092  0.0000056  0.0000202    0.000232    0.000073
2002   2   7  52312  -0.162285   0.409632  -0.1424742   0.0006649  -0.053619  -0.001708   0.000096   0.000094  0.0000080  0.0000164    0.000414    0.000147
2002   2   8  52313  -0.161222   0.412648  -0.1430195   0.0004989  -0.053535  -0.001846   0.000125   0.000094  0.0000049  0.0000117    0.000235    0.000086
2002   2   9  52314  -0.159792   0.415685  -0.1434416   0.0003780  -0.053311  -0.001987   0.000137   0.000099  0.0000055  0.0000146    0.000193    0.000070
2002   2  10  52315  -0.157933   0.419095  -0.1438302   0.0003625  -0.053018  -0.002125   0.000117   0.000114  0.0000076  0.0000350    0.000196    0.000071
2002   2  11  52316  -0.156041   0.422713  -0.1442665   0.0004620  -0.052847  -0.002203   0.000114   0.000113  0.0000035  0.0000219    0.000296    0.000104
2002   2  12  52317  -0.154467   0.425972  -0.1447950   0.0005929  -0.052874  -0.002171   0.000130   0.000101  0.0000037  0.0000131    0.000275    0.000096
2002   2  13  52318  -0.153318   0.428996  -0.1454294   0.0006884  -0.053009  -0.002076   0.000118   0.000096  0.0000050  0.0000130    0.000231    0.000081
2002   2  14  52319  -0.152526   0.431956  -0.1461384   0.0008040  -0.053013  -0.002011   0.000098   0.000097  0.0000068  0.0000179    0.000201    0.000067
2002   2  15  52320  -0.151516   0.434640  -0.1469818   0.0008711  -0.052860  -0.002055   0.000101   0.000102  0.0000049  0.0000156    0.000176    0.000055
2002   2  16  52321  -0.150133   0.437289  -0.1479099   0.0009429  -0.052665  -0.002177   0.000126   0.000130  0.0000059  0.0000172    0.000174    0.000055
2002   2  17  52322  -0.148478   0.439909  -0.1489326   0.0010656  -0.052486  -0.002276   0.000117   0.000129  0.0000092  0.0000252    0.000174    0.000055
2002   2  18  52323  -0.146768   0.442520  -0.1500076   0.0010992  -0.052390  -0.002323   0.000086   0.000092  0.0000206  0.0000247    0.000172    0.000053
2002   2  19  52324  -0.145291   0.445363  -0.1510546   0.0010177  -0.052462  -0.002383   0.000080   0.000081  0.0000058  0.0000146    0.000171    0.000053
2002   2  20  52325  -0.143715   0.448134  -0.1520193   0.0009194  -0.052639  -0.002498   0.000097   0.000078  0.0000034  0.0000085    0.000172    0.000053
2002   2  21  52326  -0.141943   0.451004  -0.1528821   0.0008354  -0.052733  -0.002620   0.000099   0.000078  0.0000044  0.0000094    0.000182    0.000057
2002   2  22  52327  -0.140294   0.454143  -0.1536658   0.0007172  -0.052736  -0.002703   0.000076   0.000078  0.0000070  0.0000133    0.000219    0.000075
2002   2  23  52328  -0.138570   0.457480  -0.1543627   0.0006414  -0.052905  -0.002843   0.000077   0.000098  0.0000092  0.0000170    0.000222    0.000076
2002   2  24  52329  -0.136538   0.460901  -0.1550485   0.0006863  -0.053339  -0.003190   0.000091   0.000210  0.0000083  0.0000231    0.000195    0.000068
2002   2  25  52330  -0.134077   0.463965  -0.1557975   0.0008348  -0.053647  -0.003660   0.000096   0.000236  0.0000019  0.0000114    0.000124    0.000045
2002   2  26  52331  -0.131111   0.467072  -0.1567243   0.0010638  -0.053363  -0.003905   0.000088   0.000118  0.0000021  0.0000061    0.000124    0.000045
2002   2  27  52332  -0.128409   0.470442  -0.1579386   0.0013650  -0.052573  -0.003708   0.000087   0.000093  0.0000033  0.0000069    0.000124    0.000045
2002   2  28  52333  -0.126061   0.473682  -0.1594181   0.0015785  -0.051828  -0.003271   0.000090   0.000094  0.0000074  0.0000163    0.000154    0.000058
2002   3   1  52334  -0.123447   0.476777  -0.1610191   0.0016468  -0.051509  -0.002969   0.000091   0.000095  0.0000056  0.0000145    0.000163    0.000062
2002   3   2  52335  -0.120742   0.479967  -0.1626675   0.0016432  -0.051572  -0.002920   0.000096   0.000120  0.0000067  0.0000142    0.000163    0.000062
2002   3   3  52336  -0.118571   0.483103  -0.1642536   0.0015167  -0.051812  -0.002974   0.000102   0.000137  0.0000076  0.0000229    0.000160    0.000058
2002   3   4  52337  -0.116702   0.486123  -0.1656537   0.0012594  -0.052093  -0.003028   0.000092   0.000098  0.0000021  0.0000163    0.000142    0.000044
2002   3   5  52338  -0.114519   0.489127  -0.1667984   0.0009889  -0.052340  -0.003130   0.000085   0.000084  0.0000022  0.0000096    0.000143    0.000046
2002   3   6  52339  -0.111839   0.491933  -0.1676989   0.0007967  -0.052509  -0.003314   0.000100   0.000079  0.0000023  0.0000083    0.000122    0.000047
2002   3   7  52340  -0.108758   0.494660  -0.1684212   0.0006685  -0.052564  -0.003477   0.000086   0.000072  0.0000018  0.0000059    0.000083    0.000033
2002   3   8  52341  -0.105601   0.497293  -0.1690326   0.0005661  -0.052401  -0.003510   0.000073   0.000074  0.0000022  0.0000062    0.000094    0.000036
2002   3   9  52342  -0.102340   0.499908  -0.1696101   0.0005181  -0.051986  -0.003541   0.000085   0.000107  0.0000037  0.0000104    0.000132    0.000048
2002   3  10  52343  -0.099249   0.502669  -0.1701735   0.0005568  -0.051475  -0.003652   0.000095   0.000127  0.0000048  0.0000195    0.000128    0.000047
2002   3  11  52344  -0.096926   0.505369  -0.1707757   0.0006712  -0.051161  -0.003730   0.000089   0.000097  0.0000013  0.0000102    0.000080    0.000032
2002   3  12  52345  -0.095070   0.507781  -0.1714953   0.0008112  -0.051228  -0.003615   0.000077   0.000082  0.0000014  0.0000057    0.000084    0.000034
2002   3  13  52346  -0.092853   0.510090  -0.1723699   0.0009413  -0.051539  -0.003303   0.000074   0.000078  0.0000020  0.0000055    0.000101    0.000046
2002   3  14  52347  -0.090261   0.512423  -0.1733650   0.0010062  -0.051652  -0.003047   0.000078   0.000084  0.0000039  0.0000085    0.000124    0.000062
2002   3  15  52348  -0.087664   0.514534  -0.1743518   0.0009624  -0.051490  -0.003036   0.000079   0.000115  0.0000058  0.0000117    0.000140    0.000056
2002   3  16  52349  -0.084912   0.516707  -0.1753088   0.0008949  -0.051303  -0.003219   0.000085   0.000226  0.0000066  0.0000156    0.000140    0.000056
2002   3  17  52350  -0.081885   0.518715  -0.1762190   0.0008652  -0.051217  -0.003425   0.000092   0.000305  0.0000076  0.0000312    0.000142    0.000056
2002   3  18  52351  -0.078728   0.520511  -0.1770576   0.0008269  -0.051215  -0.003549   0.000085   0.000215  0.0000022  0.0000132    0.000156    0.000058
2002   3  19  52352  -0.075652   0.522486  -0.1777797   0.0006932  -0.051260  -0.003627   0.000077   0.000104  0.0000025  0.0000074    0.000171    0.000064
2002   3  20  52353  -0.072571   0.524243  -0.1783632   0.0005251  -0.051288  -0.003733   0.000075   0.000080  0.0000036  0.0000087    0.000274    0.000101
2002   3  21  52354  -0.069288   0.525883  -0.1788363   0.0004212  -0.051252  -0.003881   0.000077   0.000078  0.0000070  0.0000150    0.000500    0.000152
2002   3  22  52355  -0.065821   0.527707  -0.1792368   0.0003494  -0.051139  -0.004015   0.000078   0.000079  0.0000047  0.0000109    0.000252    0.000073
2002   3  23  52356  -0.062320   0.529373  -0.1796223   0.0003801  -0.051137  -0.004168   0.000084   0.000086  0.0000051  0.0000116    0.000203    0.000059
2002   3  24  52357  -0.058832   0.530884  -0.1800781   0.0005020  -0.051345  -0.004440   0.000094   0.000098  0.0000065  0.0000203    0.000194    0.000057
2002   3  25  52358  -0.055211   0.532552  -0.1806811   0.0006814  -0.051472  -0.004799   0.000093   0.000097  0.0000026  0.0000218    0.000181    0.000057
2002   3  26  52359  -0.051458   0.534307  -0.1815188   0.0009883  -0.051120  -0.005006   0.000085   0.000089  0.0000028  0.0000119    0.000196    0.000062
2002   3  27  52360  -0.047947   0.536051  -0.1826638   0.0012981  -0.050383  -0.004868   0.000083   0.000087  0.0000040  0.0000103    0.000283    0.000092
2002   3  28  52361  -0.044937   0.537517  -0.1841057   0.0015220  -0.050125  -0.004534   0.000082   0.000086  0.0000041  0.0000101    0.000344    0.000101
2002   3  29  52362  -0.041794   0.538686  -0.1856539   0.0015575  -0.050287  -0.004294   0.000082   0.000088  0.0000053  0.0000131    0.000305    0.000086
2002   3  30  52363  -0.038224   0.539683  -0.1871397   0.0013787  -0.050416  -0.004222   0.000094   0.000099  0.0000097  0.0000224    0.000297    0.000083
2002   3  31  52364  -0.034538   0.540421  -0.1884308   0.0011502  -0.050352  -0.004193   0.000135   0.000106  0.0000124  0.0000261    0.000284    0.000079
2002   4   1  52365  -0.030802   0.541000  -0.1894760   0.0009451  -0.050188  -0.004167   0.000203   0.000100  0.0000159  0.0000356    0.000184    0.000053
2002   4   2  52366  -0.026971   0.541436  -0.1902698   0.0006924  -0.050097  -0.004285   0.000114   0.000092  0.0000051  0.0000171    0.000183    0.000053
2002   4   3  52367  -0.022969   0.542024  -0.1908553   0.0004846  -0.050203  -0.004614   0.000085   0.000087  0.0000026  0.0000111    0.000176    0.000054
2002   4   4  52368  -0.018834   0.543111  -0.1913217   0.0003971  -0.050553  -0.004980   0.000081   0.000084  0.0000026  0.0000100    0.000156    0.000059
2002   4   5  52369  -0.014947   0.544527  -0.1916731   0.0003913  -0.050903  -0.005085   0.000085   0.000087  0.0000030  0.0000091    0.000140    0.000057
2002   4   6  52370  -0.011626   0.545991  -0.1920822   0.0004552  -0.051240  -0.004932   0.000095   0.000099  0.0000041  0.0000120    0.000135    0.000055
2002   4   7  52371  -0.008799   0.547209  -0.1925670   0.0005378  -0.051395  -0.004714   0.000094   0.000100  0.0000055  0.0000322    0.000132    0.000053
2002   4   8  52372  -0.006175   0.548071  -0.1931442   0.0006179  -0.051162  -0.004562   0.000079   0.000085  0.0000023  0.0000208    0.000118    0.000046
2002   4   9  52373  -0.003807   0.548821  -0.1938358   0.0007369  -0.050597  -0.004462   0.000071   0.000076  0.0000022  0.0000097    0.000120    0.000047
2002   4  10  52374  -0.001844   0.549487  -0.1946507   0.0008503  -0.049958  -0.004335   0.000069   0.000071  0.0000024  0.0000075    0.000126    0.000049
2002   4  11  52375   0.000556   0.549885  -0.1955524   0.0009395  -0.049859  -0.004134   0.000069   0.000069  0.0000033  0.0000090    0.000136    0.000054
2002   4  12  52376   0.003678   0.550552  -0.1965073   0.0009994  -0.050242  -0.003976   0.000071   0.000071  0.0000042  0.0000111    0.000155    0.000064
2002   4  13  52377   0.006772   0.551478  -0.1974587   0.0009235  -0.050575  -0.003995   0.000092   0.000079  0.0000052  0.0000125    0.000157    0.000065
2002   4  14  52378   0.009872   0.552110  -0.1983279   0.0007770  -0.050605  -0.004171   0.000100   0.000108  0.0000067  0.0000186    0.000153    0.000057
2002   4  15  52379   0.012897   0.552765  -0.1990430   0.0006421  -0.050400  -0.004399   0.000076   0.000094  0.0000029  0.0000126    0.000135    0.000037
2002   4  16  52380   0.015642   0.553379  -0.1995639   0.0004461  -0.050181  -0.004616   0.000069   0.000074  0.0000033  0.0000075    0.000135    0.000037
2002   4  17  52381   0.018768   0.553843  -0.1999246   0.0002882  -0.050160  -0.004814   0.000069   0.000089  0.0000049  0.0000089    0.000135    0.000037
2002   4  18  52382   0.022133   0.554366  -0.2002050   0.0002318  -0.050325  -0.004983   0.000069   0.000093  0.0000079  0.0000220    0.000129    0.000060
2002   4  19  52383   0.025470   0.554763  -0.2004488   0.0002259  -0.050475  -0.005094   0.000071   0.000076  0.0000051  0.0000165    0.000127    0.000073
2002   4  20  52384   0.028928   0.555061  -0.2007045   0.0002247  -0.050451  -0.005152   0.000091   0.000079  0.0000061  0.0000142    0.000127    0.000073
2002   4  21  52385   0.032006   0.555180  -0.2010188   0.0003581  -0.050276  -0.005228   0.000098   0.000084  0.0000068  0.0000149    0.000124    0.000063
2002   4  22  52386   0.034803   0.555160  -0.2015113   0.0006325  -0.050044  -0.005358   0.000076   0.000079  0.0000019  0.0000136    0.000108    0.000038
2002   4  23  52387   0.037834   0.555050  -0.2022721   0.0009301  -0.049806  -0.005451   0.000086   0.000090  0.0000022  0.0000085    0.000108    0.000038
2002   4  24  52388   0.041187   0.554808  -0.2033139   0.0011809  -0.049649  -0.005387   0.000084   0.000088  0.0000033  0.0000096    0.000108    0.000038
2002   4  25  52389   0.044840   0.554700  -0.2045884   0.0013669  -0.049699  -0.005185   0.000069   0.000072  0.0000062  0.0000173    0.000134    0.000053
2002   4  26  52390   0.048660   0.554571  -0.2059908   0.0014265  -0.049975  -0.004989   0.000070   0.000072  0.0000040  0.0000099    0.000142    0.000059
2002   4  27  52391   0.052474   0.554116  -0.2073811   0.0013138  -0.050330  -0.004865   0.000088   0.000076  0.0000049  0.0000107    0.000142    0.000059
2002   4  28  52392   0.056187   0.553540  -0.2085851   0.0010380  -0.050634  -0.004766   0.000097   0.000077  0.0000064  0.0000262    0.000142    0.000060
2002   4  29  52393   0.059880   0.553095  -0.2094727   0.0007036  -0.050869  -0.004696   0.000094   0.000070  0.0000024  0.0000193    0.000138    0.000071
2002   4  30  52394   0.063467   0.552838  -0.2100194   0.0004416  -0.051038  -0.004785   0.000081   0.000065  0.0000027  0.0000095    0.000138    0.000071
2002   5   1  52395   0.066752   0.552768  -0.2103318   0.0002778  -0.051114  -0.005103   0.000064   0.000065  0.0000041  0.0000104    0.000138    0.000070
2002   5   2  52396   0.069951   0.552504  -0.2105638   0.0001880  -0.051088  -0.005466   0.000064   0.000067  0.0000070  0.0000210    0.000184    0.000065
2002   5   3  52397   0.073319   0.552208  -0.2107477   0.0001969  -0.050956  -0.005595   0.000066   0.000068  0.0000042  0.0000146    0.000200    0.000064
2002   5   4  52398   0.076840   0.552059  -0.2110313   0.0002875  -0.050666  -0.005407   0.000071   0.000071  0.0000050  0.0000163    0.000200    0.000064
2002   5   5  52399   0.080621   0.551949  -0.2114217   0.0004332  -0.050204  -0.005102   0.000093   0.000078  0.0000065  0.0000298    0.000194    0.000068
2002   5   6  52400   0.084615   0.551814  -0.2119453   0.0006249  -0.049763  -0.004932   0.000097   0.000098  0.0000024  0.0000155    0.000161    0.000160
2002   5   7  52401   0.088432   0.551440  -0.2126206   0.0007805  -0.049654  -0.004946   0.000095   0.000089  0.0000025  0.0000093    0.000149    0.000084
2002   5   8  52402   0.091444   0.550929  -0.2134455   0.0008825  -0.050007  -0.004983   0.000082   0.000067  0.0000024  0.0000073    0.000121    0.000045
2002   5   9  52403   0.094208   0.550142  -0.2143710   0.0009403  -0.050670  -0.004841   0.000063   0.000060  0.0000020  0.0000064    0.000105    0.000036
2002   5  10  52404   0.097693   0.549391  -0.2153372   0.0009937  -0.051108  -0.004693   0.000076   0.000065  0.0000029  0.0000061    0.000127    0.000045
2002   5  11  52405   0.101092   0.549091  -0.2163093   0.0009518  -0.051164  -0.004629   0.000098   0.000091  0.0000065  0.0000080    0.000169    0.000067
2002   5  12  52406   0.103884   0.548621  -0.2172292   0.0008436  -0.051020  -0.004683   0.000077   0.000094  0.0000104  0.0000118    0.000176    0.000074
2002   5  13  52407   0.106737   0.547834  -0.2180425   0.0007745  -0.050875  -0.004876   0.000067   0.000070  0.0000036  0.0000109    0.000145    0.000057
2002   5  14  52408   0.109629   0.546958  -0.2187393   0.0006606  -0.050857  -0.005186   0.000063   0.000064  0.0000039  0.0000104    0.000159    0.000063
2002   5  15  52409   0.112037   0.545811  -0.2193550   0.0005482  -0.051005  -0.005559   0.000061   0.000062  0.0000055  0.0000142    0.000225    0.000089
2002   5  16  52410   0.114118   0.544298  -0.2198839   0.0004868  -0.051210  -0.005746   0.000061   0.000062  0.0000053  0.0000174    0.000236    0.000096
2002   5  17  52411   0.116437   0.542653  -0.2203461   0.0004921  -0.051303  -0.005626   0.000061   0.000062  0.0000048  0.0000096    0.000196    0.000084
2002   5  18  52412   0.119078   0.541459  -0.2208580   0.0005810  -0.051200  -0.005456   0.000065   0.000066  0.0000061  0.0000107    0.000187    0.000082
2002   5  19  52413   0.121945   0.540705  -0.2215159   0.0007558  -0.050907  -0.005403   0.000070   0.000071  0.0000070  0.0000263    0.000170    0.000071
2002   5  20  52414   0.125188   0.540165  -0.2224277   0.0010012  -0.050591  -0.005429   0.000065   0.000065  0.0000019  0.0000196    0.000119    0.000043
2002   5  21  52415   0.128427   0.539677  -0.2236137   0.0012691  -0.050515  -0.005442   0.000059   0.000061  0.0000022  0.0000105    0.000119    0.000043
2002   5  22  52416   0.131128   0.539008  -0.2249894   0.0014231  -0.050827  -0.005366   0.000058   0.000074  0.0000033  0.0000121    0.000119    0.000043
2002   5  23  52417   0.133547   0.538167  -0.2264242   0.0014413  -0.051442  -0.005224   0.000059   0.000076  0.0000075  0.0000235    0.000184    0.000069
2002   5  24  52418   0.135912   0.537194  -0.2278055   0.0013235  -0.052081  -0.005097   0.000059   0.000061  0.0000067  0.0000140    0.000218    0.000084
2002   5  25  52419   0.138182   0.536235  -0.2290157   0.0010941  -0.052462  -0.005006   0.000063   0.000064  0.0000080  0.0000148    0.000218    0.000084
2002   5  26  52420   0.140445   0.535196  -0.2299419   0.0007845  -0.052497  -0.004915   0.000073   0.000075  0.0000120  0.0000320    0.000218    0.000084
2002   5  27  52421   0.143081   0.534018  -0.2305416   0.0004447  -0.052303  -0.004823   0.000095   0.000077  0.0000209  0.0000382    0.000138    0.000054
2002   5  28  52422   0.146156   0.532888  -0.2308590   0.0001993  -0.052075  -0.004822   0.000086   0.000072  0.0000053  0.0000234    0.000135    0.000053
2002   5  29  52423   0.149058   0.531678  -0.2309898   0.0000666  -0.051975  -0.004995   0.000066   0.000068  0.0000031  0.0000137    0.000135    0.000053
2002   5  30  52424   0.151825   0.530287  -0.2310352   0.0000248  -0.052066  -0.005288   0.000064   0.000067  0.0000039  0.0000139    0.000151    0.000057
2002   5  31  52425   0.154637   0.528796  -0.2310730   0.0000607  -0.052235  -0.005542   0.000065   0.000068  0.0000046  0.0000115    0.000242    0.000072
2002   6   1  52426   0.157240   0.527256  -0.2310996   0.0000849  -0.052277  -0.005639   0.000070   0.000073  0.0000057  0.0000106    0.000254    0.000074
2002   6   2  52427   0.159734   0.525522  -0.2312039   0.0001249  -0.052122  -0.005601   0.000076   0.000076  0.0000069  0.0000159    0.000233    0.000067
2002   6   3  52428   0.162366   0.523651  -0.2313978   0.0001944  -0.051917  -0.005507   0.000096   0.000068  0.0000020  0.0000161    0.000165    0.000047
2002   6   4  52429   0.165222   0.521882  -0.2316231   0.0002222  -0.051916  -0.005396   0.000139   0.000064  0.0000022  0.0000084    0.000180    0.000051
2002   6   5  52430   0.168255   0.520250  -0.2317979   0.0001614  -0.052276  -0.005267   0.000083   0.000078  0.0000038  0.0000091    0.000269    0.000077
2002   6   6  52431   0.171321   0.518687  -0.2319475   0.0000743  -0.052942  -0.005112   0.000064   0.000084  0.0000098  0.0000170    0.000378    0.000127
2002   6   7  52432   0.174446   0.517000  -0.2319592  -0.0000265  -0.053637  -0.004991   0.000064   0.000068  0.0000076  0.0000126    0.000235    0.000086
2002   6   8  52433   0.177536   0.515300  -0.2318930  -0.0001635  -0.054106  -0.004980   0.000067   0.000069  0.0000089  0.0000131    0.000230    0.000084
2002   6   9  52434   0.180611   0.513707  -0.2316902  -0.0003072  -0.054280  -0.005092   0.000071   0.000077  0.0000102  0.0000274    0.000195    0.000075
2002   6  10  52435   0.183519   0.512026  -0.2313066  -0.0004525  -0.054216  -0.005270   0.000067   0.000096  0.0000031  0.0000223    0.000117    0.000050
2002   6  11  52436   0.186031   0.510122  -0.2307466  -0.0005940  -0.054015  -0.005435   0.000062   0.000085  0.0000035  0.0000112    0.000118    0.000050
2002   6  12  52437   0.188363   0.508063  -0.2300745  -0.0006798  -0.053827  -0.005537   0.000061   0.000067  0.0000046  0.0000114    0.000131    0.000057
2002   6  13  52438   0.190720   0.505976  -0.2293829  -0.0006966  -0.053882  -0.005589   0.000062   0.000066  0.0000049  0.0000117    0.000208    0.000100
2002   6  14  52439   0.193145   0.504161  -0.2287152  -0.0006204  -0.054236  -0.005628   0.000079   0.000067  0.0000052  0.0000097    0.000271    0.000087
2002   6  15  52440   0.195819   0.502458  -0.2282307  -0.0004211  -0.054439  -0.005646   0.000090   0.000072  0.0000071  0.0000129    0.000347    0.000078
2002   6  16  52441   0.199044   0.500361  -0.2279784  -0.0001570  -0.054200  -0.005628   0.000079   0.000081  0.0000090  0.0000267    0.000298    0.000074
2002   6  17  52442   0.202238   0.498002  -0.2279432   0.0000832  -0.053677  -0.005557   0.000077   0.000080  0.0000028  0.0000195    0.000163    0.000059
2002   6  18  52443   0.204836   0.495590  -0.2280877   0.0002389  -0.053279  -0.005413   0.000071   0.000074  0.0000032  0.0000098    0.000178    0.000065
2002   6  19  52444   0.207370   0.493076  -0.2283585   0.0003221  -0.053395  -0.005203   0.000069   0.000073  0.0000048  0.0000098    0.000275    0.000101
2002   6  20  52445   0.210137   0.490787  -0.2286892   0.0003311  -0.054154  -0.004983   0.000069   0.000073  0.0000116  0.0000104    0.000406    0.000173
2002   6  21  52446   0.212538   0.488949  -0.2290087   0.0002717  -0.055196  -0.004836   0.000069   0.000073  0.0000089  0.0000110    0.000259    0.000107
2002   6  22  52447   0.214546   0.486977  -0.2292236   0.0001694  -0.055663  -0.004774   0.000073   0.000076  0.0000105  0.0000190    0.000221    0.000089
2002   6  23  52448   0.216535   0.484593  -0.2293101   0.0000255  -0.055387  -0.004775   0.000073   0.000077  0.0000114  0.0000324    0.000202    0.000081
2002   6  24  52449   0.218211   0.482103  -0.2292631  -0.0001025  -0.054964  -0.004819   0.000067   0.000070  0.0000026  0.0000212    0.000152    0.000060
2002   6  25  52450   0.219493   0.479459  -0.2291255  -0.0001661  -0.055013  -0.004920   0.000061   0.000064  0.0000027  0.0000102    0.000158    0.000060
2002   6  26  52451   0.220790   0.476563  -0.2289552  -0.0001506  -0.055563  -0.005134   0.000060   0.000065  0.0000032  0.0000082    0.000180    0.000061
2002   6  27  52452   0.222454   0.473478  -0.2288374  -0.0000933  -0.055603  -0.005459   0.000062   0.000083  0.0000045  0.0000110    0.000189    0.000065
2002   6  28  52453   0.224390   0.470370  -0.2287772  -0.0000117  -0.055103  -0.005757   0.000064   0.000088  0.0000051  0.0000155    0.000165    0.000081
2002   6  29  52454   0.225963   0.467494  -0.2288760   0.0000901  -0.054910  -0.005856   0.000067   0.000074  0.0000064  0.0000184    0.000164    0.000083
2002   6  30  52455   0.227117   0.464738  -0.2290430   0.0001774  -0.055334  -0.005746   0.000069   0.000075  0.0000083  0.0000248    0.000156    0.000069
2002   7   1  52456   0.228042   0.461862  -0.2292631   0.0002738  -0.056031  -0.005555   0.000066   0.000071  0.0000039  0.0000118    0.000122    0.000040
2002   7   2  52457   0.228789   0.458804  -0.2295759   0.0004106  -0.056481  -0.005401   0.000061   0.000064  0.0000028  0.0000078    0.000129    0.000043
2002   7   3  52458   0.229452   0.455818  -0.2300097   0.0004377  -0.056439  -0.005297   0.000059   0.000061  0.0000035  0.0000088    0.000164    0.000056
2002   7   4  52459   0.229905   0.452910  -0.2304438   0.0003943  -0.056283  -0.005156   0.000060   0.000063  0.0000073  0.0000160    0.000210    0.000076
2002   7   5  52460   0.230301   0.449890  -0.2308154   0.0003226  -0.056386  -0.004958   0.000064   0.000066  0.0000181  0.0000267    0.000224    0.000082
2002   7   6  52461   0.230752   0.446595  -0.2310519   0.0001728  -0.056803  -0.004780   0.000083   0.000072  0.0000271  0.0000173    0.000224    0.000082
2002   7   7  52462   0.231500   0.443040  -0.2311381   0.0000176  -0.057382  -0.004718   0.000090   0.000093  0.0000122  0.0000173    0.000193    0.000064
2002   7   8  52463   0.232351   0.439781  -0.2310879  -0.0000990  -0.057939  -0.004840   0.000088   0.000082  0.0000025  0.0000192    0.000194    0.000065
2002   7   9  52464   0.233021   0.436646  -0.2309208  -0.0002075  -0.058351  -0.005144   0.000076   0.000066  0.0000026  0.0000091    0.000207    0.000069
2002   7  10  52465   0.234007   0.433491  -0.2306692  -0.0002953  -0.058545  -0.005528   0.000062   0.000080  0.0000035  0.0000060    0.000256    0.000087
2002   7  11  52466   0.235368   0.430583  -0.2303924  -0.0002641  -0.058538  -0.005711   0.000076   0.000081  0.0000038  0.0000063    0.000230    0.000103
2002   7  12  52467   0.236771   0.427690  -0.2301960  -0.0001129  -0.058097  -0.005522   0.000077   0.000082  0.0000043  0.0000078    0.000184    0.000074
2002   7  13  52468   0.238060   0.424668  -0.2301947   0.0001111  -0.057557  -0.005256   0.000067   0.000091  0.0000061  0.0000109    0.000170    0.000063
2002   7  14  52469   0.239136   0.421593  -0.2304413   0.0003569  -0.057344  -0.005163   0.000087   0.000076  0.0000083  0.0000259    0.000166    0.000062
2002   7  15  52470   0.240189   0.418544  -0.2308968   0.0005343  -0.057539  -0.005236   0.000086   0.000073  0.0000035  0.0000300    0.000151    0.000061
2002   7  16  52471   0.241104   0.415717  -0.2314751   0.0005883  -0.057993  -0.005347   0.000067   0.000069  0.0000041  0.0000192    0.000151    0.000061
2002   7  17  52472   0.241846   0.413026  -0.2320552   0.0005286  -0.058487  -0.005379   0.000064   0.000069  0.0000062  0.0000186    0.000177    0.000072
2002   7  18  52473   0.242894   0.410553  -0.2325200   0.0004036  -0.058924  -0.005316   0.000066   0.000071  0.0000108  0.0000141    0.000404    0.000153
2002   7  19  52474   0.243860   0.408370  -0.2328057   0.0001668  -0.059303  -0.005170   0.000069   0.000075  0.0000066  0.0000127    0.000272    0.000096
2002   7  20  52475   0.244287   0.405882  -0.2328298  -0.0001428  -0.059559  -0.004953   0.000072   0.000096  0.0000078  0.0000190    0.000226    0.000079
2002   7  21  52476   0.244712   0.402942  -0.2325629  -0.0004060  -0.059679  -0.004734   0.000071   0.000093  0.0000090  0.0000340    0.000201    0.000081
2002   7  22  52477   0.245467   0.399944  -0.2320605  -0.0005719  -0.059734  -0.004662   0.000063   0.000069  0.0000027  0.0000226    0.000140    0.000179
2002   7  23  52478   0.246191   0.397167  -0.2314105  -0.0006647  -0.059814  -0.004866   0.000059   0.000062  0.0000030  0.0000132    0.000139    0.000176
2002   7  24  52479   0.246655   0.394333  -0.2306871  -0.0007170  -0.059920  -0.005307   0.000059   0.000063  0.0000035  0.0000113    0.000112    0.000097
2002   7  25  52480   0.246914   0.391314  -0.2299992  -0.0006607  -0.059781  -0.005617   0.000059   0.000080  0.0000026  0.0000068    0.000088    0.000063
2002   7  26  52481   0.246866   0.388145  -0.2294125  -0.0005100  -0.059197  -0.005467   0.000060   0.000085  0.0000036  0.0000049    0.000121    0.000078
2002   7  27  52482   0.246809   0.384580  -0.2289795  -0.0003707  -0.058616  -0.005136   0.000067   0.000072  0.0000071  0.0000063    0.000199    0.000101
2002   7  28  52483   0.247090   0.380781  -0.2286846  -0.0002438  -0.058505  -0.004953   0.000069   0.000071  0.0000110  0.0000195    0.000239    0.000100
2002   7  29  52484   0.247599   0.377054  -0.2284830  -0.0001591  -0.058952  -0.004982   0.000067   0.000069  0.0000047  0.0000259    0.000194    0.000069
2002   7  30  52485   0.248407   0.373483  -0.2283132  -0.0001722  -0.059739  -0.005110   0.000065   0.000068  0.0000054  0.0000135    0.000194    0.000069
2002   7  31  52486   0.249737   0.370112  -0.2281142  -0.0002214  -0.060556  -0.005174   0.000065   0.000085  0.0000082  0.0000142    0.000194    0.000069
2002   8   1  52487   0.251189   0.367053  -0.2278642  -0.0002803  -0.061192  -0.005110   0.000066   0.000086  0.0000115  0.0000268    0.000208    0.000094
2002   8   2  52488   0.252124   0.364419  -0.2275153  -0.0003681  -0.061556  -0.004973   0.000067   0.000070  0.0000065  0.0000219    0.000211    0.000103
2002   8   3  52489   0.252872   0.361813  -0.2271173  -0.0004686  -0.061589  -0.004853   0.000070   0.000087  0.0000077  0.0000240    0.000211    0.000103
2002   8   4  52490   0.253904   0.359185  -0.2265940  -0.0006042  -0.061377  -0.004831   0.000074   0.000096  0.0000094  0.0000375    0.000211    0.000096
2002   8   5  52491   0.254925   0.356574  -0.2259256  -0.0007063  -0.061199  -0.004964   0.000069   0.000073  0.0000030  0.0000253    0.000206    0.000069
2002   8   6  52492   0.255659   0.353579  -0.2251736  -0.0007354  -0.061348  -0.005262   0.000064   0.000067  0.0000030  0.0000136    0.000199    0.000069
2002   8   7  52493   0.256614   0.350441  -0.2244468  -0.0006586  -0.061738  -0.005625   0.000062   0.000064  0.0000036  0.0000094    0.000183    0.000068
2002   8   8  52494   0.257869   0.347660  -0.2238538  -0.0004854  -0.061614  -0.005752   0.000063   0.000066  0.0000052  0.0000111    0.000191    0.000073
2002   8   9  52495   0.258967   0.345058  -0.2235121  -0.0002180  -0.060969  -0.005550   0.000066   0.000071  0.0000077  0.0000127    0.000295    0.000094
2002   8  10  52496   0.259850   0.342491  -0.2235028   0.0000832  -0.060584  -0.005225   0.000070   0.000090  0.0000100  0.0000140    0.000309    0.000096
2002   8  11  52497   0.260350   0.339948  -0.2237848   0.0003585  -0.060907  -0.005028   0.000072   0.000099  0.0000108  0.0000295    0.000279    0.000092
2002   8  12  52498   0.260429   0.337077  -0.2242593   0.0005506  -0.061726  -0.005047   0.000068   0.000097  0.0000028  0.0000263    0.000186    0.000072
2002   8  13  52499   0.260559   0.333972  -0.2248106   0.0005800  -0.062458  -0.005165   0.000064   0.000085  0.0000031  0.0000156    0.000186    0.000073
2002   8  14  52500   0.260794   0.331086  -0.2253264   0.0004765  -0.062687  -0.005224   0.000064   0.000068  0.0000045  0.0000172    0.000216    0.000084
2002   8  15  52501   0.260722   0.328404  -0.2257004   0.0002701  -0.062646  -0.005206   0.000065   0.000068  0.0000104  0.0000162    0.000369    0.000147
2002   8  16  52502   0.260495   0.325801  -0.2258750   0.0000084  -0.062804  -0.005195   0.000067   0.000069  0.0000090  0.0000081    0.000227    0.000094
2002   8  17  52503   0.260211   0.323216  -0.2258207  -0.0001942  -0.063020  -0.005197   0.000083   0.000087  0.0000098  0.0000090    0.000189    0.000078
2002   8  18  52504   0.259697   0.320512  -0.2255800  -0.0003090  -0.063070  -0.005201   0.000089   0.000088  0.0000115  0.0000235    0.000181    0.000077
2002   8  19  52505   0.259068   0.317754  -0.2252109  -0.0003785  -0.062924  -0.005232   0.000086   0.000065  0.0000053  0.0000203    0.000170    0.000091
2002   8  20  52506   0.258409   0.314901  -0.2247943  -0.0003804  -0.062673  -0.005326   0.000072   0.000059  0.0000061  0.0000103    0.000170    0.000091
2002   8  21  52507   0.257765   0.311934  -0.2244434  -0.0002707  -0.062504  -0.005470   0.000057   0.000058  0.0000095  0.0000108    0.000170    0.000091
2002   8  22  52508   0.257164   0.308890  -0.2242837  -0.0000913  -0.062502  -0.005532   0.000057   0.000058  0.0000111  0.0000167    0.000185    0.000081
2002   8  23  52509   0.256674   0.305637  -0.2242726   0.0000577  -0.062595  -0.005365   0.000058   0.000060  0.0000058  0.0000098    0.000189    0.000080
2002   8  24  52510   0.256235   0.302304  -0.2243457   0.0001667  -0.062632  -0.004962   0.000064   0.000065  0.0000061  0.0000104    0.000194    0.000082
2002   8  25  52511   0.255504   0.298927  -0.2245372   0.0002302  -0.062574  -0.004570   0.000090   0.000073  0.0000105  0.0000242    0.000513    0.000168
2002   8  26  52512   0.254842   0.295441  -0.2248255   0.0002843  -0.062490  -0.004478   0.000142   0.000070  0.0000042  0.0000191    0.000342    0.000112
2002   8  27  52513   0.254517   0.291937  -0.2251559   0.0003221  -0.062422  -0.004681   0.000081   0.000064  0.0000025  0.0000106    0.000176    0.000061
2002   8  28  52514   0.254533   0.288661  -0.2254898   0.0002899  -0.062300  -0.004798   0.000062   0.000063  0.0000032  0.0000121    0.000186    0.000065
2002   8  29  52515   0.254529   0.285710  -0.2257215   0.0001798  -0.062372  -0.004740   0.000064   0.000067  0.0000067  0.0000185    0.000414    0.000159
2002   8  30  52516   0.254092   0.282575  -0.2258330   0.0000378  -0.062859  -0.004662   0.000083   0.000088  0.0000056  0.0000102    0.000248    0.000099
2002   8  31  52517   0.253516   0.279426  -0.2257944  -0.0000738  -0.063586  -0.004735   0.000094   0.000154  0.0000063  0.0000109    0.000203    0.000081
2002   9   1  52518   0.252754   0.276314  -0.2256559  -0.0001587  -0.064042  -0.004924   0.000079   0.000101  0.0000093  0.0000259    0.000227    0.000091
2002   9   2  52519   0.251537   0.273090  -0.2254461  -0.0002298  -0.063877  -0.005082   0.000094   0.000072  0.0000144  0.0000277    0.000535    0.000244
2002   9   3  52520   0.250052   0.269947  -0.2252013  -0.0002502  -0.063264  -0.005156   0.000085   0.000067  0.0000052  0.0000172    0.000226    0.000105
2002   9   4  52521   0.248992   0.266859  -0.2249979  -0.0001271  -0.062687  -0.005177   0.000065   0.000067  0.0000030  0.0000095    0.000128    0.000060
2002   9   5  52522   0.248292   0.263827  -0.2249482   0.0000831  -0.062481  -0.005110   0.000062   0.000085  0.0000040  0.0000096    0.000170    0.000073
2002   9   6  52523   0.247440   0.260889  -0.2251731   0.0003624  -0.062556  -0.004940   0.000064   0.000147  0.0000067  0.0000128    0.000226    0.000068
2002   9   7  52524   0.246173   0.258236  -0.2256918   0.0006704  -0.062742  -0.004735   0.000069   0.000103  0.0000083  0.0000173    0.000205    0.000059
2002   9   8  52525   0.244581   0.255916  -0.2265354   0.0009291  -0.062977  -0.004647   0.000072   0.000077  0.0000169  0.0000323    0.000573    0.000179
2002   9   9  52526   0.242755   0.253462  -0.2275706   0.0010352  -0.063182  -0.004746   0.000065   0.000067  0.0000090  0.0000232    0.000266    0.000109
2002   9  10  52527   0.240953   0.250758  -0.2285929   0.0009420  -0.063310  -0.004897   0.000059   0.000061  0.0000052  0.0000118    0.000130    0.000053
2002   9  11  52528   0.239268   0.248266  -0.2294293   0.0007051  -0.063441  -0.004925   0.000057   0.000059  0.0000070  0.0000121    0.000139    0.000056
2002   9  12  52529   0.237476   0.245758  -0.2299956   0.0004441  -0.063481  -0.004861   0.000056   0.000059  0.0000110  0.0000203    0.000333    0.000121
2002   9  13  52530   0.235750   0.242996  -0.2303010   0.0002329  -0.063269  -0.004871   0.000057   0.000060  0.0000070  0.0000159    0.000215    0.000092
2002   9  14  52531   0.234160   0.239934  -0.2304289   0.0000600  -0.063038  -0.004930   0.000063   0.000067  0.0000081  0.0000179    0.000178    0.000079
2002   9  15  52532   0.232833   0.237015  -0.2304452  -0.0000335  -0.063034  -0.004952   0.000067   0.000090  0.0000086  0.0000309    0.000168    0.000071
2002   9  16  52533   0.231664   0.234798  -0.2304105  -0.0000381  -0.063223  -0.004933   0.000062   0.000078  0.0000021  0.0000171    0.000145    0.000052
2002   9  17  52534   0.230098   0.232930  -0.2303807  -0.0000052  -0.063360  -0.004935   0.000056   0.000059  0.0000022  0.0000081    0.000145    0.000054
2002   9  18  52535   0.227910   0.231150  -0.2304077   0.0000752  -0.063237  -0.004974   0.000054   0.000056  0.0000029  0.0000068    0.000145    0.000067
2002   9  19  52536   0.225306   0.229418  -0.2305348   0.0001890  -0.062995  -0.004909   0.000054   0.000056  0.0000054  0.0000095    0.000144    0.000082
2002   9  20  52537   0.222349   0.227469  -0.2307663   0.0002859  -0.062702  -0.004669   0.000057   0.000058  0.0000071  0.0000142    0.000140    0.000089
2002   9  21  52538   0.219408   0.225201  -0.2310745   0.0003606  -0.062316  -0.004359   0.000061   0.000065  0.0000079  0.0000175    0.000140    0.000089
2002   9  22  52539   0.216737   0.222972  -0.2314838   0.0004284  -0.061939  -0.004139   0.000065   0.000087  0.0000084  0.0000297    0.000138    0.000071
2002   9  23  52540   0.214343   0.220657  -0.2319547   0.0004553  -0.061759  -0.004082   0.000061   0.000077  0.0000022  0.0000163    0.000124    0.000039
2002   9  24  52541   0.212245   0.218137  -0.2324052   0.0004189  -0.061861  -0.004110   0.000056   0.000059  0.0000025  0.0000080    0.000124    0.000038
2002   9  25  52542   0.210448   0.215716  -0.2327569   0.0003126  -0.062130  -0.004108   0.000054   0.000056  0.0000027  0.0000075    0.000102    0.000034
2002   9  26  52543   0.208719   0.213341  -0.2329954   0.0001679  -0.062219  -0.004151   0.000052   0.000054  0.0000018  0.0000058    0.000083    0.000029
2002   9  27  52544   0.206776   0.211079  -0.2331238   0.0000943  -0.061946  -0.004405   0.000053   0.000055  0.0000026  0.0000047    0.000107    0.000040
2002   9  28  52545   0.204725   0.208721  -0.2331879  -0.0000166  -0.061756  -0.004760   0.000060   0.000063  0.0000059  0.0000059    0.000147    0.000065
2002   9  29  52546   0.202659   0.206152  -0.2331110  -0.0001230  -0.061803  -0.004992   0.000066   0.000069  0.0000088  0.0000097    0.000157    0.000078
2002   9  30  52547   0.200550   0.203450  -0.2329257  -0.0001394  -0.061848  -0.004942   0.000064   0.000066  0.0000026  0.0000131    0.000128    0.000072
2002  10   1  52548   0.198453   0.200773  -0.2327839  -0.0000576  -0.061739  -0.004629   0.000059   0.000061  0.0000031  0.0000135    0.000128    0.000072
2002  10   2  52549   0.196527   0.198351  -0.2328016   0.0001062  -0.061500  -0.004256   0.000058   0.000061  0.0000049  0.0000156    0.000128    0.000071
2002  10   3  52550   0.194634   0.195906  -0.2329950   0.0003259  -0.061211  -0.003967   0.000058   0.000080  0.0000054  0.0000179    0.000140    0.000064
2002  10   4  52551   0.192473   0.193693  -0.2334691   0.0006165  -0.060960  -0.003728   0.000058   0.000152  0.0000031  0.0000093    0.000142    0.000063
2002  10   5  52552   0.189850   0.191603  -0.2342784   0.0009280  -0.060918  -0.003499   0.000063   0.000168  0.0000038  0.0000099    0.000142    0.000063
2002  10   6  52553   0.187252   0.189515  -0.2353281   0.0011235  -0.061172  -0.003410   0.000067   0.000093  0.0000052  0.0000234    0.000143    0.000059
2002  10   7  52554   0.184955   0.187451  -0.2364612   0.0011471  -0.061514  -0.003579   0.000063   0.000067  0.0000023  0.0000201    0.000146    0.000044
2002  10   8  52555   0.182452   0.185245  -0.2375289   0.0010040  -0.061652  -0.003858   0.000058   0.000060  0.0000024  0.0000101    0.000152    0.000047
2002  10   9  52556   0.180006   0.183002  -0.2384156   0.0007499  -0.061577  -0.003969   0.000057   0.000058  0.0000036  0.0000099    0.000183    0.000060
2002  10  10  52557   0.177910   0.180947  -0.2390338   0.0004568  -0.061443  -0.003861   0.000058   0.000060  0.0000066  0.0000091    0.000249    0.000079
2002  10  11  52558   0.175511   0.179128  -0.2393784   0.0002297  -0.061326  -0.003741   0.000060   0.000063  0.0000066  0.0000079    0.000223    0.000085
2002  10  12  52559   0.173031   0.177146  -0.2395506   0.0001248  -0.061175  -0.003837   0.000066   0.000083  0.0000078  0.0000108    0.000195    0.000087
2002  10  13  52560   0.170896   0.175323  -0.2396794   0.0001354  -0.061013  -0.004049   0.000091   0.000181  0.0000087  0.0000259    0.000178    0.000083
2002  10  14  52561   0.168480   0.173666  -0.2398571   0.0002235  -0.060967  -0.004136   0.000101   0.000202  0.0000023  0.0000225    0.000132    0.000065
2002  10  15  52562   0.165793   0.171893  -0.2401361   0.0003394  -0.061058  -0.004031   0.000081   0.000100  0.0000024  0.0000120    0.000136    0.000066
2002  10  16  52563   0.163405   0.170371  -0.2405364   0.0004324  -0.061108  -0.003839   0.000095   0.000074  0.0000032  0.0000088    0.000141    0.000067
2002  10  17  52564   0.161145   0.169124  -0.2410304   0.0006109  -0.060731  -0.003745   0.000095   0.000070  0.0000030  0.0000080    0.000119    0.000055
2002  10  18  52565   0.158300   0.168048  -0.2417010   0.0007354  -0.060390  -0.003646   0.000096   0.000070  0.0000024  0.0000073    0.000113    0.000052
2002  10  19  52566   0.154535   0.166970  -0.2424363   0.0007435  -0.060163  -0.003436   0.000100   0.000089  0.0000020  0.0000068    0.000110    0.000040
2002  10  20  52567   0.150353   0.165638  -0.2432027   0.0007552  -0.060022  -0.003142   0.000081   0.000099  0.0000019  0.0000060    0.000098    0.000033
2002  10  21  52568   0.146543   0.164222  -0.2439528   0.0007299  -0.060033  -0.002937   0.000073   0.000096  0.0000017  0.0000055    0.000096    0.000031
2002  10  22  52569   0.143158   0.162903  -0.2446790   0.0007075  -0.059953  -0.002987   0.000068   0.000083  0.0000021  0.0000058    0.000103    0.000035
2002  10  23  52570   0.139910   0.161600  -0.2453542   0.0006253  -0.059763  -0.003177   0.000067   0.000066  0.0000021  0.0000059    0.000102    0.000039
2002  10  24  52571   0.136587   0.160244  -0.2459232   0.0004898  -0.059793  -0.003347   0.000069   0.000067  0.0000020  0.0000062    0.000100    0.000038
2002  10  25  52572   0.132999   0.158649  -0.2463341   0.0003546  -0.059802  -0.003483   0.000072   0.000070  0.0000023  0.0000071    0.000111    0.000047
2002  10  26  52573   0.129390   0.156945  -0.2466388   0.0002457  -0.059712  -0.003659   0.000077   0.000075  0.0000026  0.0000077    0.000133    0.000055
2002  10  27  52574   0.125802   0.155517  -0.2468527   0.0001941  -0.059595  -0.003746   0.000081   0.000081  0.0000024  0.0000073    0.000147    0.000052
2002  10  28  52575   0.122239   0.154242  -0.2470548   0.0001830  -0.059381  -0.003667   0.000074   0.000097  0.0000023  0.0000069    0.000136    0.000051
2002  10  29  52576   0.118832   0.153131  -0.2472058   0.0002305  -0.058950  -0.003449   0.000068   0.000083  0.0000021  0.0000063    0.000111    0.000041
2002  10  30  52577   0.115343   0.152381  -0.2475300   0.0004254  -0.058564  -0.003217   0.000067   0.000065  0.0000021  0.0000057    0.000113    0.000039
2002  10  31  52578   0.111544   0.151759  -0.2480915   0.0007111  -0.058371  -0.002966   0.000068   0.000064  0.0000022  0.0000057    0.000124    0.000041
2002  11   1  52579   0.107527   0.150984  -0.2489250   0.0009794  -0.058134  -0.002648   0.000070   0.000068  0.0000025  0.0000064    0.000143    0.000053
2002  11   2  52580   0.103508   0.150258  -0.2500198   0.0011929  -0.058092  -0.002274   0.000079   0.000080  0.0000030  0.0000097    0.000162    0.000068
2002  11   3  52581   0.099855   0.149637  -0.2512626   0.0012742  -0.058424  -0.002013   0.000085   0.000117  0.0000030  0.0000255    0.000163    0.000077
2002  11   4  52582   0.096418   0.149183  -0.2524989   0.0011724  -0.058855  -0.002077   0.000077   0.000168  0.0000026  0.0000198    0.000146    0.000137
2002  11   5  52583   0.092704   0.148562  -0.2535820   0.0009439  -0.058963  -0.002430   0.000070   0.000091  0.0000028  0.0000098    0.000151    0.000111
2002  11   6  52584   0.088759   0.147811  -0.2544215   0.0006971  -0.058617  -0.002757   0.000070   0.000069  0.0000038  0.0000096    0.000171    0.000081
2002  11   7  52585   0.084725   0.147150  -0.2549833   0.0004539  -0.058060  -0.002702   0.000092   0.000068  0.0000047  0.0000092    0.000180    0.000084
2002  11   8  52586   0.080651   0.146372  -0.2553350   0.0002695  -0.057998  -0.002438   0.000176   0.000070  0.0000045  0.0000095    0.000155    0.000093
2002  11   9  52587   0.076637   0.145696  -0.2555471   0.0001449  -0.058176  -0.002358   0.000197   0.000077  0.0000055  0.0000157    0.000142    0.000091
2002  11  10  52588   0.072770   0.145136  -0.2556671   0.0000905  -0.058219  -0.002493   0.000106   0.000083  0.0000074  0.0000286    0.000145    0.000084
2002  11  11  52589   0.069175   0.144767  -0.2557684   0.0001319  -0.058178  -0.002604   0.000074   0.000078  0.0000057  0.0000148    0.000193    0.000061
2002  11  12  52590   0.065893   0.144476  -0.2559476   0.0002455  -0.058119  -0.002552   0.000066   0.000089  0.0000042  0.0000102    0.000207    0.000066
2002  11  13  52591   0.062952   0.144122  -0.2562578   0.0004404  -0.058032  -0.002404   0.000064   0.000084  0.0000051  0.0000095    0.000279    0.000092
2002  11  14  52592   0.059955   0.143993  -0.2567548   0.0005586  -0.058047  -0.002272   0.000066   0.000067  0.0000076  0.0000098    0.000344    0.000109
2002  11  15  52593   0.056430   0.143921  -0.2573498   0.0006052  -0.058060  -0.002165   0.000087   0.000067  0.0000051  0.0000094    0.000281    0.000094
2002  11  16  52594   0.053037   0.143927  -0.2579917   0.0006470  -0.057938  -0.002001   0.000173   0.000071  0.0000059  0.0000122    0.000254    0.000089
2002  11  17  52595   0.049738   0.143921  -0.2586459   0.0006469  -0.057694  -0.001778   0.000182   0.000080  0.0000080  0.0000248    0.000201    0.000075
2002  11  18  52596   0.046258   0.143412  -0.2592559   0.0005852  -0.057453  -0.001612   0.000090   0.000099  0.0000043  0.0000103    0.000119    0.000047
2002  11  19  52597   0.042694   0.142849  -0.2597629   0.0004562  -0.057391  -0.001604   0.000065   0.000082  0.0000029  0.0000072    0.000125    0.000049
2002  11  20  52598   0.038992   0.142330  -0.2601444   0.0002946  -0.057522  -0.001732   0.000061   0.000064  0.0000034  0.0000064    0.000163    0.000061
2002  11  21  52599   0.035580   0.141874  -0.2603971   0.0002061  -0.057408  -0.001889   0.000062   0.000064  0.0000047  0.0000060    0.000243    0.000090
2002  11  22  52600   0.032497   0.141788  -0.2605835   0.0001755  -0.056968  -0.001998   0.000065   0.000066  0.0000036  0.0000076    0.000190    0.000075
2002  11  23  52601   0.029496   0.141952  -0.2607402   0.0001505  -0.056542  -0.002085   0.000069   0.000072  0.0000042  0.0000126    0.000158    0.000063
2002  11  24  52602   0.026233   0.142189  -0.2609064   0.0001903  -0.056327  -0.002162   0.000074   0.000095  0.0000061  0.0000248    0.000140    0.000053
2002  11  25  52603   0.023047   0.142333  -0.2611530   0.0003278  -0.056255  -0.002186   0.000071   0.000088  0.0000046  0.0000121    0.000098    0.000033
2002  11  26  52604   0.020401   0.142377  -0.2615687   0.0005317  -0.056150  -0.002123   0.000068   0.000068  0.0000031  0.0000074    0.000103    0.000035
2002  11  27  52605   0.017738   0.142239  -0.2622098   0.0007779  -0.055922  -0.001983   0.000084   0.000067  0.0000032  0.0000070    0.000129    0.000045
2002  11  28  52606   0.014559   0.141930  -0.2631389   0.0010376  -0.055714  -0.001821   0.000088   0.000069  0.0000051  0.0000107    0.000163    0.000060
2002  11  29  52607   0.011064   0.141780  -0.2642232   0.0012686  -0.055691  -0.001645   0.000072   0.000072  0.0000097  0.0000257    0.000172    0.000064
2002  11  30  52608   0.007537   0.141671  -0.2655355   0.0014183  -0.055920  -0.001437   0.000075   0.000079  0.0000154  0.0000378    0.000170    0.000064
2002  12   1  52609   0.004166   0.141451  -0.2669793   0.0014054  -0.056339  -0.001259   0.000083   0.000087  0.0000082  0.0000322    0.000126    0.000048
2002  12   2  52610   0.000961   0.141454  -0.2683821   0.0012419  -0.056756  -0.001218   0.000081   0.000087  0.0000044  0.0000143    0.000128    0.000049
2002  12   3  52611  -0.002127   0.141816  -0.2695635   0.0010278  -0.056954  -0.001312   0.000075   0.000106  0.0000031  0.0000091    0.000139    0.000053
2002  12   4  52612  -0.005162   0.142501  -0.2704541   0.0007151  -0.056863  -0.001400   0.000075   0.000166  0.0000034  0.0000099    0.000188    0.000076
2002  12   5  52613  -0.008538   0.143431  -0.2710363   0.0004625  -0.056509  -0.001346   0.000075   0.000100  0.0000034  0.0000095    0.000161    0.000079
2002  12   6  52614  -0.012428   0.144506  -0.2714551   0.0003251  -0.055996  -0.001237   0.000077   0.000081  0.0000040  0.0000088    0.000169    0.000076
2002  12   7  52615  -0.016698   0.145805  -0.2717337   0.0003411  -0.055540  -0.001286   0.000085   0.000104  0.0000058  0.0000111    0.000213    0.000083
2002  12   8  52616  -0.020923   0.146999  -0.2721047   0.0004638  -0.055257  -0.001480   0.000118   0.000116  0.0000082  0.0000182    0.000184    0.000083
2002  12   9  52617  -0.024250   0.147988  -0.2726427   0.0006021  -0.055223  -0.001602   0.000176   0.000085  0.0000045  0.0000203    0.000103    0.000074
2002  12  10  52618  -0.027125   0.149350  -0.2733457   0.0007778  -0.055445  -0.001515   0.000102   0.000075  0.0000031  0.0000116    0.000113    0.000080
2002  12  11  52619  -0.030080   0.150943  -0.2742072   0.0009455  -0.055745  -0.001289   0.000096   0.000074  0.0000031  0.0000119    0.000158    0.000085
2002  12  12  52620  -0.032992   0.152562  -0.2751749   0.0010191  -0.055894  -0.001097   0.000091   0.000073  0.0000023  0.0000109    0.000146    0.000053
2002  12  13  52621  -0.036345   0.153983  -0.2762173   0.0010442  -0.055841  -0.000983   0.000077   0.000076  0.0000030  0.0000112    0.000148    0.000055
2002  12  14  52622  -0.040115   0.155160  -0.2772818   0.0010394  -0.055995  -0.000901   0.000084   0.000087  0.0000053  0.0000192    0.000174    0.000068
2002  12  15  52623  -0.044144   0.156168  -0.2782956   0.0009433  -0.056383  -0.000783   0.000086   0.000091  0.0000084  0.0000390    0.000174    0.000068
2002  12  16  52624  -0.048105   0.156917  -0.2791725   0.0007904  -0.056631  -0.000630   0.000082   0.000083  0.0000050  0.0000269    0.000138    0.000051
2002  12  17  52625  -0.051593   0.157695  -0.2798802   0.0006361  -0.056441  -0.000501   0.000103   0.000076  0.0000035  0.0000126    0.000147    0.000053
2002  12  18  52626  -0.054545   0.158697  -0.2804277   0.0004850  -0.055849  -0.000442   0.000157   0.000072  0.0000036  0.0000094    0.000188    0.000057
2002  12  19  52627  -0.056959   0.160139  -0.2808132   0.0002912  -0.055636  -0.000665   0.000094   0.000072  0.0000056  0.0000113    0.000214    0.000068
2002  12  20  52628  -0.059103   0.162053  -0.2810497   0.0001744  -0.055863  -0.001067   0.000073   0.000074  0.0000064  0.0000118    0.000167    0.000108
2002  12  21  52629  -0.061537   0.164343  -0.2812186   0.0001696  -0.056025  -0.001378   0.000078   0.000080  0.0000073  0.0000131    0.000165    0.000114
2002  12  22  52630  -0.064264   0.166725  -0.2813868   0.0002091  -0.055913  -0.001507   0.000089   0.000089  0.0000111  0.0000297    0.000165    0.000114
2002  12  23  52631  -0.066759   0.168896  -0.2816346   0.0003312  -0.055600  -0.001488   0.000113   0.000088  0.0000420  0.0000428    0.000165    0.000114
2002  12  24  52632  -0.069080   0.171117  -0.2820733   0.0005478  -0.055204  -0.001367   0.000103   0.000083  0.0000445  0.0000424    0.000860    0.000242
2002  12  25  52633  -0.071645   0.173448  -0.2827843   0.0008336  -0.054812  -0.001173   0.000081   0.000081  0.0000456  0.0000418    0.001241    0.000251
2002  12  26  52634  -0.074238   0.175428  -0.2837568   0.0010806  -0.054522  -0.000928   0.000077   0.000079  0.0000558  0.0000398    0.001241    0.000251
2002  12  27  52635  -0.076502   0.177100  -0.2848979   0.0011964  -0.054438  -0.000665   0.000077   0.000079  0.0000395  0.0000398    0.001241    0.000251
2002  12  28  52636  -0.078749   0.179112  -0.2860882   0.0011894  -0.054587  -0.000447   0.000082   0.000085  0.0000294  0.0000433    0.001239    0.000251
2002  12  29  52637  -0.081169   0.181416  -0.2872116   0.0010615  -0.054894  -0.000329   0.000092   0.000095  0.0000209  0.0000432    0.000386    0.000160
2002  12  30  52638  -0.083462   0.183504  -0.2881743   0.0008496  -0.055204  -0.000345   0.000114   0.000119  0.0000060  0.0000294    0.000173    0.000084
2002  12  31  52639  -0.085712   0.185749  -0.2889151   0.0006241  -0.055386  -0.000457   0.000099   0.000101  0.0000068  0.0000152    0.000173    0.000084
2003   1   1  52640  -0.088474   0.188235  -0.2894287   0.0004278  -0.055412  -0.000565   0.000078   0.000080  0.0000087  0.0000156    0.000173    0.000084
2003   1   2  52641  -0.091533   0.190511  -0.2898126   0.0003083  -0.055298  -0.000618   0.000077   0.000079  0.0000060  0.0000213    0.000182    0.000075
2003   1   3  52642  -0.094518   0.192920  -0.2901318   0.0002942  -0.055062  -0.000649   0.000077   0.000079  0.0000050  0.0000115    0.000184    0.000073
2003   1   4  52643  -0.097550   0.195456  -0.2904331   0.0003610  -0.054721  -0.000720   0.000082   0.000084  0.0000064  0.0000108    0.000184    0.000073
2003   1   5  52644  -0.100676   0.197688  -0.2908262   0.0004493  -0.054363  -0.000824   0.000091   0.000094  0.0000073  0.0000142    0.000145    0.000057
2003   1   6  52645  -0.103537   0.199586  -0.2913515   0.0005964  -0.054149  -0.000905   0.000085   0.000089  0.0000022  0.0000105    0.000078    0.000030
2003   1   7  52646  -0.106013   0.201498  -0.2920373   0.0007615  -0.054187  -0.000942   0.000074   0.000078  0.0000025  0.0000065    0.000078    0.000030
2003   1   8  52647  -0.108623   0.203589  -0.2928525   0.0008534  -0.054412  -0.000974   0.000070   0.000075  0.0000038  0.0000078    0.000078    0.000031
2003   1   9  52648  -0.111113   0.205764  -0.2937316   0.0008904  -0.054620  -0.001007   0.000073   0.000077  0.0000067  0.0000190    0.000123    0.000050
2003   1  10  52649  -0.113172   0.208173  -0.2946492   0.0009198  -0.054679  -0.000978   0.000077   0.000080  0.0000042  0.0000143    0.000148    0.000061
2003   1  11  52650  -0.115246   0.210602  -0.2955513   0.0009121  -0.054662  -0.000814   0.000082   0.000086  0.0000051  0.0000160    0.000148    0.000061
2003   1  12  52651  -0.117331   0.212909  -0.2964399   0.0008412  -0.054703  -0.000538   0.000086   0.000091  0.0000070  0.0000348    0.000144    0.000059
2003   1  13  52652  -0.118994   0.215054  -0.2972512   0.0007314  -0.054843  -0.000283   0.000083   0.000084  0.0000037  0.0000218    0.000126    0.000052
2003   1  14  52653  -0.120344   0.217159  -0.2979180   0.0005760  -0.055020  -0.000214   0.000076   0.000077  0.0000042  0.0000109    0.000126    0.000052
2003   1  15  52654  -0.121669   0.219437  -0.2984074   0.0004251  -0.055136  -0.000407   0.000074   0.000077  0.0000044  0.0000104    0.000133    0.000055
2003   1  16  52655  -0.122883   0.221832  -0.2987500   0.0002921  -0.055160  -0.000772   0.000074   0.000103  0.0000028  0.0000086    0.000151    0.000063
2003   1  17  52656  -0.124248   0.224326  -0.2990056   0.0001949  -0.055087  -0.001118   0.000075   0.000174  0.0000034  0.0000073    0.000141    0.000057
2003   1  18  52657  -0.126044   0.226782  -0.2992089   0.0002249  -0.054776  -0.001296   0.000096   0.000120  0.0000054  0.0000102    0.000135    0.000053
2003   1  19  52658  -0.127672   0.229076  -0.2994894   0.0003674  -0.054261  -0.001264   0.000110   0.000089  0.0000082  0.0000269    0.000147    0.000058
2003   1  20  52659  -0.128858   0.231337  -0.2999080   0.0005039  -0.053766  -0.001094   0.000108   0.000081  0.0000125  0.0000272    0.000739    0.000365
2003   1  21  52660  -0.129940   0.233733  -0.3004718   0.0006360  -0.053514  -0.000925   0.000093   0.000076  0.0000059  0.0000138    0.000385    0.000146
2003   1  22  52661  -0.131001   0.236641  -0.3011676   0.0007663  -0.053558  -0.000866   0.000071   0.000073  0.0000035  0.0000106    0.000228    0.000083
2003   1  23  52662  -0.132207   0.239914  -0.3019823   0.0008810  -0.053617  -0.000908   0.000069   0.000073  0.0000045  0.0000133    0.000264    0.000100
2003   1  24  52663  -0.133607   0.242735  -0.3028645   0.0009275  -0.053537  -0.000953   0.000073   0.000076  0.0000066  0.0000160    0.000304    0.000116
2003   1  25  52664  -0.135153   0.245110  -0.3037562   0.0008206  -0.053730  -0.000929   0.000080   0.000083  0.0000080  0.0000151    0.000282    0.000105
2003   1  26  52665  -0.136791   0.247286  -0.3045280   0.0006335  -0.054299  -0.000839   0.000086   0.000093  0.0000081  0.0000180    0.000235    0.000074
2003   1  27  52666  -0.138141   0.249592  -0.3050671   0.0004262  -0.054882  -0.000735   0.000079   0.000113  0.0000019  0.0000116    0.000140    0.000037
2003   1  28  52667  -0.139005   0.252352  -0.3053396   0.0001804  -0.055066  -0.000678   0.000073   0.000092  0.0000020  0.0000069    0.000143    0.000040
2003   1  29  52668  -0.139321   0.255373  -0.3054093   0.0000112  -0.054705  -0.000717   0.000087   0.000072  0.0000030  0.0000070    0.000163    0.000063
2003   1  30  52669  -0.139351   0.258479  -0.3054054  -0.0000445  -0.054327  -0.000857   0.000090   0.000072  0.0000068  0.0000078    0.000246    0.000126
2003   1  31  52670  -0.139867   0.261539  -0.3053757  -0.0000439  -0.054166  -0.001063   0.000075   0.000074  0.0000100  0.0000100    0.000267    0.000099
2003   2   1  52671  -0.141153   0.264304  -0.3053502   0.0000221  -0.054117  -0.001251   0.000097   0.000079  0.0000119  0.0000213    0.000229    0.000086
2003   2   2  52672  -0.142607   0.267036  -0.3054433   0.0001742  -0.054091  -0.001346   0.000197   0.000084  0.0000103  0.0000322    0.000205    0.000084
2003   2   3  52673  -0.144101   0.269987  -0.3057179   0.0003701  -0.054033  -0.001327   0.000181   0.000076  0.0000022  0.0000141    0.000147    0.000085
2003   2   4  52674  -0.145330   0.272853  -0.3062008   0.0005882  -0.053956  -0.001241   0.000089   0.000067  0.0000023  0.0000084    0.000149    0.000083
2003   2   5  52675  -0.146181   0.275638  -0.3068605   0.0007575  -0.053939  -0.001172   0.000068   0.000067  0.0000034  0.0000087    0.000166    0.000082
2003   2   6  52676  -0.147303   0.278229  -0.3076443   0.0008039  -0.053970  -0.001179   0.000068   0.000085  0.0000052  0.0000136    0.000239    0.000095
2003   2   7  52677  -0.148447   0.280673  -0.3084387   0.0007465  -0.054059  -0.001234   0.000072   0.000096  0.0000036  0.0000135    0.000219    0.000062
2003   2   8  52678  -0.149652   0.283471  -0.3091451   0.0006590  -0.054239  -0.001246   0.000083   0.000104  0.0000043  0.0000157    0.000183    0.000050
2003   2   9  52679  -0.151337   0.286210  -0.3097457   0.0005499  -0.054459  -0.001194   0.000111   0.000169  0.0000061  0.0000356    0.000165    0.000049
2003   2  10  52680  -0.153011   0.288830  -0.3102253   0.0004256  -0.054609  -0.001155   0.000093   0.000096  0.0000038  0.0000217    0.000120    0.000048
2003   2  11  52681  -0.154344   0.291604  -0.3105869   0.0002955  -0.054556  -0.001222   0.000069   0.000070  0.0000043  0.0000107    0.000120    0.000048
2003   2  12  52682  -0.155366   0.294348  -0.3108604   0.0002226  -0.054267  -0.001437   0.000064   0.000064  0.0000043  0.0000105    0.000122    0.000047
2003   2  13  52683  -0.155931   0.297089  -0.3111015   0.0002619  -0.054003  -0.001764   0.000062   0.000062  0.0000025  0.0000095    0.000130    0.000046
2003   2  14  52684  -0.156212   0.299731  -0.3113783   0.0003310  -0.054063  -0.002113   0.000064   0.000066  0.0000032  0.0000084    0.000139    0.000054
2003   2  15  52685  -0.156365   0.302380  -0.3117681   0.0003831  -0.054258  -0.002354   0.000075   0.000089  0.0000055  0.0000105    0.000146    0.000062
2003   2  16  52686  -0.156347   0.304859  -0.3122577   0.0005437  -0.054233  -0.002381   0.000108   0.000103  0.0000095  0.0000174    0.000148    0.000065
2003   2  17  52687  -0.155877   0.307317  -0.3129103   0.0008122  -0.053859  -0.002188   0.000150   0.000099  0.0000146  0.0000306    0.000103    0.000048
2003   2  18  52688  -0.155344   0.310303  -0.3138081   0.0010560  -0.053342  -0.001914   0.000085   0.000079  0.0000040  0.0000139    0.000101    0.000048
2003   2  19  52689  -0.155001   0.313837  -0.3149376   0.0012085  -0.053029  -0.001779   0.000080   0.000060  0.0000024  0.0000069    0.000102    0.000048
2003   2  20  52690  -0.154784   0.317841  -0.3161848   0.0012616  -0.053067  -0.001872   0.000075   0.000058  0.0000030  0.0000076    0.000112    0.000051
2003   2  21  52691  -0.155125   0.321674  -0.3174286   0.0011864  -0.053314  -0.002048   0.000061   0.000061  0.0000041  0.0000097    0.000171    0.000064
2003   2  22  52692  -0.155528   0.324709  -0.3185308   0.0009753  -0.053565  -0.002092   0.000065   0.000083  0.0000040  0.0000110    0.000178    0.000065
2003   2  23  52693  -0.155475   0.327623  -0.3193838   0.0006969  -0.053750  -0.001965   0.000075   0.000145  0.0000035  0.0000258    0.000175    0.000060
2003   2  24  52694  -0.155098   0.330688  -0.3199706   0.0004696  -0.053898  -0.001800   0.000093   0.000084  0.0000025  0.0000164    0.000157    0.000043
2003   2  25  52695  -0.154697   0.333664  -0.3203541   0.0003234  -0.054001  -0.001734   0.000075   0.000062  0.0000029  0.0000088    0.000157    0.000043
2003   2  26  52696  -0.154637   0.336630  -0.3206223   0.0002163  -0.053943  -0.001807   0.000062   0.000061  0.0000041  0.0000101    0.000183    0.000051
2003   2  27  52697  -0.154662   0.339547  -0.3208420   0.0001751  -0.053556  -0.001959   0.000077   0.000063  0.0000089  0.0000149    0.000374    0.000153
2003   2  28  52698  -0.154381   0.342347  -0.3210634   0.0002528  -0.052879  -0.002116   0.000085   0.000065  0.0000069  0.0000081    0.000278    0.000107
2003   3   1  52699  -0.153856   0.344853  -0.3213501   0.0003447  -0.052370  -0.002249   0.000092   0.000070  0.0000077  0.0000085    0.000237    0.000088
2003   3   2  52700  -0.153182   0.347455  -0.3217497   0.0004697  -0.052321  -0.002324   0.000143   0.000072  0.0000087  0.0000158    0.000192    0.000077
2003   3   3  52701  -0.152866   0.350459  -0.3222855   0.0006099  -0.052628  -0.002317   0.000079   0.000064  0.0000026  0.0000120    0.000111    0.000051
2003   3   4  52702  -0.153105   0.353393  -0.3229238   0.0006708  -0.053026  -0.002257   0.000057   0.000057  0.0000029  0.0000064    0.000111    0.000051
2003   3   5  52703  -0.153444   0.356097  -0.3236119   0.0006915  -0.053307  -0.002211   0.000055   0.000055  0.0000039  0.0000074    0.000111    0.000052
2003   3   6  52704  -0.153805   0.358589  -0.3243034   0.0006933  -0.053422  -0.002220   0.000057   0.000057  0.0000044  0.0000124    0.000153    0.000093
2003   3   7  52705  -0.154161   0.361050  -0.3249936   0.0006770  -0.053381  -0.002258   0.000061   0.000059  0.0000035  0.0000092    0.000170    0.000125
2003   3   8  52706  -0.154557   0.363773  -0.3256620   0.0006288  -0.053220  -0.002290   0.000080   0.000067  0.0000035  0.0000111    0.000170    0.000125
2003   3   9  52707  -0.154788   0.366617  -0.3262582   0.0005432  -0.053032  -0.002340   0.000090   0.000073  0.0000028  0.0000267    0.000144    0.000075
2003   3  10  52708  -0.154922   0.369622  -0.3267427   0.0004384  -0.052915  -0.002472   0.000066   0.000066  0.0000017  0.0000142    0.000086    0.000033
2003   3  11  52709  -0.155599   0.372697  -0.3271221   0.0003431  -0.052841  -0.002705   0.000057   0.000058  0.0000019  0.0000070    0.000086    0.000033
2003   3  12  52710  -0.156490   0.375768  -0.3274404   0.0003097  -0.052666  -0.002966   0.000055   0.000056  0.0000021  0.0000075    0.000086    0.000030
2003   3  13  52711  -0.157082   0.378911  -0.3277564   0.0003296  -0.052412  -0.003179   0.000054   0.000055  0.0000014  0.0000084    0.000091    0.000027
2003   3  14  52712  -0.157336   0.381679  -0.3281279   0.0004147  -0.052275  -0.003366   0.000057   0.000058  0.0000021  0.0000085    0.000122    0.000039
2003   3  15  52713  -0.157150   0.384274  -0.3286603   0.0005811  -0.052147  -0.003594   0.000078   0.000066  0.0000053  0.0000136    0.000182    0.000080
2003   3  16  52714  -0.156945   0.387128  -0.3294072   0.0008528  -0.051853  -0.003818   0.000083   0.000069  0.0000070  0.0000236    0.000181    0.000081
2003   3  17  52715  -0.156743   0.390025  -0.3304173   0.0011968  -0.051428  -0.003867   0.000061   0.000063  0.0000016  0.0000108    0.000112    0.000036
2003   3  18  52716  -0.156086   0.392868  -0.3317122   0.0014488  -0.051225  -0.003667   0.000052   0.000071  0.0000018  0.0000070    0.000120    0.000039
2003   3  19  52717  -0.154982   0.396010  -0.3332232   0.0015585  -0.051584  -0.003407   0.000051   0.000069  0.0000029  0.0000087    0.000163    0.000056
2003   3  20  52718  -0.153876   0.399855  -0.3347622   0.0015033  -0.052074  -0.003344   0.000053   0.000056  0.0000050  0.0000147    0.000206    0.000086
2003   3  21  52719  -0.153134   0.403678  -0.3361657   0.0012752  -0.052325  -0.003468   0.000056   0.000055  0.0000032  0.0000087    0.000156    0.000066
2003   3  22  52720  -0.152352   0.406872  -0.3373173   0.0009693  -0.052375  -0.003570   0.000074   0.000060  0.0000038  0.0000096    0.000154    0.000065
2003   3  23  52721  -0.151529   0.409817  -0.3381523   0.0006557  -0.052333  -0.003566   0.000125   0.000064  0.0000050  0.0000242    0.000147    0.000060
2003   3  24  52722  -0.150541   0.412688  -0.3386827   0.0004192  -0.052276  -0.003548   0.000071   0.000057  0.0000021  0.0000201    0.000120    0.000044
2003   3  25  52723  -0.149125   0.415618  -0.3390040   0.0002773  -0.052190  -0.003597   0.000054   0.000053  0.0000024  0.0000103    0.000131    0.000047
2003   3  26  52724  -0.147571   0.418571  -0.3392528   0.0002208  -0.052005  -0.003684   0.000053   0.000052  0.0000032  0.0000101    0.000181    0.000066
2003   3  27  52725  -0.145717   0.421432  -0.3395369   0.0003287  -0.051806  -0.003772   0.000066   0.000052  0.0000032  0.0000110    0.000178    0.000059
2003   3  28  52726  -0.143344   0.424291  -0.3399353   0.0004778  -0.051582  -0.003867   0.000070   0.000054  0.0000041  0.0000092    0.000145    0.000053
2003   3  29  52727  -0.140616   0.427139  -0.3404885   0.0006090  -0.051417  -0.003925   0.000061   0.000059  0.0000068  0.0000099    0.000138    0.000054
2003   3  30  52728  -0.137855   0.430115  -0.3411974   0.0007690  -0.051422  -0.003866   0.000063   0.000064  0.0000087  0.0000149    0.000135    0.000052
2003   3  31  52729  -0.135437   0.433092  -0.3420265   0.0008835  -0.051524  -0.003665   0.000057   0.000058  0.0000028  0.0000194    0.000125    0.000041
2003   4   1  52730  -0.133399   0.435863  -0.3429325   0.0009384  -0.051524  -0.003414   0.000051   0.000053  0.0000032  0.0000121    0.000125    0.000041
2003   4   2  52731  -0.131320   0.438817  -0.3438916   0.0010051  -0.051317  -0.003279   0.000050   0.000065  0.0000048  0.0000136    0.000125    0.000041
2003   4   3  52732  -0.129106   0.441999  -0.3448670   0.0009756  -0.051004  -0.003346   0.000052   0.000071  0.0000082  0.0000188    0.000178    0.000089
2003   4   4  52733  -0.126974   0.444947  -0.3457856   0.0008626  -0.050774  -0.003537   0.000055   0.000076  0.0000051  0.0000101    0.000200    0.000175
2003   4   5  52734  -0.124672   0.447760  -0.3466289   0.0007884  -0.050744  -0.003720   0.000061   0.000129  0.0000060  0.0000091    0.000200    0.000176
2003   4   6  52735  -0.122162   0.450990  -0.3473374   0.0006725  -0.050904  -0.003857   0.000079   0.000084  0.0000070  0.0000136    0.000180    0.000147
2003   4   7  52736  -0.119807   0.454311  -0.3479070   0.0005103  -0.051150  -0.004020   0.000072   0.000058  0.0000023  0.0000145    0.000122    0.000086
2003   4   8  52737  -0.117759   0.457241  -0.3483551   0.0003810  -0.051285  -0.004245   0.000070   0.000053  0.0000026  0.0000077    0.000133    0.000094
2003   4   9  52738  -0.116118   0.459976  -0.3487223   0.0003021  -0.051092  -0.004447   0.000068   0.000065  0.0000042  0.0000078    0.000196    0.000129
2003   4  10  52739  -0.114769   0.462621  -0.3490276   0.0003355  -0.050648  -0.004544   0.000055   0.000069  0.0000086  0.0000094    0.000311    0.000108
2003   4  11  52740  -0.113307   0.465119  -0.3494130   0.0004609  -0.050239  -0.004601   0.000055   0.000056  0.0000058  0.0000085    0.000200    0.000071
2003   4  12  52741  -0.111482   0.467753  -0.3499621   0.0006574  -0.050050  -0.004724   0.000060   0.000060  0.0000073  0.0000110    0.000165    0.000061
2003   4  13  52742  -0.109389   0.470558  -0.3507860   0.0009358  -0.050002  -0.004940   0.000066   0.000066  0.0000118  0.0000248    0.000147    0.000052
2003   4  14  52743  -0.107236   0.473133  -0.3518901   0.0012365  -0.049898  -0.005065   0.000062   0.000062  0.0000027  0.0000131    0.000105    0.000033
2003   4  15  52744  -0.105411   0.475540  -0.3532397   0.0014533  -0.049819  -0.004902   0.000055   0.000057  0.0000028  0.0000064    0.000105    0.000033
2003   4  16  52745  -0.103928   0.477684  -0.3547193   0.0014955  -0.050078  -0.004564   0.000054   0.000070  0.0000039  0.0000065    0.000112    0.000036
2003   4  17  52746  -0.102299   0.479495  -0.3561399   0.0013013  -0.050670  -0.004326   0.000055   0.000072  0.0000049  0.0000083    0.000142    0.000052
2003   4  18  52747  -0.100385   0.481430  -0.3572891   0.0010050  -0.051166  -0.004272   0.000058   0.000060  0.0000073  0.0000088    0.000144    0.000054
2003   4  19  52748  -0.098117   0.483652  -0.3581695   0.0006671  -0.051242  -0.004289   0.000065   0.000066  0.0000176  0.0000110    0.000144    0.000054
2003   4  20  52749  -0.095566   0.485949  -0.3586766   0.0003197  -0.051003  -0.004328   0.000068   0.000069  0.0000127  0.0000156    0.000120    0.000036
2003   4  21  52750  -0.093109   0.488011  -0.3588744   0.0000844  -0.050736  -0.004505   0.000060   0.000062  0.0000018  0.0000124    0.000120    0.000036
2003   4  22  52751  -0.090816   0.489953  -0.3588996   0.0000098  -0.050597  -0.004866   0.000054   0.000070  0.0000018  0.0000063    0.000131    0.000039
2003   4  23  52752  -0.088629   0.492011  -0.3589226   0.0000553  -0.050581  -0.005223   0.000053   0.000067  0.0000024  0.0000069    0.000173    0.000056
2003   4  24  52753  -0.086036   0.493979  -0.3590311   0.0001596  -0.050592  -0.005280   0.000054   0.000053  0.0000026  0.0000083    0.000134    0.000053
2003   4  25  52754  -0.082859   0.496022  -0.3592844   0.0003334  -0.050506  -0.005011   0.000070   0.000053  0.0000035  0.0000067    0.000123    0.000050
2003   4  26  52755  -0.080057   0.498204  -0.3597319   0.0004773  -0.050320  -0.004693   0.000128   0.000060  0.0000063  0.0000079    0.000130    0.000055
2003   4  27  52756  -0.077699   0.500423  -0.3603059   0.0006006  -0.050166  -0.004476   0.000088   0.000082  0.0000084  0.0000139    0.000132    0.000058
2003   4  28  52757  -0.075262   0.502679  -0.3609676   0.0007065  -0.050195  -0.004299   0.000062   0.000073  0.0000025  0.0000142    0.000129    0.000070
2003   4  29  52758  -0.072927   0.504710  -0.3616855   0.0007553  -0.050417  -0.004093   0.000055   0.000056  0.0000026  0.0000072    0.000131    0.000064
2003   4  30  52759  -0.070333   0.506469  -0.3624146   0.0007418  -0.050699  -0.003923   0.000055   0.000056  0.0000033  0.0000066    0.000137    0.000053
2003   5   1  52760  -0.066925   0.508253  -0.3631121   0.0006342  -0.050939  -0.003947   0.000056   0.000070  0.0000055  0.0000106    0.000141    0.000048
2003   5   2  52761  -0.063118   0.510128  -0.3636521   0.0004543  -0.051079  -0.004184   0.000057   0.000076  0.0000135  0.0000228    0.000142    0.000047
2003   5   3  52762  -0.059443   0.511840  -0.3639650   0.0002683  -0.051085  -0.004498   0.000060   0.000081  0.0000178  0.0000151    0.000138    0.000046
2003   5   4  52763  -0.056160   0.513682  -0.3640792   0.0000761  -0.050958  -0.004776   0.000061   0.000126  0.0000095  0.0000140    0.000100    0.000038
2003   5   5  52764  -0.053241   0.515701  -0.3640709  -0.0000830  -0.050759  -0.005009   0.000054   0.000070  0.0000021  0.0000111    0.000101    0.000039
2003   5   6  52765  -0.050196   0.517778  -0.3640152  -0.0001143  -0.050577  -0.005215   0.000051   0.000051  0.0000023  0.0000085    0.000109    0.000042
2003   5   7  52766  -0.047245   0.519969  -0.3639410  -0.0001169  -0.050437  -0.005338   0.000061   0.000049  0.0000027  0.0000077    0.000127    0.000045
2003   5   8  52767  -0.044713   0.521877  -0.3638467  -0.0000205  -0.050364  -0.005334   0.000059   0.000048  0.0000018  0.0000071    0.000088    0.000028
2003   5   9  52768  -0.042190   0.523580  -0.3639255   0.0001824  -0.050360  -0.005280   0.000050   0.000049  0.0000025  0.0000080    0.000099    0.000031
2003   5  10  52769  -0.039745   0.525323  -0.3641874   0.0004002  -0.050369  -0.005320   0.000066   0.000056  0.0000061  0.0000128    0.000146    0.000042
2003   5  11  52770  -0.037755   0.526856  -0.3647700   0.0006448  -0.050337  -0.005494   0.000080   0.000061  0.0000102  0.0000217    0.000145    0.000045
2003   5  12  52771  -0.036119   0.528186  -0.3655419   0.0009302  -0.050218  -0.005592   0.000078   0.000056  0.0000017  0.0000103    0.000087    0.000036
2003   5  13  52772  -0.034500   0.529528  -0.3665611   0.0011506  -0.050148  -0.005375   0.000064   0.000050  0.0000016  0.0000070    0.000095    0.000040
2003   5  14  52773  -0.032639   0.530832  -0.3677924   0.0012207  -0.050423  -0.004934   0.000051   0.000050  0.0000024  0.0000090    0.000143    0.000060
2003   5  15  52774  -0.030480   0.532109  -0.3690008   0.0011197  -0.051083  -0.004611   0.000051   0.000051  0.0000045  0.0000169    0.000275    0.000095
2003   5  16  52775  -0.028236   0.533373  -0.3699430   0.0008377  -0.051734  -0.004559   0.000052   0.000053  0.0000041  0.0000098    0.000204    0.000061
2003   5  17  52776  -0.025953   0.534541  -0.3705520   0.0004880  -0.051980  -0.004605   0.000056   0.000057  0.0000059  0.0000103    0.000200    0.000059
2003   5  18  52777  -0.023660   0.535724  -0.3709419   0.0002278  -0.051798  -0.004625   0.000056   0.000057  0.0000096  0.0000217    0.000185    0.000058
2003   5  19  52778  -0.021351   0.536782  -0.3711199   0.0001238  -0.051395  -0.004752   0.000049   0.000050  0.0000044  0.0000171    0.000135    0.000052
2003   5  20  52779  -0.018591   0.537760  -0.3712343   0.0001590  -0.050957  -0.005122   0.000045   0.000046  0.0000038  0.0000086    0.000143    0.000057
2003   5  21  52780  -0.015496   0.538871  -0.3714259   0.0002508  -0.050652  -0.005583   0.000045   0.000047  0.0000034  0.0000084    0.000165    0.000071
2003   5  22  52781  -0.012582   0.539954  -0.3717513   0.0003766  -0.050661  -0.005761   0.000046   0.000060  0.0000036  0.0000093    0.000149    0.000060
2003   5  23  52782  -0.009864   0.540792  -0.3722000   0.0005101  -0.050959  -0.005484   0.000048   0.000063  0.0000046  0.0000072    0.000138    0.000053
2003   5  24  52783  -0.006989   0.541194  -0.3727751   0.0006108  -0.051249  -0.005036   0.000062   0.000055  0.0000074  0.0000088    0.000139    0.000053
2003   5  25  52784  -0.004070   0.541424  -0.3734010   0.0006611  -0.051387  -0.004703   0.000072   0.000060  0.0000134  0.0000213    0.000139    0.000053
2003   5  26  52785  -0.001052   0.541761  -0.3740532   0.0006449  -0.051489  -0.004519   0.000057   0.000079  0.0000058  0.0000296    0.000113    0.000033
2003   5  27  52786   0.002319   0.542245  -0.3746604   0.0005663  -0.051683  -0.004412   0.000068   0.000113  0.0000020  0.0000150    0.000113    0.000033
2003   5  28  52787   0.005831   0.542969  -0.3751729   0.0004525  -0.051935  -0.004360   0.000107   0.000065  0.0000023  0.0000074    0.000123    0.000036
2003   5  29  52788   0.009275   0.543947  -0.3755484   0.0003172  -0.052117  -0.004420   0.000067   0.000051  0.0000029  0.0000067    0.000172    0.000051
2003   5  30  52789   0.012507   0.544913  -0.3757738   0.0001315  -0.052098  -0.004660   0.000053   0.000051  0.0000026  0.0000073    0.000158    0.000054
2003   5  31  52790   0.015618   0.545850  -0.3758389  -0.0000568  -0.051982  -0.004941   0.000068   0.000054  0.0000031  0.0000097    0.000132    0.000047
2003   6   1  52791   0.018451   0.546698  -0.3757206  -0.0002058  -0.051902  -0.005096   0.000120   0.000060  0.0000041  0.0000130    0.000126    0.000043
2003   6   2  52792   0.021235   0.547317  -0.3754278  -0.0003478  -0.051899  -0.005134   0.000072   0.000058  0.0000017  0.0000085    0.000114    0.000035
2003   6   3  52793   0.024294   0.547808  -0.3750085  -0.0004376  -0.051985  -0.005173   0.000054   0.000052  0.0000019  0.0000058    0.000114    0.000035
2003   6   4  52794   0.027705   0.548050  -0.3745237  -0.0004643  -0.052148  -0.005283   0.000065   0.000050  0.0000030  0.0000069    0.000114    0.000035
2003   6   5  52795   0.031450   0.548168  -0.3740913  -0.0004128  -0.052323  -0.005405   0.000067   0.000052  0.0000076  0.0000162    0.000134    0.000065
2003   6   6  52796   0.034960   0.548203  -0.3737609  -0.0002292  -0.052436  -0.005439   0.000056   0.000054  0.0000074  0.0000107    0.000139    0.000091
2003   6   7  52797   0.038132   0.548092  -0.3736658   0.0000338  -0.052497  -0.005354   0.000071   0.000058  0.0000103  0.0000112    0.000139    0.000091
2003   6   8  52798   0.041325   0.548096  -0.3738692   0.0002894  -0.052574  -0.005183   0.000080   0.000061  0.0000159  0.0000245    0.000138    0.000078
2003   6   9  52799   0.044739   0.548169  -0.3742717   0.0004813  -0.052708  -0.004946   0.000077   0.000056  0.0000030  0.0000181    0.000133    0.000048
2003   6  10  52800   0.048278   0.548300  -0.3747807   0.0005286  -0.052921  -0.004648   0.000064   0.000051  0.0000031  0.0000092    0.000133    0.000048
2003   6  11  52801   0.051690   0.548347  -0.3752842   0.0004254  -0.053243  -0.004384   0.000049   0.000050  0.0000047  0.0000099    0.000134    0.000048
2003   6  12  52802   0.055146   0.548002  -0.3756399   0.0002034  -0.053629  -0.004301   0.000048   0.000049  0.0000121  0.0000175    0.000274    0.000100
2003   6  13  52803   0.058639   0.547505  -0.3756734  -0.0001188  -0.053935  -0.004429   0.000050   0.000052  0.0000123  0.0000105    0.000458    0.000177
2003   6  14  52804   0.062097   0.546921  -0.3753177  -0.0004258  -0.054071  -0.004625   0.000053   0.000069  0.0000174  0.0000109    0.000459    0.000178
2003   6  15  52805   0.065805   0.546380  -0.3747892  -0.0006340  -0.054107  -0.004781   0.000055   0.000117  0.0000220  0.0000232    0.000295    0.000104
2003   6  16  52806   0.069748   0.545839  -0.3741008  -0.0007136  -0.054130  -0.004955   0.000051   0.000067  0.0000034  0.0000240    0.000137    0.000046
2003   6  17  52807   0.074056   0.545331  -0.3734312  -0.0006351  -0.054128  -0.005222   0.000047   0.000050  0.0000032  0.0000158    0.000148    0.000050
2003   6  18  52808   0.078532   0.545152  -0.3728997  -0.0005030  -0.054078  -0.005483   0.000045   0.000047  0.0000035  0.0000139    0.000167    0.000057
2003   6  19  52809   0.083015   0.544964  -0.3724789  -0.0003254  -0.054005  -0.005502   0.000044   0.000046  0.0000024  0.0000096    0.000112    0.000038
2003   6  20  52810   0.087681   0.544784  -0.3722419  -0.0001656  -0.053912  -0.005235   0.000045   0.000047  0.0000027  0.0000104    0.000127    0.000045
2003   6  21  52811   0.091983   0.544694  -0.3721300  -0.0000795  -0.053821  -0.004934   0.000051   0.000054  0.0000041  0.0000196    0.000192    0.000078
2003   6  22  52812   0.095878   0.544334  -0.3720421  -0.0000419  -0.053846  -0.004771   0.000070   0.000073  0.0000042  0.0000243    0.000204    0.000089
2003   6  23  52813   0.099777   0.543851  -0.3719446  -0.0000978  -0.054178  -0.004679   0.000064   0.000067  0.0000027  0.0000120    0.000137    0.000054
2003   6  24  52814   0.103532   0.543324  -0.3718094  -0.0002083  -0.054873  -0.004519   0.000049   0.000052  0.0000031  0.0000091    0.000150    0.000059
2003   6  25  52815   0.107217   0.542756  -0.3715581  -0.0003358  -0.055681  -0.004303   0.000048   0.000050  0.0000047  0.0000120    0.000224    0.000089
2003   6  26  52816   0.110950   0.542285  -0.3711060  -0.0004798  -0.056238  -0.004216   0.000048   0.000051  0.0000098  0.0000193    0.000408    0.000141
2003   6  27  52817   0.114763   0.541799  -0.3705718  -0.0006156  -0.056393  -0.004393   0.000051   0.000052  0.0000078  0.0000109    0.000303    0.000090
2003   6  28  52818   0.118605   0.541287  -0.3698609  -0.0007737  -0.056286  -0.004759   0.000065   0.000056  0.0000103  0.0000094    0.000297    0.000088
2003   6  29  52819   0.122638   0.540690  -0.3691038  -0.0008866  -0.056138  -0.005109   0.000073   0.000058  0.0000118  0.0000133    0.000276    0.000076
2003   6  30  52820   0.126727   0.540126  -0.3681752  -0.0009192  -0.056077  -0.005279   0.000070   0.000052  0.0000022  0.0000156    0.000202    0.000046
2003   7   1  52821   0.130436   0.539565  -0.3672317  -0.0008880  -0.056146  -0.005249   0.000057   0.000047  0.0000022  0.0000093    0.000202    0.000046
2003   7   2  52822   0.133868   0.538827  -0.3664140  -0.0007881  -0.056326  -0.005106   0.000045   0.000046  0.0000031  0.0000105    0.000192    0.000050
2003   7   3  52823   0.136983   0.537751  -0.3656971  -0.0006387  -0.056463  -0.004958   0.000045   0.000048  0.0000050  0.0000154    0.000173    0.000067
2003   7   4  52824   0.139903   0.536152  -0.3651244  -0.0004758  -0.056352  -0.004871   0.000047   0.000063  0.0000066  0.0000179    0.000172    0.000069
2003   7   5  52825   0.143090   0.534349  -0.3647208  -0.0003049  -0.056004  -0.004839   0.000053   0.000076  0.0000096  0.0000294    0.000172    0.000069
2003   7   6  52826   0.146432   0.532833  -0.3644827  -0.0001644  -0.055736  -0.004810   0.000071   0.000079  0.0000037  0.0000337    0.000129    0.000051
2003   7   7  52827   0.149643   0.531446  -0.3643639  -0.0001148  -0.055962  -0.004726   0.000068   0.000071  0.0000028  0.0000192    0.000127    0.000050
2003   7   8  52828   0.152966   0.530007  -0.3642588  -0.0001796  -0.056852  -0.004558   0.000051   0.000054  0.0000032  0.0000094    0.000126    0.000049
2003   7   9  52829   0.156708   0.528459  -0.3640231  -0.0003468  -0.058079  -0.004363   0.000047   0.000049  0.0000031  0.0000084    0.000089    0.000036
2003   7  10  52830   0.160572   0.526882  -0.3635399  -0.0005828  -0.058842  -0.004284   0.000047   0.000047  0.0000019  0.0000064    0.000064    0.000027
2003   7  11  52831   0.164044   0.525567  -0.3628104  -0.0008144  -0.058610  -0.004386   0.000063   0.000050  0.0000028  0.0000062    0.000088    0.000037
2003   7  12  52832   0.167486   0.524239  -0.3619264  -0.0009447  -0.057969  -0.004471   0.000130   0.000071  0.0000072  0.0000104    0.000145    0.000061
2003   7  13  52833   0.170587   0.522915  -0.3609987  -0.0009562  -0.057594  -0.004462   0.000136   0.000118  0.0000142  0.0000194    0.000170    0.000072
2003   7  14  52834   0.173116   0.521482  -0.3600601  -0.0008681  -0.057634  -0.004505   0.000065   0.000066  0.0000031  0.0000096    0.000128    0.000059
2003   7  15  52835   0.175595   0.519917  -0.3592288  -0.0007251  -0.057887  -0.004736   0.000049   0.000049  0.0000029  0.0000059    0.000138    0.000063
2003   7  16  52836   0.178205   0.518418  -0.3586124  -0.0005035  -0.058139  -0.005077   0.000048   0.000049  0.0000039  0.0000061    0.000188    0.000079
2003   7  17  52837   0.180935   0.516824  -0.3582387  -0.0002836  -0.058463  -0.005186   0.000049   0.000049  0.0000044  0.0000072    0.000227    0.000076
2003   7  18  52838   0.183556   0.514956  -0.3580291  -0.0001571  -0.059015  -0.004959   0.000049   0.000050  0.0000045  0.0000073    0.000159    0.000069
2003   7  19  52839   0.186298   0.512867  -0.3578986  -0.0001006  -0.059714  -0.004669   0.000054   0.000055  0.0000059  0.0000101    0.000137    0.000069
2003   7  20  52840   0.189324   0.510841  -0.3577785  -0.0001090  -0.060274  -0.004539   0.000072   0.000074  0.0000082  0.0000235    0.000135    0.000066
2003   7  21  52841   0.191995   0.508807  -0.3576220  -0.0001779  -0.060490  -0.004553   0.000065   0.000067  0.0000038  0.0000184    0.000141    0.000054
2003   7  22  52842   0.194372   0.506529  -0.3574005  -0.0002743  -0.060383  -0.004557   0.000049   0.000051  0.0000044  0.0000092    0.000141    0.000054
2003   7  23  52843   0.197138   0.504081  -0.3570746  -0.0003886  -0.060143  -0.004448   0.000047   0.000049  0.0000069  0.0000098    0.000142    0.000054
2003   7  24  52844   0.199958   0.501840  -0.3566174  -0.0005099  -0.060036  -0.004321   0.000047   0.000049  0.0000109  0.0000176    0.000169    0.000062
2003   7  25  52845   0.202445   0.499779  -0.3560551  -0.0006111  -0.060235  -0.004385   0.000050   0.000051  0.0000057  0.0000108    0.000177    0.000064
2003   7  26  52846   0.204711   0.497516  -0.3553916  -0.0006518  -0.060693  -0.004739   0.000056   0.000057  0.0000058  0.0000112    0.000177    0.000064
2003   7  27  52847   0.206802   0.495042  -0.3547435  -0.0006267  -0.061136  -0.005198   0.000060   0.000062  0.0000072  0.0000243    0.000178    0.000063
2003   7  28  52848   0.208934   0.492371  -0.3541461  -0.0005837  -0.061263  -0.005425   0.000054   0.000055  0.0000036  0.0000218    0.000188    0.000060
2003   7  29  52849   0.211268   0.489491  -0.3536153  -0.0004907  -0.060993  -0.005262   0.000048   0.000049  0.0000040  0.0000110    0.000205    0.000066
2003   7  30  52850   0.213789   0.486700  -0.3532035  -0.0002875  -0.060539  -0.004918   0.000048   0.000050  0.0000068  0.0000115    0.000308    0.000099
2003   7  31  52851   0.216476   0.484135  -0.3530460  -0.0000603  -0.060260  -0.004781   0.000048   0.000063  0.0000112  0.0000182    0.000337    0.000124
2003   8   1  52852   0.219163   0.481819  -0.3530983   0.0001397  -0.060282  -0.004970   0.000050   0.000068  0.0000059  0.0000108    0.000191    0.000072
2003   8   2  52853   0.221397   0.479781  -0.3533289   0.0003002  -0.060481  -0.005237   0.000054   0.000073  0.0000064  0.0000114    0.000187    0.000071
2003   8   3  52854   0.223075   0.477505  -0.3536975   0.0003806  -0.060724  -0.005280   0.000058   0.000119  0.0000070  0.0000248    0.000175    0.000067
2003   8   4  52855   0.224749   0.475036  -0.3540780   0.0003479  -0.061002  -0.005040   0.000054   0.000069  0.0000035  0.0000210    0.000130    0.000054
2003   8   5  52856   0.226420   0.472626  -0.3543266   0.0001698  -0.061351  -0.004706   0.000050   0.000051  0.0000041  0.0000106    0.000130    0.000054
2003   8   6  52857   0.228127   0.469862  -0.3543585  -0.0000613  -0.061740  -0.004520   0.000049   0.000050  0.0000064  0.0000109    0.000130    0.000054
2003   8   7  52858   0.230135   0.466841  -0.3541732  -0.0002909  -0.062055  -0.004564   0.000051   0.000064  0.0000108  0.0000211    0.000177    0.000068
2003   8   8  52859   0.232176   0.463933  -0.3537464  -0.0005074  -0.062192  -0.004732   0.000065   0.000067  0.0000081  0.0000203    0.000195    0.000073
2003   8   9  52860   0.234046   0.461302  -0.3531831  -0.0006108  -0.062147  -0.004870   0.000074   0.000057  0.0000100  0.0000219    0.000195    0.000073
2003   8  10  52861   0.235889   0.459113  -0.3525883  -0.0005568  -0.061994  -0.004923   0.000059   0.000058  0.0000119  0.0000304    0.000199    0.000072
2003   8  11  52862   0.237711   0.457036  -0.3520846  -0.0004022  -0.061809  -0.004938   0.000052   0.000055  0.0000037  0.0000194    0.000240    0.000070
2003   8  12  52863   0.239518   0.454720  -0.3517717  -0.0002102  -0.061623  -0.004964   0.000048   0.000064  0.0000040  0.0000097    0.000262    0.000077
2003   8  13  52864   0.241301   0.452344  -0.3516824  -0.0000008  -0.061464  -0.004971   0.000047   0.000062  0.0000062  0.0000099    0.000386    0.000115
2003   8  14  52865   0.243073   0.450017  -0.3517684   0.0001650  -0.061371  -0.004874   0.000047   0.000050  0.0000104  0.0000146    0.000417    0.000139
2003   8  15  52866   0.244650   0.447710  -0.3519874   0.0002637  -0.061466  -0.004670   0.000048   0.000049  0.0000081  0.0000094    0.000241    0.000081
2003   8  16  52867   0.245965   0.445017  -0.3523217   0.0003116  -0.061829  -0.004459   0.000064   0.000052  0.0000092  0.0000099    0.000235    0.000079
2003   8  17  52868   0.247537   0.441995  -0.3526729   0.0002968  -0.062365  -0.004347   0.000112   0.000057  0.0000095  0.0000213    0.000205    0.000070
2003   8  18  52869   0.249143   0.438922  -0.3529014   0.0001688  -0.062866  -0.004353   0.000067   0.000054  0.0000028  0.0000165    0.000127    0.000046
2003   8  19  52870   0.250628   0.435738  -0.3529149  -0.0000531  -0.063178  -0.004423   0.000051   0.000050  0.0000032  0.0000082    0.000128    0.000046
2003   8  20  52871   0.252244   0.432708  -0.3527129  -0.0002707  -0.063289  -0.004518   0.000064   0.000049  0.0000046  0.0000087    0.000151    0.000054
2003   8  21  52872   0.253769   0.429991  -0.3523666  -0.0004571  -0.063296  -0.004640   0.000105   0.000049  0.0000074  0.0000170    0.000429    0.000158
2003   8  22  52873   0.254987   0.427565  -0.3518505  -0.0005770  -0.063263  -0.004803   0.000067   0.000051  0.0000076  0.0000155    0.000286    0.000107
2003   8  23  52874   0.255918   0.425211  -0.3512420  -0.0006213  -0.063158  -0.004986   0.000055   0.000066  0.0000110  0.0000171    0.000234    0.000088
2003   8  24  52875   0.256949   0.422337  -0.3507290  -0.0006265  -0.062989  -0.005124   0.000057   0.000075  0.0000173  0.0000264    0.000216    0.000080
2003   8  25  52876   0.258249   0.419101  -0.3500978  -0.0005505  -0.062851  -0.005152   0.000053   0.000056  0.0000040  0.0000251    0.000172    0.000062
2003   8  26  52877   0.259296   0.415948  -0.3495434  -0.0003725  -0.062820  -0.005062   0.000049   0.000051  0.0000041  0.0000188    0.000186    0.000067
2003   8  27  52878   0.260090   0.412608  -0.3493115  -0.0000685  -0.062833  -0.004903   0.000048   0.000050  0.0000050  0.0000157    0.000245    0.000090
2003   8  28  52879   0.261201   0.409297  -0.3494312   0.0002973  -0.062695  -0.004763   0.000049   0.000050  0.0000036  0.0000097    0.000197    0.000076
2003   8  29  52880   0.262350   0.406405  -0.3498691   0.0005435  -0.062374  -0.004704   0.000049   0.000052  0.0000037  0.0000094    0.000175    0.000077
2003   8  30  52881   0.263357   0.403572  -0.3505415   0.0007296  -0.062204  -0.004707   0.000053   0.000070  0.0000060  0.0000146    0.000180    0.000092
2003   8  31  52882   0.264406   0.400725  -0.3513590   0.0007537  -0.062399  -0.004728   0.000058   0.000120  0.0000127  0.0000134    0.000182    0.000097
2003   9   1  52883   0.265264   0.397768  -0.3520381   0.0005732  -0.062865  -0.004717   0.000053   0.000069  0.0000060  0.0000135    0.000101    0.000039
2003   9   2  52884   0.265548   0.394645  -0.3524734   0.0003311  -0.063354  -0.004654   0.000048   0.000050  0.0000021  0.0000132    0.000100    0.000038
2003   9   3  52885   0.265409   0.391497  -0.3526451   0.0000703  -0.063637  -0.004576   0.000046   0.000047  0.0000024  0.0000069    0.000109    0.000042
2003   9   4  52886   0.265354   0.388235  -0.3525915  -0.0001404  -0.063620  -0.004538   0.000046   0.000047  0.0000032  0.0000064    0.000161    0.000063
2003   9   5  52887   0.265278   0.384760  -0.3523694  -0.0002723  -0.063414  -0.004543   0.000048   0.000049  0.0000042  0.0000071    0.000180    0.000074
2003   9   6  52888   0.265146   0.381148  -0.3520813  -0.0003101  -0.063214  -0.004583   0.000052   0.000055  0.0000063  0.0000088    0.000153    0.000064
2003   9   7  52889   0.265049   0.377717  -0.3518263  -0.0002644  -0.063085  -0.004647   0.000056   0.000074  0.0000102  0.0000118    0.000133    0.000055
2003   9   8  52890   0.264924   0.374512  -0.3516070  -0.0001077  -0.062997  -0.004708   0.000052   0.000066  0.0000018  0.0000080    0.000088    0.000037
2003   9   9  52891   0.264652   0.371422  -0.3515601   0.0000864  -0.062905  -0.004717   0.000048   0.000050  0.0000019  0.0000060    0.000089    0.000037
2003   9  10  52892   0.264488   0.368137  -0.3517490   0.0002601  -0.062787  -0.004608   0.000046   0.000048  0.0000026  0.0000076    0.000100    0.000041
2003   9  11  52893   0.264645   0.364796  -0.3520657   0.0003746  -0.062754  -0.004359   0.000046   0.000048  0.0000031  0.0000107    0.000178    0.000055
2003   9  12  52894   0.264504   0.361572  -0.3524656   0.0003817  -0.062930  -0.004043   0.000047   0.000050  0.0000035  0.0000097    0.000200    0.000052
2003   9  13  52895   0.264224   0.358225  -0.3528433   0.0003207  -0.063068  -0.003842   0.000053   0.000055  0.0000060  0.0000133    0.000239    0.000056
2003   9  14  52896   0.264210   0.355013  -0.3531381   0.0002464  -0.063176  -0.003857   0.000077   0.000060  0.0000156  0.0000208    0.000389    0.000084
2003   9  15  52897   0.264224   0.352033  -0.3533408   0.0001745  -0.063416  -0.004023   0.000117   0.000056  0.0000049  0.0000113    0.000215    0.000087
2003   9  16  52898   0.264146   0.349119  -0.3534534   0.0000855  -0.063580  -0.004150   0.000066   0.000053  0.0000032  0.0000082    0.000152    0.000089
2003   9  17  52899   0.264015   0.346215  -0.3534652  -0.0000522  -0.063498  -0.004173   0.000049   0.000068  0.0000031  0.0000075    0.000189    0.000070
2003   9  18  52900   0.263947   0.343217  -0.3533493  -0.0001961  -0.063322  -0.004265   0.000046   0.000108  0.0000018  0.0000064    0.000140    0.000037
2003   9  19  52901   0.263724   0.340072  -0.3530992  -0.0002755  -0.063131  -0.004515   0.000047   0.000068  0.0000026  0.0000077    0.000149    0.000040
2003   9  20  52902   0.263037   0.336714  -0.3528067  -0.0002891  -0.062816  -0.004802   0.000053   0.000057  0.0000077  0.0000160    0.000195    0.000055
2003   9  21  52903   0.262478   0.333123  -0.3525755  -0.0002234  -0.062337  -0.004927   0.000060   0.000062  0.0000178  0.0000247    0.000203    0.000060
2003   9  22  52904   0.262559   0.329882  -0.3524237  -0.0000365  -0.061894  -0.004818   0.000061   0.000062  0.0000035  0.0000121    0.000163    0.000052
2003   9  23  52905   0.262552   0.327278  -0.3524782   0.0002152  -0.061742  -0.004569   0.000072   0.000058  0.0000036  0.0000084    0.000177    0.000057
2003   9  24  52906   0.261872   0.324430  -0.3528275   0.0004662  -0.061881  -0.004307   0.000072   0.000057  0.0000055  0.0000084    0.000258    0.000085
2003   9  25  52907   0.260885   0.321088  -0.3534343   0.0007188  -0.062064  -0.004106   0.000058   0.000059  0.0000057  0.0000107    0.000315    0.000081
2003   9  26  52908   0.259994   0.317601  -0.3542526   0.0008886  -0.062192  -0.004014   0.000056   0.000059  0.0000031  0.0000088    0.000196    0.000045
2003   9  27  52909   0.259515   0.314265  -0.3551726   0.0009055  -0.062365  -0.004078   0.000060   0.000064  0.0000045  0.0000085    0.000192    0.000044
2003   9  28  52910   0.259342   0.311366  -0.3561365   0.0007874  -0.062617  -0.004269   0.000063   0.000090  0.0000082  0.0000107    0.000159    0.000043
2003   9  29  52911   0.259191   0.308702  -0.3568464   0.0006109  -0.062859  -0.004435   0.000060   0.000134  0.0000022  0.0000091    0.000092    0.000038
2003   9  30  52912   0.259041   0.306480  -0.3572752   0.0003768  -0.063000  -0.004429   0.000055   0.000074  0.0000023  0.0000068    0.000093    0.000038
2003  10   1  52913   0.258426   0.304361  -0.3575065   0.0001383  -0.063017  -0.004258   0.000055   0.000057  0.0000035  0.0000082    0.000114    0.000047
2003  10   2  52914   0.257343   0.301675  -0.3575877  -0.0000062  -0.062923  -0.004095   0.000070   0.000056  0.0000084  0.0000106    0.000344    0.000152
2003  10   3  52915   0.256183   0.298963  -0.3575337  -0.0000381  -0.062712  -0.004059   0.000071   0.000056  0.0000069  0.0000055    0.000232    0.000187
2003  10   4  52916   0.254901   0.296456  -0.3575779   0.0000620  -0.062349  -0.004030   0.000060   0.000059  0.0000090  0.0000061    0.000194    0.000177
2003  10   5  52917   0.253564   0.293751  -0.3577156   0.0002459  -0.061891  -0.003957   0.000062   0.000064  0.0000116  0.0000168    0.000176    0.000155
2003  10   6  52918   0.252203   0.290732  -0.3580531   0.0004446  -0.061489  -0.003894   0.000059   0.000061  0.0000037  0.0000090    0.000127    0.000100
2003  10   7  52919   0.250885   0.287667  -0.3586120   0.0006150  -0.061313  -0.003872   0.000056   0.000056  0.0000039  0.0000045    0.000127    0.000100
2003  10   8  52920   0.249543   0.284946  -0.3593255   0.0007160  -0.061399  -0.003844   0.000068   0.000054  0.0000052  0.0000052    0.000142    0.000106
2003  10   9  52921   0.248035   0.282336  -0.3600625   0.0007225  -0.061523  -0.003703   0.000073   0.000055  0.0000037  0.0000126    0.000184    0.000102
2003  10  10  52922   0.246479   0.279545  -0.3607590   0.0006992  -0.061449  -0.003434   0.000077   0.000057  0.0000023  0.0000104    0.000132    0.000070
2003  10  11  52923   0.244436   0.276771  -0.3614118   0.0005968  -0.061345  -0.003218   0.000125   0.000061  0.0000026  0.0000098    0.000114    0.000060
2003  10  12  52924   0.242006   0.273940  -0.3619529   0.0004560  -0.061360  -0.003196   0.000074   0.000061  0.0000037  0.0000135    0.000111    0.000056
2003  10  13  52925   0.239763   0.270965  -0.3623484   0.0003225  -0.061415  -0.003339   0.000051   0.000054  0.0000027  0.0000133    0.000109    0.000046
2003  10  14  52926   0.237692   0.267796  -0.3625995   0.0001728  -0.061343  -0.003536   0.000045   0.000061  0.0000028  0.0000069    0.000116    0.000049
2003  10  15  52927   0.235737   0.264492  -0.3627138   0.0000494  -0.061102  -0.003719   0.000045   0.000059  0.0000038  0.0000070    0.000152    0.000066
2003  10  16  52928   0.233817   0.261335  -0.3626909  -0.0000524  -0.060902  -0.003892   0.000045   0.000049  0.0000066  0.0000127    0.000191    0.000099
2003  10  17  52929   0.231770   0.258249  -0.3626098  -0.0000984  -0.060779  -0.004047   0.000047   0.000062  0.0000064  0.0000169    0.000163    0.000120
2003  10  18  52930   0.229758   0.255262  -0.3625343  -0.0000422  -0.060518  -0.004104   0.000053   0.000074  0.0000072  0.0000192    0.000162    0.000121
2003  10  19  52931   0.227881   0.252733  -0.3625971   0.0001472  -0.060011  -0.003981   0.000072   0.000062  0.0000109  0.0000284    0.000148    0.000079
2003  10  20  52932   0.225943   0.250323  -0.3628611   0.0004173  -0.059491  -0.003715   0.000064   0.000056  0.0000024  0.0000139    0.000105    0.000037
2003  10  21  52933   0.223930   0.247652  -0.3633932   0.0006887  -0.059299  -0.003451   0.000049   0.000050  0.0000023  0.0000070    0.000112    0.000040
2003  10  22  52934   0.221862   0.244981  -0.3642239   0.0009658  -0.059483  -0.003270   0.000048   0.000051  0.0000034  0.0000077    0.000153    0.000060
2003  10  23  52935   0.220194   0.242468  -0.3653249   0.0012153  -0.059815  -0.003119   0.000050   0.000053  0.0000042  0.0000113    0.000212    0.000092
2003  10  24  52936   0.219195   0.240183  -0.3666106   0.0013216  -0.060145  -0.002961   0.000053   0.000055  0.0000040  0.0000083    0.000168    0.000075
2003  10  25  52937   0.218553   0.238020  -0.3679277   0.0012511  -0.060440  -0.002889   0.000068   0.000060  0.0000062  0.0000098    0.000147    0.000069
2003  10  26  52938   0.218073   0.235993  -0.3691075   0.0010240  -0.060583  -0.002995   0.000076   0.000066  0.0000111  0.0000225    0.000141    0.000069
2003  10  27  52939   0.217081   0.234049  -0.3699877   0.0006724  -0.060421  -0.003165   0.000057   0.000086  0.0000026  0.0000207    0.000129    0.000081
2003  10  28  52940   0.215373   0.231868  -0.3704426   0.0003044  -0.060011  -0.003189   0.000052   0.000145  0.0000025  0.0000122    0.000140    0.000088
2003  10  29  52941   0.213709   0.229496  -0.3705357   0.0000331  -0.059604  -0.003075   0.000052   0.000139  0.0000043  0.0000141    0.000208    0.000131
2003  10  30  52942   0.212390   0.227227  -0.3705492  -0.0000794  -0.059563  -0.003058   0.000054   0.000076  0.0000109  0.0000261    0.000291    0.000141
2003  10  31  52943   0.210972   0.225311  -0.3704320  -0.0000966  -0.059719  -0.003201   0.000055   0.000058  0.0000076  0.0000198    0.000184    0.000080
2003  11   1  52944   0.209209   0.223641  -0.3703836  -0.0000325  -0.059724  -0.003309   0.000058   0.000060  0.0000095  0.0000212    0.000180    0.000079
2003  11   2  52945   0.207182   0.221903  -0.3704420   0.0001373  -0.059556  -0.003238   0.000061   0.000067  0.0000106  0.0000319    0.000168    0.000071
2003  11   3  52946   0.205006   0.219816  -0.3706835   0.0003450  -0.059330  -0.003064   0.000057   0.000082  0.0000028  0.0000233    0.000126    0.000048
2003  11   4  52947   0.202660   0.217264  -0.3711052   0.0005085  -0.059134  -0.002933   0.000053   0.000073  0.0000028  0.0000140    0.000138    0.000053
2003  11   5  52948   0.200264   0.214392  -0.3716474   0.0005671  -0.059032  -0.002852   0.000065   0.000072  0.0000043  0.0000117    0.000215    0.000083
2003  11   6  52949   0.198144   0.211427  -0.3722215   0.0005563  -0.058942  -0.002638   0.000065   0.000071  0.0000052  0.0000073    0.000237    0.000104
2003  11   7  52950   0.196266   0.208552  -0.3727572   0.0004712  -0.058807  -0.002256   0.000053   0.000073  0.0000035  0.0000063    0.000126    0.000058
2003  11   8  52951   0.194530   0.205960  -0.3731586   0.0003704  -0.058775  -0.002000   0.000058   0.000085  0.0000048  0.0000091    0.000104    0.000048
2003  11   9  52952   0.192665   0.203714  -0.3735664   0.0002638  -0.058870  -0.002070   0.000064   0.000071  0.0000083  0.0000234    0.000101    0.000046
2003  11  10  52953   0.190169   0.201478  -0.3737810   0.0001373  -0.058951  -0.002370   0.000060   0.000062  0.0000028  0.0000196    0.000106    0.000043
2003  11  11  52954   0.187143   0.198931  -0.3738108   0.0000307  -0.058829  -0.002648   0.000054   0.000055  0.0000027  0.0000098    0.000116    0.000047
2003  11  12  52955   0.184405   0.196404  -0.3737570  -0.0000622  -0.058429  -0.002747   0.000052   0.000054  0.0000042  0.0000071    0.000174    0.000071
2003  11  13  52956   0.182112   0.194069  -0.3736980  -0.0000209  -0.058061  -0.002769   0.000053   0.000055  0.0000086  0.0000089    0.000326    0.000112
2003  11  14  52957   0.179802   0.191710  -0.3736912   0.0000283  -0.057882  -0.002820   0.000056   0.000058  0.0000053  0.0000135    0.000227    0.000081
2003  11  15  52958   0.177354   0.189371  -0.3737599   0.0001010  -0.057723  -0.002813   0.000074   0.000078  0.0000063  0.0000180    0.000190    0.000071
2003  11  16  52959   0.175104   0.187340  -0.3739438   0.0002634  -0.057427  -0.002661   0.000081   0.000160  0.0000113  0.0000305    0.000162    0.000062
2003  11  17  52960   0.172807   0.185812  -0.3743024   0.0004771  -0.057052  -0.002425   0.000061   0.000148  0.0000028  0.0000203    0.000105    0.000042
2003  11  18  52961   0.170059   0.184090  -0.3748770   0.0006829  -0.056784  -0.002267   0.000055   0.000073  0.0000027  0.0000112    0.000113    0.000044
2003  11  19  52962   0.167207   0.182162  -0.3756701   0.0008708  -0.056685  -0.002240   0.000053   0.000056  0.0000039  0.0000084    0.000162    0.000058
2003  11  20  52963   0.164380   0.180698  -0.3766364   0.0010114  -0.056789  -0.002168   0.000053   0.000055  0.0000067  0.0000077    0.000262    0.000088
2003  11  21  52964   0.161777   0.179499  -0.3776690   0.0010866  -0.057092  -0.001942   0.000055   0.000058  0.0000054  0.0000073    0.000171    0.000063
2003  11  22  52965   0.159301   0.178694  -0.3787707   0.0010310  -0.057452  -0.001721   0.000061   0.000077  0.0000069  0.0000096    0.000141    0.000052
2003  11  23  52966   0.156593   0.178050  -0.3797340   0.0007962  -0.057720  -0.001735   0.000072   0.000094  0.0000093  0.0000240    0.000131    0.000052
2003  11  24  52967   0.153465   0.177089  -0.3803816   0.0004862  -0.057735  -0.001912   0.000090   0.000073  0.0000028  0.0000182    0.000105    0.000064
2003  11  25  52968   0.149605   0.175869  -0.3807007   0.0001990  -0.057537  -0.001935   0.000075   0.000082  0.0000026  0.0000087    0.000111    0.000066
2003  11  26  52969   0.145208   0.174498  -0.3807789  -0.0000143  -0.057393  -0.001707   0.000059   0.000079  0.0000035  0.0000073    0.000137    0.000072
2003  11  27  52970   0.141181   0.173206  -0.3807048  -0.0000693  -0.057342  -0.001492   0.000059   0.000064  0.0000056  0.0000103    0.000168    0.000077
2003  11  28  52971   0.137864   0.172102  -0.3806764   0.0000300  -0.057194  -0.001511   0.000061   0.000064  0.0000108  0.0000246    0.000177    0.000079
2003  11  29  52972   0.134356   0.170865  -0.3807943   0.0001918  -0.056896  -0.001640   0.000066   0.000069  0.0000399  0.0000361    0.000174    0.000079
2003  11  30  52973   0.130325   0.169363  -0.3810611   0.0003349  -0.056655  -0.001632   0.000068   0.000071  0.0000259  0.0000340    0.000132    0.000085
2003  12   1  52974   0.126370   0.168086  -0.3814518   0.0004490  -0.056653  -0.001463   0.000060   0.000062  0.0000041  0.0000157    0.000133    0.000085
2003  12   2  52975   0.123068   0.166923  -0.3819356   0.0005253  -0.056837  -0.001293   0.000054   0.000055  0.0000039  0.0000071    0.000140    0.000087
2003  12   3  52976   0.120115   0.165695  -0.3824674   0.0005094  -0.057048  -0.001216   0.000053   0.000054  0.0000052  0.0000052    0.000175    0.000095
2003  12   4  52977   0.116984   0.164729  -0.3829768   0.0004421  -0.057094  -0.001156   0.000056   0.000055  0.0000056  0.0000056    0.000255    0.000113
2003  12   5  52978   0.114035   0.164177  -0.3833511   0.0003357  -0.057054  -0.000969   0.000072   0.000058  0.0000050  0.0000067    0.000214    0.000084
2003  12   6  52979   0.111362   0.163828  -0.3836403   0.0002208  -0.057029  -0.000814   0.000085   0.000065  0.0000073  0.0000098    0.000181    0.000071
2003  12   7  52980   0.108461   0.163341  -0.3838190   0.0000810  -0.057015  -0.000868   0.000071   0.000072  0.0000143  0.0000249    0.000197    0.000077
2003  12   8  52981   0.105388   0.162766  -0.3838116  -0.0001037  -0.056984  -0.001119   0.000064   0.000068  0.0000098  0.0000258    0.000625    0.000365
2003  12   9  52982   0.102488   0.162296  -0.3835791  -0.0003088  -0.056860  -0.001418   0.000059   0.000062  0.0000034  0.0000098    0.000236    0.000131
2003  12  10  52983   0.099714   0.161853  -0.3832021  -0.0003997  -0.056539  -0.001625   0.000059   0.000060  0.0000019  0.0000059    0.000130    0.000072
2003  12  11  52984   0.096745   0.161324  -0.3828310  -0.0003920  -0.056051  -0.001721   0.000073   0.000059  0.0000025  0.0000067    0.000157    0.000084
2003  12  12  52985   0.093325   0.160660  -0.3824403  -0.0003170  -0.055529  -0.001764   0.000075   0.000060  0.0000037  0.0000088    0.000191    0.000070
2003  12  13  52986   0.089687   0.159791  -0.3821637  -0.0002118  -0.055118  -0.001768   0.000064   0.000065  0.0000055  0.0000110    0.000174    0.000058
2003  12  14  52987   0.086399   0.159030  -0.3819618  -0.0000729  -0.054879  -0.001694   0.000066   0.000070  0.0000100  0.0000250    0.000172    0.000054
2003  12  15  52988   0.083458   0.158815  -0.3819823   0.0001298  -0.054791  -0.001552   0.000061   0.000062  0.0000027  0.0000189    0.000189    0.000042
2003  12  16  52989   0.080558   0.158762  -0.3822558   0.0003657  -0.054814  -0.001437   0.000068   0.000056  0.0000025  0.0000093    0.000199    0.000046
2003  12  17  52990   0.077580   0.158429  -0.3827557   0.0006116  -0.054888  -0.001393   0.000063   0.000071  0.0000026  0.0000076    0.000142    0.000045
2003  12  18  52991   0.074407   0.157981  -0.3834543   0.0007497  -0.055004  -0.001307   0.000049   0.000112  0.0000016  0.0000053    0.000074    0.000027
2003  12  19  52992   0.071427   0.157570  -0.3842346   0.0007917  -0.055244  -0.001054   0.000059   0.000075  0.0000020  0.0000052    0.000079    0.000031
2003  12  20  52993   0.068861   0.157207  -0.3850113   0.0007376  -0.055614  -0.000737   0.000080   0.000065  0.0000045  0.0000083    0.000106    0.000053
2003  12  21  52994   0.066305   0.156702  -0.3857129   0.0005456  -0.056044  -0.000618   0.000072   0.000071  0.0000098  0.0000217    0.000114    0.000068
2003  12  22  52995   0.063493   0.156148  -0.3861824   0.0002724  -0.056342  -0.000783   0.000091   0.000065  0.0000030  0.0000162    0.000103    0.000066
2003  12  23  52996   0.060301   0.155700  -0.3863184   0.0000522  -0.056397  -0.001028   0.000126   0.000058  0.0000031  0.0000081    0.000103    0.000066
2003  12  24  52997   0.056591   0.155345  -0.3862305   0.0000053  -0.056367  -0.001159   0.000073   0.000058  0.0000042  0.0000089    0.000103    0.000066
2003  12  25  52998   0.052565   0.155019  -0.3861677   0.0001047  -0.056404  -0.001223   0.000059   0.000074  0.0000066  0.0000216    0.000103    0.000066
2003  12  26  52999   0.048880   0.154743  -0.3862921   0.0002466  -0.056428  -0.001335   0.000074   0.000079  0.0000113  0.0000303    0.000103    0.000066
2003  12  27  53000   0.045815   0.154751  -0.3866460   0.0003884  -0.056321  -0.001409   0.000083   0.000067  0.0000030  0.0000332    0.000108    0.000039
2003  12  28  53001   0.042881   0.154983  -0.3871915   0.0005221  -0.056151  -0.001253   0.000068   0.000071  0.0000022  0.0000333    0.000108    0.000038
2003  12  29  53002   0.039862   0.155028  -0.3878475   0.0006006  -0.056028  -0.000869   0.000062   0.000088  0.0000023  0.0000189    0.000108    0.000038
2003  12  30  53003   0.036942   0.154733  -0.3885151   0.0006020  -0.055903  -0.000480   0.000056   0.000075  0.0000027  0.0000092    0.000108    0.000038
2003  12  31  53004   0.034044   0.154398  -0.3891039   0.0005520  -0.055691  -0.000276   0.000056   0.000061  0.0000041  0.0000098    0.000108    0.000038
2004   1   1  53005   0.031218   0.154089  -0.3895814   0.0004897  -0.055443  -0.000245   0.000058   0.000061  0.0000117  0.0000221    0.000108    0.000038
2004   1   2  53006   0.028835   0.153874  -0.3900569   0.0004201  -0.055265  -0.000278   0.000061   0.000062  0.0000320  0.0000305    0.000108    0.000038
2004   1   3  53007   0.026660   0.154059  -0.3904589   0.0002806  -0.055170  -0.000332   0.000079   0.000067  0.0000288  0.0000318    0.000121    0.000053
2004   1   4  53008   0.024202   0.154541  -0.3906591   0.0000993  -0.055118  -0.000466   0.000092   0.000073  0.0000145  0.0000339    0.000122    0.000053
2004   1   5  53009   0.021496   0.155101  -0.3906452  -0.0000474  -0.055140  -0.000715   0.000070   0.000072  0.0000032  0.0000246    0.000122    0.000054
2004   1   6  53010   0.018694   0.155720  -0.3905273  -0.0001089  -0.055273  -0.001006   0.000062   0.000083  0.0000037  0.0000149    0.000122    0.000054
2004   1   7  53011   0.015870   0.156435  -0.3904450  -0.0000320  -0.055409  -0.001215   0.000061   0.000080  0.0000053  0.0000141    0.000140    0.000059
2004   1   8  53012   0.012903   0.157187  -0.3904650   0.0000903  -0.055289  -0.001255   0.000060   0.000064  0.0000072  0.0000101    0.000261    0.000083
2004   1   9  53013   0.010007   0.157708  -0.3906132   0.0002582  -0.054801  -0.001161   0.000062   0.000064  0.0000049  0.0000095    0.000223    0.000081
2004   1  10  53014   0.007584   0.157955  -0.3909932   0.0004956  -0.054282  -0.001131   0.000069   0.000071  0.0000067  0.0000155    0.000200    0.000079
2004   1  11  53015   0.005349   0.158142  -0.3916089   0.0007552  -0.054014  -0.001206   0.000073   0.000076  0.0000114  0.0000315    0.000174    0.000067
2004   1  12  53016   0.003014   0.158624  -0.3924849   0.0009972  -0.053985  -0.001253   0.000067   0.000069  0.0000023  0.0000180    0.000116    0.000041
2004   1  13  53017   0.000846   0.159331  -0.3935847   0.0011971  -0.054057  -0.001162   0.000061   0.000063  0.0000022  0.0000092    0.000126    0.000045
2004   1  14  53018  -0.001145   0.160279  -0.3948327   0.0012622  -0.054158  -0.000951   0.000061   0.000063  0.0000036  0.0000071    0.000182    0.000068
2004   1  15  53019  -0.003315   0.161677  -0.3961509   0.0012124  -0.054368  -0.000779   0.000062   0.000065  0.0000073  0.0000095    0.000253    0.000084
2004   1  16  53020  -0.005487   0.162941  -0.3972640   0.0010660  -0.054748  -0.000686   0.000063   0.000067  0.0000054  0.0000131    0.000171    0.000050
2004   1  17  53021  -0.007650   0.163977  -0.3982502   0.0008200  -0.055274  -0.000638   0.000068   0.000087  0.0000076  0.0000118    0.000168    0.000049
2004   1  18  53022  -0.010224   0.165334  -0.3989626   0.0005677  -0.055818  -0.000671   0.000073   0.000103  0.0000154  0.0000154    0.000168    0.000049
2004   1  19  53023  -0.013266   0.166630  -0.3994150   0.0003482  -0.056175  -0.000821   0.000068   0.000102  0.0000153  0.0000237    0.000162    0.000050
2004   1  20  53024  -0.016234   0.167512  -0.3996656   0.0001923  -0.056205  -0.001014   0.000062   0.000090  0.0000032  0.0000119    0.000162    0.000050
2004   1  21  53025  -0.018740   0.168648  -0.3998443   0.0001930  -0.055937  -0.001148   0.000061   0.000088  0.0000021  0.0000078    0.000162    0.000050
2004   1  22  53026  -0.021201   0.170348  -0.4000853   0.0003085  -0.055489  -0.001221   0.000062   0.000086  0.0000028  0.0000096    0.000170    0.000054
2004   1  23  53027  -0.023910   0.172094  -0.4004504   0.0004425  -0.055021  -0.001300   0.000064   0.000069  0.0000040  0.0000138    0.000198    0.000067
2004   1  24  53028  -0.026312   0.173460  -0.4009681   0.0006128  -0.054696  -0.001361   0.000068   0.000072  0.0000060  0.0000158    0.000200    0.000069
2004   1  25  53029  -0.027961   0.174734  -0.4016504   0.0007784  -0.054628  -0.001293   0.000076   0.000080  0.0000101  0.0000176    0.000187    0.000064
2004   1  26  53030  -0.029156   0.176153  -0.4024586   0.0008306  -0.054838  -0.001085   0.000076   0.000076  0.0000020  0.0000128    0.000140    0.000047
2004   1  27  53031  -0.030287   0.177736  -0.4033058   0.0008102  -0.055195  -0.000882   0.000087   0.000071  0.0000018  0.0000083    0.000140    0.000047
2004   1  28  53032  -0.031670   0.179479  -0.4040792   0.0006941  -0.055489  -0.000821   0.000087   0.000086  0.0000025  0.0000097    0.000140    0.000047
2004   1  29  53033  -0.033536   0.181308  -0.4046781   0.0004728  -0.055635  -0.000902   0.000087   0.000086  0.0000055  0.0000208    0.000146    0.000054
2004   1  30  53034  -0.036002   0.183216  -0.4050441   0.0002388  -0.055650  -0.001014   0.000084   0.000069  0.0000040  0.0000146    0.000148    0.000056
2004   1  31  53035  -0.039009   0.184888  -0.4051829   0.0000152  -0.055546  -0.001087   0.000072   0.000073  0.0000058  0.0000162    0.000148    0.000057
2004   2   1  53036  -0.042105   0.186187  -0.4051471  -0.0001177  -0.055316  -0.001149   0.000075   0.000082  0.0000111  0.0000287    0.000151    0.000058
2004   2   2  53037  -0.045014   0.187299  -0.4049593  -0.0002106  -0.055026  -0.001272   0.000069   0.000099  0.0000036  0.0000173    0.000184    0.000074
2004   2   3  53038  -0.048045   0.188316  -0.4047072  -0.0002608  -0.054802  -0.001469   0.000064   0.000086  0.0000037  0.0000137    0.000185    0.000075
2004   2   4  53039  -0.051294   0.189268  -0.4044465  -0.0002529  -0.054687  -0.001656   0.000061   0.000067  0.0000056  0.0000133    0.000213    0.000086
2004   2   5  53040  -0.054249   0.190089  -0.4041884  -0.0001605  -0.054587  -0.001769   0.000061   0.000065  0.0000064  0.0000115    0.000342    0.000139
2004   2   6  53041  -0.056709   0.191006  -0.4041205   0.0000178  -0.054409  -0.001818   0.000063   0.000066  0.0000036  0.0000088    0.000221    0.000090
2004   2   7  53042  -0.058882   0.192261  -0.4042374   0.0002758  -0.054271  -0.001768   0.000082   0.000073  0.0000053  0.0000108    0.000186    0.000075
2004   2   8  53043  -0.060696   0.193841  -0.4046437   0.0005577  -0.054271  -0.001665   0.000090   0.000081  0.0000105  0.0000272    0.000169    0.000069
2004   2   9  53044  -0.062589   0.195627  -0.4052990   0.0007418  -0.054369  -0.001578   0.000067   0.000093  0.0000034  0.0000243    0.000127    0.000053
2004   2  10  53045  -0.064985   0.197463  -0.4061246   0.0008872  -0.054462  -0.001534   0.000059   0.000076  0.0000033  0.0000150    0.000140    0.000058
2004   2  11  53046  -0.067769   0.199367  -0.4070629   0.0009421  -0.054507  -0.001532   0.000057   0.000060  0.0000053  0.0000161    0.000221    0.000091
2004   2  12  53047  -0.070805   0.201162  -0.4079829   0.0008675  -0.054616  -0.001469   0.000058   0.000059  0.0000112  0.0000196    0.000407    0.000203
2004   2  13  53048  -0.073813   0.202896  -0.4087624   0.0006898  -0.054840  -0.001349   0.000059   0.000062  0.0000066  0.0000117    0.000239    0.000143
2004   2  14  53049  -0.076793   0.204760  -0.4093551   0.0004511  -0.055033  -0.001252   0.000067   0.000085  0.0000082  0.0000124    0.000191    0.000118
2004   2  15  53050  -0.079528   0.206480  -0.4097157   0.0002379  -0.055099  -0.001274   0.000076   0.000175  0.0000105  0.0000207    0.000157    0.000116
2004   2  16  53051  -0.081594   0.208330  -0.4098770   0.0001062  -0.055076  -0.001465   0.000090   0.000160  0.0000043  0.0000095    0.000140    0.000102
2004   2  17  53052  -0.083021   0.210370  -0.4099557   0.0000696  -0.054970  -0.001753   0.000073   0.000078  0.0000025  0.0000054    0.000122    0.000082
2004   2  18  53053  -0.084346   0.212582  -0.4100766   0.0002145  -0.054717  -0.001992   0.000057   0.000060  0.0000040  0.0000057    0.000186    0.000105
2004   2  19  53054  -0.086647   0.215129  -0.4103346   0.0004158  -0.054477  -0.002083   0.000056   0.000058  0.0000078  0.0000100    0.000416    0.000129
2004   2  20  53055  -0.089933   0.217468  -0.4108221   0.0006112  -0.054347  -0.002039   0.000057   0.000059  0.0000048  0.0000096    0.000268    0.000092
2004   2  21  53056  -0.093117   0.219798  -0.4115853   0.0008265  -0.054250  -0.001971   0.000062   0.000065  0.0000057  0.0000091    0.000218    0.000079
2004   2  22  53057  -0.095712   0.222258  -0.4125256   0.0010279  -0.054172  -0.001933   0.000067   0.000070  0.0000065  0.0000112    0.000193    0.000077
2004   2  23  53058  -0.097993   0.224530  -0.4135565   0.0010939  -0.054190  -0.001931   0.000062   0.000065  0.0000018  0.0000101    0.000134    0.000077
2004   2  24  53059  -0.099956   0.226682  -0.4146073   0.0010368  -0.054355  -0.001983   0.000058   0.000059  0.0000020  0.0000075    0.000134    0.000077
2004   2  25  53060  -0.101372   0.228905  -0.4155889   0.0008737  -0.054630  -0.002097   0.000072   0.000059  0.0000031  0.0000090    0.000134    0.000077
2004   2  26  53061  -0.102559   0.231210  -0.4163804   0.0006677  -0.054896  -0.002237   0.000072   0.000060  0.0000076  0.0000200    0.000162    0.000088
2004   2  27  53062  -0.103998   0.233662  -0.4169713   0.0005068  -0.055024  -0.002345   0.000060   0.000078  0.0000065  0.0000149    0.000171    0.000091
2004   2  28  53063  -0.106050   0.236137  -0.4173962   0.0002637  -0.054939  -0.002401   0.000064   0.000159  0.0000093  0.0000126    0.000171    0.000091
2004   2  29  53064  -0.108415   0.238153  -0.4175696   0.0000170  -0.054636  -0.002446   0.000067   0.000161  0.0000148  0.0000155    0.000164    0.000081
2004   3   1  53065  -0.110566   0.240101  -0.4175101  -0.0000997  -0.054181  -0.002541   0.000058   0.000075  0.0000028  0.0000116    0.000133    0.000053
2004   3   2  53066  -0.112407   0.242302  -0.4173472  -0.0001618  -0.053695  -0.002707   0.000052   0.000055  0.0000028  0.0000078    0.000132    0.000053
2004   3   3  53067  -0.113993   0.244450  -0.4172124  -0.0001056  -0.053313  -0.002908   0.000050   0.000052  0.0000027  0.0000084    0.000103    0.000037
2004   3   4  53068  -0.115538   0.246649  -0.4171855   0.0000714  -0.053174  -0.003110   0.000050   0.000051  0.0000015  0.0000068    0.000079    0.000027
2004   3   5  53069  -0.117352   0.249124  -0.4173466   0.0002726  -0.053263  -0.003263   0.000065   0.000053  0.0000023  0.0000066    0.000108    0.000035
2004   3   6  53070  -0.119022   0.251697  -0.4177311   0.0005029  -0.053216  -0.003223   0.000076   0.000073  0.0000062  0.0000107    0.000171    0.000054
2004   3   7  53071  -0.120376   0.254372  -0.4183135   0.0007508  -0.052979  -0.002995   0.000064   0.000152  0.0000131  0.0000248    0.000183    0.000063
2004   3   8  53072  -0.121636   0.256551  -0.4191553   0.0009284  -0.052897  -0.002756   0.000058   0.000147  0.0000023  0.0000137    0.000117    0.000056
2004   3   9  53073  -0.122417   0.258282  -0.4201226   0.0009457  -0.053295  -0.002694   0.000054   0.000073  0.0000021  0.0000068    0.000121    0.000055
2004   3  10  53074  -0.123041   0.260320  -0.4210251   0.0008362  -0.054134  -0.002856   0.000053   0.000055  0.0000028  0.0000069    0.000135    0.000055
2004   3  11  53075  -0.123817   0.262385  -0.4217635   0.0005850  -0.054701  -0.003022   0.000054   0.000055  0.0000044  0.0000092    0.000149    0.000058
2004   3  12  53076  -0.124506   0.264377  -0.4222041   0.0003339  -0.054679  -0.003065   0.000055   0.000057  0.0000053  0.0000086    0.000152    0.000072
2004   3  13  53077  -0.125239   0.266489  -0.4224617   0.0001292  -0.054275  -0.003035   0.000059   0.000073  0.0000077  0.0000091    0.000152    0.000074
2004   3  14  53078  -0.126072   0.268739  -0.4225774  -0.0000131  -0.053720  -0.003009   0.000060   0.000076  0.0000135  0.0000144    0.000151    0.000070
2004   3  15  53079  -0.126954   0.270909  -0.4225294  -0.0000311  -0.053184  -0.003028   0.000052   0.000055  0.0000047  0.0000260    0.000146    0.000053
2004   3  16  53080  -0.128118   0.273009  -0.4224660   0.0000541  -0.052791  -0.003095   0.000047   0.000049  0.0000041  0.0000231    0.000146    0.000053
2004   3  17  53081  -0.129234   0.275068  -0.4225665   0.0002308  -0.052599  -0.003191   0.000047   0.000049  0.0000050  0.0000194    0.000170    0.000061
2004   3  18  53082  -0.130113   0.277332  -0.4229160   0.0004715  -0.052591  -0.003310   0.000049   0.000051  0.0000098  0.0000096    0.000344    0.000111
2004   3  19  53083  -0.131150   0.279804  -0.4235101   0.0007057  -0.052692  -0.003428   0.000050   0.000053  0.0000074  0.0000056    0.000236    0.000099
2004   3  20  53084  -0.131814   0.282194  -0.4243548   0.0009686  -0.052857  -0.003440   0.000054   0.000070  0.0000103  0.0000066    0.000198    0.000090
2004   3  21  53085  -0.131895   0.284948  -0.4255475   0.0011438  -0.052999  -0.003325   0.000060   0.000126  0.0000169  0.0000197    0.000187    0.000085
2004   3  22  53086  -0.131952   0.288132  -0.4266573   0.0011595  -0.053057  -0.003181   0.000056   0.000080  0.0000032  0.0000204    0.000160    0.000070
2004   3  23  53087  -0.131945   0.291576  -0.4277221   0.0011250  -0.053061  -0.003130   0.000051   0.000075  0.0000033  0.0000102    0.000160    0.000070
2004   3  24  53088  -0.132127   0.295198  -0.4288328   0.0010142  -0.053054  -0.003224   0.000050   0.000072  0.0000044  0.0000111    0.000160    0.000070
2004   3  25  53089  -0.132908   0.298624  -0.4298023   0.0008614  -0.053036  -0.003400   0.000051   0.000057  0.0000046  0.0000195    0.000170    0.000074
2004   3  26  53090  -0.134111   0.302053  -0.4306008   0.0007297  -0.052981  -0.003554   0.000052   0.000057  0.0000044  0.0000118    0.000172    0.000075
2004   3  27  53091  -0.135609   0.305500  -0.4312599   0.0005746  -0.052899  -0.003647   0.000057   0.000064  0.0000065  0.0000124    0.000172    0.000075
2004   3  28  53092  -0.136974   0.308590  -0.4317280   0.0004124  -0.052793  -0.003729   0.000061   0.000085  0.0000095  0.0000226    0.000161    0.000074
2004   3  29  53093  -0.137950   0.311729  -0.4321076   0.0003392  -0.052603  -0.003867   0.000056   0.000073  0.0000019  0.0000102    0.000124    0.000067
2004   3  30  53094  -0.138808   0.314989  -0.4325005   0.0004119  -0.052239  -0.004072   0.000051   0.000058  0.0000020  0.0000060    0.000140    0.000076
2004   3  31  53095  -0.139561   0.318028  -0.4329901   0.0005597  -0.051725  -0.004300   0.000051   0.000072  0.0000030  0.0000073    0.000201    0.000109
2004   4   1  53096  -0.140248   0.320864  -0.4336268   0.0007416  -0.051328  -0.004506   0.000065   0.000119  0.0000070  0.0000165    0.000204    0.000094
2004   4   2  53097  -0.140777   0.323573  -0.4344784   0.0009577  -0.051251  -0.004644   0.000070   0.000077  0.0000059  0.0000100    0.000132    0.000059
2004   4   3  53098  -0.140859   0.326254  -0.4355556   0.0012236  -0.051461  -0.004654   0.000073   0.000066  0.0000083  0.0000094    0.000131    0.000058
2004   4   4  53099  -0.140986   0.328911  -0.4368095   0.0014559  -0.051764  -0.004490   0.000079   0.000088  0.0000148  0.0000152    0.000134    0.000060
2004   4   5  53100  -0.141256   0.331238  -0.4383310   0.0015695  -0.052068  -0.004210   0.000059   0.000076  0.0000042  0.0000187    0.000163    0.000083
2004   4   6  53101  -0.140892   0.333527  -0.4399498   0.0015454  -0.052410  -0.003987   0.000052   0.000057  0.0000043  0.0000109    0.000177    0.000090
2004   4   7  53102  -0.140178   0.336407  -0.4414265   0.0013436  -0.052757  -0.003966   0.000051   0.000055  0.0000054  0.0000091    0.000236    0.000104
2004   4   8  53103  -0.139916   0.339609  -0.4426245   0.0010541  -0.053056  -0.004099   0.000051   0.000055  0.0000047  0.0000102    0.000196    0.000066
2004   4   9  53104  -0.139817   0.342765  -0.4435187   0.0007714  -0.053095  -0.004217   0.000053   0.000058  0.0000067  0.0000154    0.000164    0.000054
2004   4  10  53105  -0.139256   0.346016  -0.4441874   0.0005383  -0.052842  -0.004247   0.000070   0.000076  0.0000192  0.0000309    0.000159    0.000052
2004   4  11  53106  -0.138790   0.349409  -0.4446902   0.0003610  -0.052478  -0.004255   0.000083   0.000087  0.0000350  0.0000374    0.000190    0.000037
2004   4  12  53107  -0.138931   0.352588  -0.4450078   0.0003045  -0.052153  -0.004330   0.000061   0.000064  0.0000055  0.0000212    0.000185    0.000036
2004   4  13  53108  -0.139170   0.355473  -0.4453534   0.0004532  -0.051891  -0.004482   0.000055   0.000055  0.0000039  0.0000091    0.000153    0.000036
2004   4  14  53109  -0.139149   0.358264  -0.4459396   0.0006942  -0.051651  -0.004649   0.000065   0.000052  0.0000030  0.0000059    0.000116    0.000037
2004   4  15  53110  -0.138642   0.361042  -0.4467525   0.0008761  -0.051451  -0.004669   0.000067   0.000053  0.0000037  0.0000064    0.000152    0.000053
2004   4  16  53111  -0.137414   0.363955  -0.4477032   0.0009987  -0.051359  -0.004513   0.000057   0.000058  0.0000043  0.0000083    0.000201    0.000073
2004   4  17  53112  -0.135988   0.367283  -0.4487237   0.0010577  -0.051331  -0.004240   0.000073   0.000077  0.0000061  0.0000107    0.000175    0.000067
2004   4  18  53113  -0.134772   0.370683  -0.4498131   0.0010035  -0.051281  -0.003927   0.000075   0.000080  0.0000110  0.0000124    0.000167    0.000064
2004   4  19  53114  -0.133552   0.373976  -0.4507765   0.0009105  -0.051168  -0.003697   0.000056   0.000059  0.0000033  0.0000095    0.000152    0.000054
2004   4  20  53115  -0.132833   0.377508  -0.4515579   0.0007282  -0.051052  -0.003672   0.000050   0.000052  0.0000029  0.0000080    0.000152    0.000054
2004   4  21  53116  -0.132986   0.380603  -0.4521507   0.0004582  -0.051036  -0.003869   0.000050   0.000052  0.0000040  0.0000098    0.000152    0.000054
2004   4  22  53117  -0.133165   0.383037  -0.4525150   0.0002192  -0.051134  -0.004178   0.000052   0.000053  0.0000074  0.0000190    0.000137    0.000062
2004   4  23  53118  -0.132999   0.385447  -0.4526275   0.0000060  -0.051263  -0.004457   0.000054   0.000055  0.0000048  0.0000141    0.000135    0.000064
2004   4  24  53119  -0.132799   0.387554  -0.4525550  -0.0001548  -0.051359  -0.004661   0.000058   0.000059  0.0000069  0.0000150    0.000135    0.000064
2004   4  25  53120  -0.132146   0.389310  -0.4523613  -0.0002457  -0.051411  -0.004845   0.000062   0.000064  0.0000124  0.0000159    0.000142    0.000063
2004   4  26  53121  -0.130574   0.391127  -0.4521362  -0.0002151  -0.051359  -0.005047   0.000058   0.000060  0.0000029  0.0000105    0.000245    0.000054
2004   4  27  53122  -0.128602   0.393113  -0.4519765  -0.0000790  -0.051077  -0.005220   0.000052   0.000054  0.0000030  0.0000072    0.000245    0.000054
2004   4  28  53123  -0.126765   0.395424  -0.4519859   0.0001151  -0.050557  -0.005292   0.000052   0.000053  0.0000047  0.0000084    0.000244    0.000054
2004   4  29  53124  -0.125133   0.398235  -0.4522324   0.0003346  -0.050095  -0.005269   0.000065   0.000054  0.0000080  0.0000130    0.000182    0.000071
2004   4  30  53125  -0.123481   0.401351  -0.4526840   0.0006170  -0.050045  -0.005231   0.000069   0.000069  0.0000048  0.0000118    0.000175    0.000077
2004   5   1  53126  -0.121479   0.404494  -0.4534530   0.0009082  -0.050430  -0.005188   0.000072   0.000081  0.0000057  0.0000166    0.000175    0.000077
2004   5   2  53127  -0.119777   0.407685  -0.4544375   0.0010846  -0.050927  -0.005037   0.000079   0.000068  0.0000072  0.0000301    0.000161    0.000072
2004   5   3  53128  -0.118541   0.410773  -0.4555487   0.0011686  -0.051321  -0.004733   0.000060   0.000062  0.0000026  0.0000146    0.000116    0.000054
2004   5   4  53129  -0.117166   0.413752  -0.4567033   0.0011271  -0.051660  -0.004449   0.000054   0.000058  0.0000029  0.0000089    0.000115    0.000053
2004   5   5  53130  -0.115916   0.416695  -0.4577794   0.0009672  -0.051970  -0.004427   0.000052   0.000070  0.0000038  0.0000090    0.000110    0.000049
2004   5   6  53131  -0.115059   0.419426  -0.4586198   0.0007317  -0.052283  -0.004703   0.000051   0.000068  0.0000034  0.0000094    0.000105    0.000043
2004   5   7  53132  -0.114016   0.421856  -0.4592368   0.0005098  -0.052605  -0.005070   0.000053   0.000056  0.0000040  0.0000090    0.000129    0.000051
2004   5   8  53133  -0.112575   0.424158  -0.4597039   0.0003547  -0.052522  -0.005277   0.000059   0.000061  0.0000070  0.0000128    0.000161    0.000060
2004   5   9  53134  -0.111193   0.426461  -0.4600418   0.0003210  -0.052046  -0.005338   0.000065   0.000071  0.0000128  0.0000286    0.000151    0.000058
2004   5  10  53135  -0.109723   0.429004  -0.4603962   0.0004294  -0.051559  -0.005385   0.000063   0.000090  0.0000023  0.0000188    0.000094    0.000043
2004   5  11  53136  -0.108036   0.431895  -0.4608871   0.0005915  -0.051346  -0.005436   0.000058   0.000076  0.0000021  0.0000092    0.000096    0.000044
2004   5  12  53137  -0.106128   0.434733  -0.4615561   0.0007565  -0.051440  -0.005430   0.000055   0.000058  0.0000023  0.0000063    0.000108    0.000050
2004   5  13  53138  -0.104049   0.437489  -0.4623762   0.0009043  -0.051396  -0.005201   0.000056   0.000056  0.0000027  0.0000062    0.000141    0.000073
2004   5  14  53139  -0.102351   0.440256  -0.4633308   0.0009929  -0.051224  -0.004883   0.000073   0.000059  0.0000038  0.0000057    0.000177    0.000120
2004   5  15  53140  -0.101319   0.442597  -0.4643769   0.0010370  -0.051235  -0.004588   0.000084   0.000065  0.0000068  0.0000073    0.000188    0.000158
2004   5  16  53141  -0.100700   0.444388  -0.4654293   0.0010073  -0.051509  -0.004317   0.000072   0.000070  0.0000131  0.0000200    0.000163    0.000079
2004   5  17  53142  -0.100251   0.445864  -0.4663671   0.0008937  -0.051861  -0.004159   0.000083   0.000063  0.0000030  0.0000164    0.000098    0.000032
2004   5  18  53143  -0.099763   0.447163  -0.4671540   0.0007140  -0.052061  -0.004261   0.000068   0.000058  0.0000026  0.0000081    0.000098    0.000032
2004   5  19  53144  -0.098981   0.448449  -0.4677783   0.0004959  -0.052039  -0.004646   0.000054   0.000071  0.0000031  0.0000084    0.000109    0.000036
2004   5  20  53145  -0.097745   0.449814  -0.4681795   0.0003082  -0.051941  -0.005129   0.000054   0.000073  0.0000066  0.0000105    0.000166    0.000070
2004   5  21  53146  -0.096372   0.451312  -0.4683438   0.0001289  -0.051937  -0.005460   0.000057   0.000062  0.0000107  0.0000116    0.000173    0.000077
2004   5  22  53147  -0.095242   0.452591  -0.4684409  -0.0000151  -0.052057  -0.005542   0.000061   0.000078  0.0000241  0.0000236    0.000173    0.000077
2004   5  23  53148  -0.094332   0.453816  -0.4684936  -0.0000841  -0.052223  -0.005492   0.000061   0.000079  0.0000201  0.0000306    0.000136    0.000054
2004   5  24  53149  -0.093264   0.455278  -0.4683989  -0.0000913  -0.052290  -0.005461   0.000054   0.000058  0.0000027  0.0000182    0.000136    0.000053
2004   5  25  53150  -0.091956   0.456913  -0.4682852  -0.0000181  -0.052083  -0.005467   0.000049   0.000054  0.0000029  0.0000092    0.000149    0.000059
2004   5  26  53151  -0.090930   0.458592  -0.4683074   0.0001065  -0.051588  -0.005434   0.000048   0.000066  0.0000044  0.0000095    0.000236    0.000092
2004   5  27  53152  -0.090210   0.460129  -0.4684881   0.0002584  -0.051166  -0.005406   0.000049   0.000067  0.0000080  0.0000104    0.000429    0.000179
2004   5  28  53153  -0.089414   0.461729  -0.4688691   0.0004121  -0.051226  -0.005466   0.000050   0.000055  0.0000054  0.0000083    0.000275    0.000150
2004   5  29  53154  -0.088374   0.463329  -0.4693164   0.0005161  -0.051768  -0.005471   0.000055   0.000058  0.0000077  0.0000106    0.000232    0.000138
2004   5  30  53155  -0.087191   0.464701  -0.4699492   0.0005665  -0.052465  -0.005223   0.000057   0.000060  0.0000150  0.0000242    0.000226    0.000136
2004   5  31  53156  -0.085695   0.465914  -0.4705394   0.0005440  -0.053107  -0.004685   0.000051   0.000054  0.0000074  0.0000261    0.000166    0.000073
2004   6   1  53157  -0.083901   0.467420  -0.4709524   0.0004155  -0.053746  -0.004131   0.000047   0.000049  0.0000026  0.0000118    0.000163    0.000071
2004   6   2  53158  -0.082070   0.469284  -0.4711575   0.0001573  -0.054355  -0.003986   0.000047   0.000048  0.0000030  0.0000078    0.000163    0.000071
2004   6   3  53159  -0.079982   0.470979  -0.4711809  -0.0000978  -0.054641  -0.004368   0.000060   0.000048  0.0000040  0.0000091    0.000155    0.000069
2004   6   4  53160  -0.077717   0.472475  -0.4710227  -0.0002677  -0.054448  -0.004917   0.000063   0.000051  0.0000052  0.0000104    0.000140    0.000064
2004   6   5  53161  -0.075876   0.473991  -0.4707240  -0.0003305  -0.054029  -0.005239   0.000056   0.000070  0.0000077  0.0000116    0.000139    0.000063
2004   6   6  53162  -0.074571   0.475694  -0.4705370  -0.0002496  -0.053713  -0.005324   0.000060   0.000126  0.0000129  0.0000245    0.000144    0.000065
2004   6   7  53163  -0.073426   0.477235  -0.4703890  -0.0000717  -0.053584  -0.005346   0.000057   0.000076  0.0000025  0.0000168    0.000195    0.000074
2004   6   8  53164  -0.071884   0.478557  -0.4703789   0.0001515  -0.053562  -0.005335   0.000054   0.000056  0.0000026  0.0000083    0.000213    0.000081
2004   6   9  53165  -0.070054   0.480159  -0.4705958   0.0003240  -0.053588  -0.005201   0.000066   0.000054  0.0000042  0.0000090    0.000310    0.000121
2004   6  10  53166  -0.068424   0.481795  -0.4709998   0.0004215  -0.053739  -0.004892   0.000067   0.000055  0.0000078  0.0000173    0.000409    0.000185
2004   6  11  53167  -0.066804   0.483256  -0.4714439   0.0004547  -0.053843  -0.004544   0.000054   0.000055  0.0000051  0.0000107    0.000260    0.000117
2004   6  12  53168  -0.064972   0.484714  -0.4718946   0.0004291  -0.053723  -0.004303   0.000057   0.000060  0.0000074  0.0000111    0.000255    0.000114
2004   6  13  53169  -0.062824   0.486156  -0.4723508   0.0003589  -0.053577  -0.004176   0.000067   0.000071  0.0000145  0.0000249    0.000235    0.000113
2004   6  14  53170  -0.060467   0.487545  -0.4726124   0.0001880  -0.053722  -0.004144   0.000070   0.000073  0.0000051  0.0000254    0.000169    0.000104
2004   6  15  53171  -0.057939   0.488851  -0.4726342  -0.0000674  -0.054280  -0.004262   0.000064   0.000068  0.0000043  0.0000127    0.000175    0.000102
2004   6  16  53172  -0.054947   0.490179  -0.4724368  -0.0003138  -0.055084  -0.004581   0.000064   0.000066  0.0000041  0.0000099    0.000207    0.000099
2004   6  17  53173  -0.051602   0.491764  -0.4720123  -0.0005123  -0.055516  -0.005067   0.000080   0.000068  0.0000046  0.0000098    0.000282    0.000100
2004   6  18  53174  -0.048310   0.493647  -0.4714663  -0.0005454  -0.055378  -0.005343   0.000084   0.000087  0.0000063  0.0000068    0.000220    0.000082
2004   6  19  53175  -0.045182   0.495604  -0.4708365  -0.0005540  -0.055120  -0.005331   0.000072   0.000100  0.0000091  0.0000081    0.000183    0.000073
2004   6  20  53176  -0.041951   0.497227  -0.4702316  -0.0005657  -0.055036  -0.005182   0.000075   0.000083  0.0000119  0.0000232    0.000186    0.000074
2004   6  21  53177  -0.038582   0.498601  -0.4697362  -0.0004982  -0.055119  -0.005058   0.000070   0.000075  0.0000040  0.0000251    0.000295    0.000097
2004   6  22  53178  -0.035230   0.499952  -0.4693768  -0.0003460  -0.055241  -0.005027   0.000065   0.000068  0.0000045  0.0000130    0.000296    0.000097
2004   6  23  53179  -0.031931   0.501216  -0.4691462  -0.0001746  -0.055268  -0.005019   0.000063   0.000066  0.0000062  0.0000123    0.000308    0.000103
2004   6  24  53180  -0.028569   0.502335  -0.4690379   0.0000222  -0.055291  -0.004978   0.000062   0.000065  0.0000077  0.0000104    0.000272    0.000122
2004   6  25  53181  -0.025121   0.503572  -0.4691286   0.0001727  -0.055546  -0.004924   0.000064   0.000067  0.0000055  0.0000097    0.000184    0.000121
2004   6  26  53182  -0.022045   0.505001  -0.4693885   0.0002235  -0.056090  -0.004850   0.000071   0.000073  0.0000064  0.0000152    0.000157    0.000120
2004   6  27  53183  -0.019242   0.506312  -0.4696063   0.0001916  -0.056737  -0.004683   0.000092   0.000078  0.0000077  0.0000321    0.000155    0.000099
2004   6  28  53184  -0.016293   0.507356  -0.4697016   0.0000916  -0.057298  -0.004385   0.000080   0.000092  0.0000023  0.0000170    0.000172    0.000056
2004   6  29  53185  -0.013246   0.508251  -0.4696736  -0.0000934  -0.057757  -0.004110   0.000061   0.000083  0.0000027  0.0000085    0.000172    0.000056
2004   6  30  53186  -0.010399   0.509290  -0.4694779  -0.0003237  -0.058103  -0.004128   0.000059   0.000082  0.0000041  0.0000094    0.000172    0.000056
2004   7   1  53187  -0.007647   0.510397  -0.4690071  -0.0005340  -0.058209  -0.004502   0.000059   0.000082  0.0000095  0.0000229    0.000160    0.000066
2004   7   2  53188  -0.004692   0.511257  -0.4683794  -0.0007087  -0.058034  -0.004978   0.000060   0.000083  0.0000077  0.0000214    0.000157    0.000069
2004   7   3  53189  -0.001936   0.511900  -0.4676208  -0.0007746  -0.057796  -0.005304   0.000064   0.000092  0.0000111  0.0000230    0.000157    0.000069
2004   7   4  53190   0.000355   0.512614  -0.4670045  -0.0006581  -0.057714  -0.005463   0.000072   0.000077  0.0000224  0.0000303    0.000184    0.000080
2004   7   5  53191   0.002642   0.513336  -0.4664925  -0.0004188  -0.057765  -0.005526   0.000069   0.000071  0.0000239  0.0000168    0.000905    0.000321
2004   7   6  53192   0.005037   0.513952  -0.4661358  -0.0002051  -0.057847  -0.005407   0.000064   0.000066  0.0000074  0.0000110    0.000308    0.000107
2004   7   7  53193   0.007223   0.514531  -0.4659576  -0.0001129  -0.057978  -0.004991   0.000062   0.000065  0.0000040  0.0000079    0.000169    0.000057
2004   7   8  53194   0.009434   0.514978  -0.4658647  -0.0000966  -0.058172  -0.004470   0.000063   0.000081  0.0000047  0.0000083    0.000219    0.000062
2004   7   9  53195   0.012252   0.515475  -0.4657531  -0.0001493  -0.058307  -0.004188   0.000080   0.000084  0.0000061  0.0000093    0.000250    0.000091
2004   7  10  53196   0.015283   0.516379  -0.4655365  -0.0003070  -0.058424  -0.004161   0.000095   0.000089  0.0000092  0.0000103    0.000214    0.000116
2004   7  11  53197   0.018157   0.517249  -0.4651717  -0.0004684  -0.058676  -0.004238   0.000102   0.000143  0.0000165  0.0000164    0.000203    0.000100
2004   7  12  53198   0.021323   0.518041  -0.4646244  -0.0006106  -0.059128  -0.004338   0.000137   0.000081  0.0000037  0.0000204    0.000176    0.000055
2004   7  13  53199   0.024129   0.518900  -0.4638776  -0.0008155  -0.059636  -0.004498   0.000075   0.000060  0.0000037  0.0000106    0.000191    0.000059
2004   7  14  53200   0.026192   0.519521  -0.4629550  -0.0010010  -0.059953  -0.004803   0.000057   0.000058  0.0000043  0.0000084    0.000270    0.000076
2004   7  15  53201   0.028162   0.520117  -0.4619326  -0.0010651  -0.059956  -0.005184   0.000054   0.000057  0.0000029  0.0000075    0.000279    0.000057
2004   7  16  53202   0.030220   0.520649  -0.4608744  -0.0010503  -0.059771  -0.005439   0.000056   0.000058  0.0000037  0.0000078    0.000181    0.000057
2004   7  17  53203   0.032659   0.520920  -0.4598783  -0.0009624  -0.059611  -0.005377   0.000062   0.000065  0.0000073  0.0000119    0.000156    0.000069
2004   7  18  53204   0.035646   0.521034  -0.4590522  -0.0008288  -0.059589  -0.005050   0.000068   0.000072  0.0000144  0.0000284    0.000149    0.000070
2004   7  19  53205   0.038648   0.520976  -0.4582909  -0.0006770  -0.059722  -0.004716   0.000063   0.000070  0.0000033  0.0000203    0.000132    0.000062
2004   7  20  53206   0.041282   0.520740  -0.4576772  -0.0004628  -0.059967  -0.004590   0.000057   0.000084  0.0000031  0.0000102    0.000142    0.000065
2004   7  21  53207   0.043893   0.520418  -0.4573232  -0.0002277  -0.060208  -0.004671   0.000056   0.000130  0.0000046  0.0000103    0.000200    0.000078
2004   7  22  53208   0.046888   0.520038  -0.4571947  -0.0000462  -0.060276  -0.004750   0.000057   0.000080  0.0000083  0.0000168    0.000354    0.000100
2004   7  23  53209   0.049994   0.519706  -0.4572204   0.0000449  -0.060275  -0.004728   0.000058   0.000063  0.0000114  0.0000140    0.000518    0.000132
2004   7  24  53210   0.052961   0.519434  -0.4573156   0.0000733  -0.060492  -0.004660   0.000064   0.000067  0.0000168  0.0000148    0.000526    0.000134
2004   7  25  53211   0.056015   0.519288  -0.4574458   0.0000217  -0.061005  -0.004574   0.000069   0.000074  0.0000269  0.0000277    0.000416    0.000119
2004   7  26  53212   0.058992   0.519335  -0.4573466  -0.0001489  -0.061624  -0.004454   0.000064   0.000069  0.0000059  0.0000137    0.000222    0.000076
2004   7  27  53213   0.061486   0.519257  -0.4570065  -0.0003969  -0.062077  -0.004342   0.000059   0.000063  0.0000060  0.0000068    0.000222    0.000076
2004   7  28  53214   0.063910   0.518941  -0.4564918  -0.0006142  -0.062167  -0.004345   0.000057   0.000061  0.0000080  0.0000074    0.000259    0.000085
2004   7  29  53215   0.066360   0.518556  -0.4557996  -0.0007470  -0.061909  -0.004571   0.000056   0.000060  0.0000083  0.0000086    0.000430    0.000112
2004   7  30  53216   0.068367   0.517977  -0.4550312  -0.0007411  -0.061539  -0.004955   0.000057   0.000060  0.0000062  0.0000080    0.000250    0.000079
2004   7  31  53217   0.070320   0.517199  -0.4543932  -0.0005846  -0.061306  -0.005145   0.000061   0.000066  0.0000087  0.0000118    0.000206    0.000067
2004   8   1  53218   0.072748   0.516483  -0.4539380  -0.0003043  -0.061336  -0.005080   0.000063   0.000069  0.0000162  0.0000271    0.000177    0.000058
2004   8   2  53219   0.075470   0.515929  -0.4538060  -0.0000157  -0.061534  -0.004945   0.000059   0.000062  0.0000039  0.0000215    0.000116    0.000037
2004   8   3  53220   0.078239   0.515603  -0.4539189   0.0001910  -0.061755  -0.004812   0.000068   0.000057  0.0000041  0.0000109    0.000116    0.000037
2004   8   4  53221   0.081050   0.515458  -0.4541493   0.0002674  -0.062022  -0.004638   0.000066   0.000056  0.0000062  0.0000116    0.000116    0.000037
2004   8   5  53222   0.083836   0.515328  -0.4544340   0.0002087  -0.062412  -0.004424   0.000053   0.000056  0.0000117  0.0000229    0.000206    0.000067
2004   8   6  53223   0.086400   0.515254  -0.4545841   0.0001057  -0.062829  -0.004291   0.000053   0.000057  0.0000078  0.0000197    0.000272    0.000090
2004   8   7  53224   0.088804   0.515036  -0.4546124  -0.0000048  -0.063108  -0.004316   0.000067   0.000062  0.0000093  0.0000213    0.000273    0.000090
2004   8   8  53225   0.091665   0.514457  -0.4545483  -0.0001419  -0.063216  -0.004426   0.000073   0.000082  0.0000106  0.0000328    0.000235    0.000077
2004   8   9  53226   0.094705   0.513963  -0.4543124  -0.0003430  -0.063234  -0.004498   0.000055   0.000072  0.0000030  0.0000259    0.000140    0.000045
2004   8  10  53227   0.097215   0.513542  -0.4538419  -0.0005338  -0.063179  -0.004508   0.000049   0.000055  0.0000034  0.0000160    0.000140    0.000045
2004   8  11  53228   0.099708   0.513114  -0.4532227  -0.0006000  -0.062991  -0.004545   0.000049   0.000054  0.0000052  0.0000173    0.000141    0.000045
2004   8  12  53229   0.102615   0.513127  -0.4526393  -0.0006364  -0.062719  -0.004659   0.000050   0.000056  0.0000155  0.0000257    0.000331    0.000106
2004   8  13  53230   0.105713   0.513448  -0.4519562  -0.0006248  -0.062529  -0.004777   0.000052   0.000058  0.0000306  0.0000283    0.004359    0.001247
2004   8  14  53231   0.108664   0.513839  -0.4514099  -0.0005217  -0.062526  -0.004788   0.000057   0.000063  0.0000271  0.0000350    0.005638    0.001525
2004   8  15  53232   0.111550   0.513972  -0.4509728  -0.0003636  -0.062630  -0.004680   0.000060   0.000067  0.0000127  0.0000368    0.000340    0.000124
2004   8  16  53233   0.114507   0.513753  -0.4507049  -0.0001470  -0.062696  -0.004566   0.000056   0.000063  0.0000026  0.0000243    0.000126    0.000046
2004   8  17  53234   0.117214   0.513274  -0.4506849   0.0001055  -0.062670  -0.004560   0.000051   0.000059  0.0000027  0.0000144    0.000136    0.000050
2004   8  18  53235   0.119652   0.512611  -0.4509297   0.0003216  -0.062585  -0.004664   0.000050   0.000071  0.0000037  0.0000130    0.000202    0.000074
2004   8  19  53236   0.121941   0.512005  -0.4513397   0.0004905  -0.062573  -0.004782   0.000050   0.000071  0.0000065  0.0000102    0.000384    0.000147
2004   8  20  53237   0.124237   0.511395  -0.4518777   0.0005625  -0.062641  -0.004830   0.000051   0.000059  0.0000064  0.0000109    0.000286    0.000106
2004   8  21  53238   0.126415   0.510646  -0.4523958   0.0004942  -0.062826  -0.004745   0.000056   0.000074  0.0000075  0.0000191    0.000238    0.000087
2004   8  22  53239   0.128254   0.509609  -0.4527715   0.0003155  -0.063192  -0.004584   0.000074   0.000083  0.0000095  0.0000347    0.000216    0.000078
2004   8  23  53240   0.130088   0.508234  -0.4529660   0.0000895  -0.063664  -0.004485   0.000067   0.000062  0.0000031  0.0000211    0.000154    0.000056
2004   8  24  53241   0.132253   0.506618  -0.4529830  -0.0001135  -0.064023  -0.004552   0.000051   0.000055  0.0000035  0.0000106    0.000154    0.000056
2004   8  25  53242   0.134330   0.505190  -0.4528156  -0.0002660  -0.064046  -0.004779   0.000049   0.000054  0.0000037  0.0000099    0.000145    0.000051
2004   8  26  53243   0.136140   0.504039  -0.4524529  -0.0003481  -0.063678  -0.004929   0.000049   0.000053  0.0000024  0.0000076    0.000133    0.000045
2004   8  27  53244   0.138427   0.502812  -0.4521130  -0.0003421  -0.063115  -0.004743   0.000064   0.000056  0.0000036  0.0000059    0.000149    0.000057
2004   8  28  53245   0.141008   0.501580  -0.4518257  -0.0001852  -0.062733  -0.004388   0.000117   0.000077  0.0000101  0.0000080    0.000165    0.000075
2004   8  29  53246   0.143703   0.500265  -0.4518338   0.0001005  -0.062700  -0.004106   0.000079   0.000131  0.0000246  0.0000207    0.000175    0.000080
2004   8  30  53247   0.146728   0.498977  -0.4520751   0.0003948  -0.062875  -0.004010   0.000056   0.000080  0.0000056  0.0000148    0.000234    0.000076
2004   8  31  53248   0.149514   0.497647  -0.4525817   0.0005496  -0.063058  -0.004072   0.000051   0.000074  0.0000035  0.0000113    0.000234    0.000076
2004   9   1  53249   0.152145   0.495994  -0.4531636   0.0005796  -0.063217  -0.004160   0.000050   0.000069  0.0000053  0.0000147    0.000234    0.000076
2004   9   2  53250   0.154763   0.494256  -0.4537246   0.0004883  -0.063476  -0.004213   0.000049   0.000055  0.0000094  0.0000203    0.000248    0.000147
2004   9   3  53251   0.156997   0.492310  -0.4540952   0.0003000  -0.063884  -0.004275   0.000049   0.000053  0.0000062  0.0000108    0.000251    0.000221
2004   9   4  53252   0.159197   0.490082  -0.4542875   0.0000369  -0.064348  -0.004388   0.000053   0.000057  0.0000089  0.0000100    0.000251    0.000222
2004   9   5  53253   0.161582   0.487659  -0.4542140  -0.0002459  -0.064729  -0.004503   0.000058   0.000063  0.0000187  0.0000159    0.000293    0.000257
2004   9   6  53254   0.163621   0.485150  -0.4538232  -0.0004877  -0.064952  -0.004533   0.000054   0.000060  0.0000165  0.0000266    0.001270    0.000433
2004   9   7  53255   0.165374   0.482951  -0.4531650  -0.0006742  -0.064975  -0.004470   0.000049   0.000054  0.0000054  0.0000162    0.000506    0.000154
2004   9   8  53256   0.167302   0.481076  -0.4524262  -0.0007768  -0.064735  -0.004397   0.000048   0.000052  0.0000027  0.0000083    0.000283    0.000085
2004   9   9  53257   0.169392   0.479192  -0.4516245  -0.0008017  -0.064177  -0.004408   0.000048   0.000052  0.0000033  0.0000074    0.000324    0.000101
2004   9  10  53258   0.171638   0.477374  -0.4508944  -0.0006611  -0.063422  -0.004469   0.000049   0.000053  0.0000048  0.0000080    0.000241    0.000085
2004   9  11  53259   0.173892   0.475578  -0.4503491  -0.0004418  -0.062806  -0.004482   0.000053   0.000057  0.0000072  0.0000093    0.000198    0.000071
2004   9  12  53260   0.176052   0.473407  -0.4500907  -0.0001167  -0.062522  -0.004394   0.000057   0.000061  0.0000154  0.0000113    0.000185    0.000068
2004   9  13  53261   0.177997   0.471074  -0.4501010   0.0002081  -0.062568  -0.004253   0.000052   0.000057  0.0000068  0.0000107    0.000155    0.000066
2004   9  14  53262   0.179622   0.468757  -0.4504354   0.0004240  -0.062851  -0.004165   0.000048   0.000052  0.0000038  0.0000089    0.000167    0.000072
2004   9  15  53263   0.180947   0.466452  -0.4509707   0.0006255  -0.063205  -0.004183   0.000048   0.000051  0.0000050  0.0000071    0.000234    0.000107
2004   9  16  53264   0.182144   0.464101  -0.4516513   0.0006650  -0.063401  -0.004274   0.000048   0.000053  0.0000067  0.0000066    0.000307    0.000140
2004   9  17  53265   0.183547   0.461686  -0.4523140   0.0006081  -0.063392  -0.004348   0.000048   0.000067  0.0000051  0.0000073    0.000250    0.000123
2004   9  18  53266   0.184981   0.459405  -0.4528854   0.0004413  -0.063402  -0.004336   0.000052   0.000081  0.0000062  0.0000109    0.000227    0.000121
2004   9  19  53267   0.186381   0.457148  -0.4531751   0.0001707  -0.063557  -0.004243   0.000056   0.000088  0.0000123  0.0000259    0.000221    0.000098
2004   9  20  53268   0.187885   0.454789  -0.4531929  -0.0000540  -0.063748  -0.004148   0.000052   0.000122  0.0000057  0.0000217    0.000211    0.000055
2004   9  21  53269   0.189666   0.452395  -0.4530308  -0.0002254  -0.063745  -0.004138   0.000048   0.000068  0.0000032  0.0000110    0.000211    0.000055
2004   9  22  53270   0.191585   0.450177  -0.4527666  -0.0003135  -0.063392  -0.004229   0.000049   0.000052  0.0000044  0.0000116    0.000211    0.000055
2004   9  23  53271   0.193395   0.448336  -0.4524657  -0.0002543  -0.062802  -0.004352   0.000061   0.000052  0.0000111  0.0000240    0.000261    0.000100
2004   9  24  53272   0.194834   0.446812  -0.4522610  -0.0000629  -0.062285  -0.004401   0.000063   0.000052  0.0000072  0.0000231    0.000277    0.000136
2004   9  25  53273   0.195510   0.445080  -0.4523421   0.0001932  -0.062119  -0.004321   0.000053   0.000056  0.0000097  0.0000244    0.000277    0.000136
2004   9  26  53274   0.195757   0.443083  -0.4526586   0.0004315  -0.062302  -0.004131   0.000053   0.000057  0.0000205  0.0000326    0.000252    0.000109
2004   9  27  53275   0.196223   0.441029  -0.4531948   0.0006451  -0.062572  -0.003900   0.000048   0.000052  0.0000072  0.0000261    0.000175    0.000060
2004   9  28  53276   0.197077   0.438911  -0.4539372   0.0007897  -0.062645  -0.003690   0.000044   0.000047  0.0000046  0.0000171    0.000176    0.000060
2004   9  29  53277   0.197784   0.436675  -0.4547504   0.0007725  -0.062470  -0.003568   0.000043   0.000047  0.0000060  0.0000121    0.000198    0.000064
2004   9  30  53278   0.198054   0.434236  -0.4554621   0.0006001  -0.062419  -0.003609   0.000044   0.000047  0.0000060  0.0000070    0.000289    0.000078
2004  10   1  53279   0.198339   0.431831  -0.4559812   0.0004307  -0.062833  -0.003819   0.000046   0.000049  0.0000054  0.0000073    0.000218    0.000078
2004  10   2  53280   0.198971   0.429447  -0.4563555   0.0002861  -0.063322  -0.004038   0.000050   0.000055  0.0000079  0.0000137    0.000190    0.000078
2004  10   3  53281   0.199812   0.426901  -0.4565861   0.0001258  -0.063492  -0.004101   0.000054   0.000060  0.0000138  0.0000133    0.000176    0.000069
2004  10   4  53282   0.200616   0.424422  -0.4566585   0.0000278  -0.063287  -0.003979   0.000051   0.000056  0.0000029  0.0000098    0.000139    0.000045
2004  10   5  53283   0.201234   0.422067  -0.4566537  -0.0000044  -0.062854  -0.003791   0.000046   0.000050  0.0000025  0.0000079    0.000147    0.000049
2004  10   6  53284   0.201819   0.419588  -0.4566702   0.0000450  -0.062376  -0.003730   0.000044   0.000047  0.0000023  0.0000071    0.000170    0.000063
2004  10   7  53285   0.202515   0.417046  -0.4567477   0.0001244  -0.061727  -0.003931   0.000044   0.000047  0.0000022  0.0000060    0.000143    0.000062
2004  10   8  53286   0.203083   0.414592  -0.4569205   0.0001850  -0.061069  -0.004144   0.000047   0.000051  0.0000031  0.0000053    0.000157    0.000066
2004  10   9  53287   0.203448   0.412370  -0.4571244   0.0003281  -0.060710  -0.004209   0.000066   0.000070  0.0000058  0.0000067    0.000198    0.000080
2004  10  10  53288   0.203388   0.410255  -0.4575133   0.0005394  -0.060746  -0.004107   0.000136   0.000082  0.0000086  0.0000134    0.000185    0.000076
2004  10  11  53289   0.203198   0.407877  -0.4581821   0.0007538  -0.061053  -0.003890   0.000131   0.000061  0.0000031  0.0000195    0.000114    0.000050
2004  10  12  53290   0.203341   0.405428  -0.4590978   0.0009528  -0.061365  -0.003659   0.000068   0.000055  0.0000036  0.0000121    0.000114    0.000050
2004  10  13  53291   0.203533   0.402922  -0.4601655   0.0010967  -0.061452  -0.003465   0.000065   0.000054  0.0000049  0.0000109    0.000134    0.000058
2004  10  14  53292   0.203791   0.400088  -0.4612980   0.0011515  -0.061363  -0.003303   0.000063   0.000055  0.0000062  0.0000074    0.000315    0.000103
2004  10  15  53293   0.204465   0.397320  -0.4623600   0.0010259  -0.061324  -0.003166   0.000052   0.000058  0.0000062  0.0000067    0.000236    0.000094
2004  10  16  53294   0.205263   0.395027  -0.4633129   0.0007636  -0.061396  -0.003139   0.000055   0.000078  0.0000095  0.0000102    0.000200    0.000086
2004  10  17  53295   0.205732   0.392821  -0.4639252   0.0004539  -0.061491  -0.003227   0.000059   0.000127  0.0000163  0.0000248    0.000169    0.000068
2004  10  18  53296   0.205962   0.390713  -0.4641786   0.0001752  -0.061469  -0.003350   0.000054   0.000070  0.0000058  0.0000221    0.000105    0.000038
2004  10  19  53297   0.205904   0.388796  -0.4642381   0.0000083  -0.061215  -0.003442   0.000050   0.000053  0.0000031  0.0000131    0.000104    0.000038
2004  10  20  53298   0.205844   0.386736  -0.4642148   0.0000168  -0.060730  -0.003461   0.000050   0.000052  0.0000042  0.0000149    0.000105    0.000038
2004  10  21  53299   0.205964   0.384743  -0.4642617   0.0001484  -0.060151  -0.003409   0.000050   0.000053  0.0000122  0.0000281    0.000172    0.000066
2004  10  22  53300   0.205978   0.382800  -0.4645082   0.0003460  -0.059682  -0.003321   0.000053   0.000054  0.0000089  0.0000227    0.000213    0.000085
2004  10  23  53301   0.205887   0.380983  -0.4649849   0.0005451  -0.059469  -0.003253   0.000071   0.000059  0.0000116  0.0000138    0.000213    0.000086
2004  10  24  53302   0.205442   0.379183  -0.4656381   0.0007474  -0.059507  -0.003218   0.000122   0.000064  0.0000214  0.0000118    0.000210    0.000082
2004  10  25  53303   0.205050   0.377071  -0.4664330   0.0008726  -0.059658  -0.003169   0.000075   0.000060  0.0000074  0.0000128    0.000197    0.000065
2004  10  26  53304   0.205263   0.374907  -0.4673240   0.0008942  -0.059745  -0.003031   0.000071   0.000055  0.0000043  0.0000092    0.000215    0.000071
2004  10  27  53305   0.205853   0.372692  -0.4682256   0.0008730  -0.059686  -0.002790   0.000069   0.000056  0.0000060  0.0000097    0.000311    0.000100
2004  10  28  53306   0.206589   0.370362  -0.4690526   0.0007495  -0.059664  -0.002639   0.000069   0.000070  0.0000060  0.0000104    0.000328    0.000099
2004  10  29  53307   0.207102   0.368113  -0.4697013   0.0005299  -0.059794  -0.002712   0.000071   0.000073  0.0000050  0.0000089    0.000291    0.000095
2004  10  30  53308   0.207167   0.366001  -0.4701205   0.0002771  -0.059998  -0.002893   0.000076   0.000063  0.0000076  0.0000118    0.000295    0.000104
2004  10  31  53309   0.206935   0.363832  -0.4703016   0.0000962  -0.060102  -0.003050   0.000149   0.000070  0.0000198  0.0000265    0.000296    0.000105
2004  11   1  53310   0.207282   0.361616  -0.4703313   0.0000179  -0.059950  -0.003119   0.000143   0.000086  0.0000071  0.0000249    0.000292    0.000097
2004  11   2  53311   0.208017   0.359517  -0.4702964  -0.0000293  -0.059534  -0.003123   0.000071   0.000075  0.0000044  0.0000159    0.000292    0.000097
2004  11   3  53312   0.208201   0.357383  -0.4702764  -0.0000005  -0.059013  -0.003149   0.000054   0.000059  0.0000064  0.0000175    0.000288    0.000096
2004  11   4  53313   0.207987   0.355054  -0.4703025   0.0001125  -0.058546  -0.003225   0.000053   0.000059  0.0000086  0.0000248    0.000177    0.000069
2004  11   5  53314   0.207758   0.352416  -0.4704585   0.0002729  -0.058183  -0.003282   0.000055   0.000060  0.0000055  0.0000179    0.000167    0.000066
2004  11   6  53315   0.207779   0.349648  -0.4708684   0.0005119  -0.057943  -0.003233   0.000059   0.000065  0.0000080  0.0000195    0.000167    0.000066
2004  11   7  53316   0.207899   0.347038  -0.4715289   0.0007783  -0.057916  -0.003085   0.000066   0.000073  0.0000152  0.0000303    0.000175    0.000069
2004  11   8  53317   0.207993   0.344828  -0.4724257   0.0010170  -0.058158  -0.002910   0.000067   0.000074  0.0000046  0.0000172    0.000275    0.000124
2004  11   9  53318   0.208032   0.343024  -0.4735589   0.0012218  -0.058527  -0.002741   0.000062   0.000069  0.0000029  0.0000085    0.000301    0.000136
2004  11  10  53319   0.208016   0.341263  -0.4748640   0.0013193  -0.058755  -0.002537   0.000060   0.000067  0.0000044  0.0000078    0.000451    0.000197
2004  11  11  53320   0.207892   0.339267  -0.4761712   0.0012656  -0.058653  -0.002282   0.000059   0.000066  0.0000079  0.0000113    0.000499    0.000191
2004  11  12  53321   0.207817   0.336904  -0.4773524   0.0011042  -0.058410  -0.002111   0.000061   0.000065  0.0000057  0.0000109    0.000283    0.000109
2004  11  13  53322   0.207986   0.334547  -0.4783688   0.0008494  -0.058275  -0.002167   0.000081   0.000072  0.0000087  0.0000117    0.000277    0.000107
2004  11  14  53323   0.207876   0.332177  -0.4790949   0.0005629  -0.058209  -0.002375   0.000131   0.000094  0.0000189  0.0000231    0.000277    0.000104
2004  11  15  53324   0.207596   0.329552  -0.4794945   0.0003751  -0.058080  -0.002524   0.000073   0.000077  0.0000087  0.0000153    0.000282    0.000089
2004  11  16  53325   0.207403   0.327016  -0.4798315   0.0003334  -0.057856  -0.002509   0.000053   0.000059  0.0000050  0.0000106    0.000286    0.000095
2004  11  17  53326   0.207109   0.324631  -0.4802003   0.0004167  -0.057569  -0.002412   0.000051   0.000055  0.0000062  0.0000119    0.000310    0.000123
2004  11  18  53327   0.206882   0.322261  -0.4806642   0.0005863  -0.057341  -0.002427   0.000051   0.000056  0.0000083  0.0000114    0.000320    0.000151
2004  11  19  53328   0.206571   0.320070  -0.4813800   0.0008088  -0.057297  -0.002514   0.000053   0.000058  0.0000070  0.0000102    0.000200    0.000127
2004  11  20  53329   0.206017   0.318005  -0.4823161   0.0010185  -0.057399  -0.002530   0.000059   0.000065  0.0000094  0.0000139    0.000166    0.000115
2004  11  21  53330   0.205532   0.315802  -0.4834225   0.0011229  -0.057517  -0.002435   0.000064   0.000071  0.0000152  0.0000294    0.000163    0.000106
2004  11  22  53331   0.205004   0.313579  -0.4845454   0.0011181  -0.057517  -0.002240   0.000063   0.000067  0.0000137  0.0000204    0.000183    0.000080
2004  11  23  53332   0.204175   0.311425  -0.4856395   0.0010651  -0.057297  -0.001932   0.000077   0.000065  0.0000097  0.0000101    0.000196    0.000085
2004  11  24  53333   0.203054   0.309247  -0.4866225   0.0008721  -0.056840  -0.001529   0.000141   0.000084  0.0000103  0.0000088    0.000265    0.000112
2004  11  25  53334   0.201745   0.306964  -0.4873550   0.0006510  -0.056358  -0.001217   0.000142   0.000137  0.0000131  0.0000132    0.000391    0.000155
2004  11  26  53335   0.200554   0.304545  -0.4878644   0.0004277  -0.056045  -0.001156   0.000078   0.000087  0.0000180  0.0000288    0.000442    0.000170
2004  11  27  53336   0.199796   0.302152  -0.4881981   0.0001882  -0.055989  -0.001353   0.000063   0.000071  0.0000225  0.0000290    0.000371    0.000140
2004  11  28  53337   0.199418   0.300061  -0.4883722   0.0000575  -0.056142  -0.001672   0.000063   0.000072  0.0000044  0.0000164    0.000145    0.000054
2004  11  29  53338   0.199086   0.298126  -0.4884042  -0.0000172  -0.056321  -0.001946   0.000058   0.000064  0.0000045  0.0000145    0.000147    0.000054
2004  11  30  53339   0.198413   0.296004  -0.4883623  -0.0000460  -0.056340  -0.002107   0.000053   0.000058  0.0000048  0.0000109    0.000160    0.000059
2004  12   1  53340   0.197351   0.293742  -0.4883551   0.0000407  -0.056140  -0.002198   0.000051   0.000056  0.0000058  0.0000074    0.000184    0.000078
2004  12   2  53341   0.195826   0.291428  -0.4884609   0.0001988  -0.055795  -0.002285   0.000049   0.000054  0.0000041  0.0000056    0.000122    0.000062
2004  12   3  53342   0.193899   0.288985  -0.4887388   0.0003458  -0.055309  -0.002308   0.000052   0.000056  0.0000046  0.0000050    0.000128    0.000064
2004  12   4  53343   0.192089   0.286645  -0.4891844   0.0005460  -0.054688  -0.002185   0.000072   0.000064  0.0000086  0.0000069    0.000163    0.000079
2004  12   5  53344   0.190447   0.284689  -0.4898642   0.0007663  -0.054210  -0.001954   0.000149   0.000070  0.0000229  0.0000203    0.000180    0.000086
2004  12   6  53345   0.188748   0.282771  -0.4907349   0.0009395  -0.054250  -0.001755   0.000138   0.000065  0.0000114  0.0000293    0.000228    0.000099
2004  12   7  53346   0.187365   0.280616  -0.4917293   0.0010687  -0.054887  -0.001661   0.000068   0.000075  0.0000060  0.0000187    0.000233    0.000101
2004  12   8  53347   0.186138   0.278776  -0.4928276   0.0010947  -0.055821  -0.001590   0.000052   0.000072  0.0000065  0.0000137    0.000260    0.000113
2004  12   9  53348   0.184256   0.277056  -0.4938767   0.0009545  -0.056500  -0.001464   0.000051   0.000058  0.0000091  0.0000097    0.000375    0.000162
2004  12  10  53349   0.182148   0.274888  -0.4946917   0.0007341  -0.056726  -0.001371   0.000053   0.000060  0.0000116  0.0000077    0.000694    0.000174
2004  12  11  53350   0.180269   0.272842  -0.4953259   0.0004884  -0.056687  -0.001474   0.000057   0.000081  0.0000160  0.0000097    0.001065    0.000152
2004  12  12  53351   0.178399   0.270887  -0.4957386   0.0002739  -0.056426  -0.001720   0.000063   0.000141  0.0000145  0.0000246    0.000263    0.000086
2004  12  13  53352   0.176531   0.268842  -0.4959197   0.0001754  -0.056020  -0.001862   0.000061   0.000084  0.0000020  0.0000149    0.000101    0.000038
2004  12  14  53353   0.174706   0.266772  -0.4961030   0.0002686  -0.055805  -0.001789   0.000056   0.000062  0.0000020  0.0000073    0.000111    0.000042
2004  12  15  53354   0.173132   0.264558  -0.4964948   0.0004668  -0.055986  -0.001662   0.000055   0.000062  0.0000032  0.0000071    0.000177    0.000067
2004  12  16  53355   0.171700   0.262492  -0.4970874   0.0007216  -0.056000  -0.001643   0.000055   0.000078  0.0000052  0.0000110    0.000299    0.000146
2004  12  17  53356   0.170238   0.260701  -0.4979083   0.0009262  -0.055491  -0.001657   0.000056   0.000078  0.0000037  0.0000125    0.000163    0.000090
2004  12  18  53357   0.169242   0.259059  -0.4989170   0.0010280  -0.055195  -0.001548   0.000060   0.000067  0.0000056  0.0000154    0.000133    0.000074
2004  12  19  53358   0.168567   0.257601  -0.4999856   0.0010518  -0.055458  -0.001333   0.000065   0.000071  0.0000126  0.0000313    0.000133    0.000072
2004  12  20  53359   0.167410   0.256094  -0.5010312   0.0010062  -0.055968  -0.001140   0.000062   0.000068  0.0000050  0.0000178    0.000171    0.000074
2004  12  21  53360   0.165902   0.254292  -0.5019482   0.0007999  -0.056322  -0.001001   0.000056   0.000063  0.0000031  0.0000097    0.000172    0.000074
2004  12  22  53361   0.164443   0.252361  -0.5025704   0.0005358  -0.056289  -0.000843   0.000056   0.000078  0.0000042  0.0000110    0.000176    0.000072
2004  12  23  53362   0.162985   0.250476  -0.5030774   0.0003866  -0.055994  -0.000686   0.000058   0.000080  0.0000063  0.0000144    0.000187    0.000068
2004  12  24  53363   0.161409   0.248853  -0.5033524   0.0001637  -0.055715  -0.000671   0.000061   0.000068  0.0000082  0.0000162    0.000188    0.000068
2004  12  25  53364   0.159753   0.247516  -0.5033775  -0.0000776  -0.055610  -0.000882   0.000068   0.000089  0.0000123  0.0000171    0.000188    0.000068
2004  12  26  53365   0.158163   0.246702  -0.5032475  -0.0001466  -0.055677  -0.001220   0.000093   0.000141  0.0000074  0.0000175    0.000203    0.000074
2004  12  27  53366   0.156318   0.245765  -0.5030910  -0.0001381  -0.055767  -0.001484   0.000127   0.000077  0.0000055  0.0000146    0.000204    0.000074
2004  12  28  53367   0.154470   0.244114  -0.5029956  -0.0001189  -0.055667  -0.001557   0.000071   0.000059  0.0000063  0.0000076    0.000204    0.000074
2004  12  29  53368   0.152758   0.242566  -0.5029671  -0.0000267  -0.055290  -0.001511   0.000054   0.000059  0.0000063  0.0000083    0.000185    0.000063
2004  12  30  53369   0.151090   0.241110  -0.5029718   0.0001305  -0.054784  -0.001500   0.000053   0.000073  0.0000040  0.0000114    0.000152    0.000047
2004  12  31  53370   0.149932   0.239492  -0.5032050   0.0003578  -0.054362  -0.001564   0.000069   0.000080  0.0000049  0.0000130    0.000150    0.000047
2005   1   1  53371   0.149069   0.238216  -0.5036610   0.0005501  -0.053917  -0.001439   0.000043   0.000052  0.0000312  0.0000175    0.000057    0.000088
2005   1   2  53372   0.148632   0.237060  -0.5042923   0.0006915  -0.053790  -0.001268   0.000046   0.000047  0.0000315  0.0000202    0.000058    0.000099
2005   1   3  53373   0.148599   0.236017  -0.5050256   0.0008116  -0.054037  -0.001184   0.000044   0.000037  0.0000271  0.0000179    0.000058    0.000100
2005   1   4  53374   0.148388   0.234996  -0.5058528   0.0008492  -0.054509  -0.001255   0.000041   0.000030  0.0000248  0.0000163    0.000058    0.000100
2005   1   5  53375   0.147904   0.233578  -0.5067208   0.0007812  -0.054916  -0.001317   0.000041   0.000031  0.0000350  0.0000158    0.000058    0.000100
2005   1   6  53376   0.146782   0.232008  -0.5074056   0.0005928  -0.055217  -0.001187   0.000044   0.000033  0.0000355  0.0000150    0.000059    0.000127
2005   1   7  53377   0.145053   0.230122  -0.5078727   0.0003573  -0.055646  -0.000982   0.000035   0.000034  0.0000221  0.0000138    0.000059    0.000135
2005   1   8  53378   0.143391   0.228274  -0.5081743   0.0001910  -0.056227  -0.001022   0.000030   0.000038  0.0000243  0.0000091    0.000059    0.000135
2005   1   9  53379   0.141855   0.227004  -0.5083437   0.0001362  -0.056528  -0.001364   0.000026   0.000038  0.0000253  0.0000047    0.000055    0.000124
2005   1  10  53380   0.139812   0.225877  -0.5085252   0.0002049  -0.056206  -0.001670   0.000026   0.000036  0.0000176  0.0000048    0.000040    0.000088
2005   1  11  53381   0.137272   0.224659  -0.5087928   0.0004109  -0.055509  -0.001664   0.000032   0.000036  0.0000123  0.0000094    0.000040    0.000088
2005   1  12  53382   0.135136   0.223415  -0.5093335   0.0007104  -0.054932  -0.001504   0.000033   0.000047  0.0000153  0.0000150    0.000047    0.000103
2005   1  13  53383   0.133507   0.222255  -0.5101924   0.0009892  -0.054718  -0.001447   0.000034   0.000043  0.0000212  0.0000168    0.000097    0.000192
2005   1  14  53384   0.131765   0.221244  -0.5112787   0.0011690  -0.054831  -0.001433   0.000035   0.000035  0.0000199  0.0000152    0.000072    0.000123
2005   1  15  53385   0.129942   0.220049  -0.5124631   0.0012103  -0.055057  -0.001281   0.000033   0.000042  0.0000233  0.0000155    0.000062    0.000102
2005   1  16  53386   0.128528   0.218759  -0.5136819   0.0011612  -0.055378  -0.001002   0.000035   0.000055  0.0000234  0.0000183    0.000060    0.000099
2005   1  17  53387   0.127264   0.217602  -0.5147846   0.0010315  -0.055753  -0.000833   0.000040   0.000055  0.0000220  0.0000172    0.000041    0.000064
2005   1  18  53388   0.125776   0.216560  -0.5157157   0.0008254  -0.056040  -0.000923   0.000044   0.000048  0.0000107  0.0000167    0.000040    0.000063
2005   1  19  53389   0.123913   0.215945  -0.5164185   0.0005937  -0.056221  -0.001143   0.000050   0.000048  0.0000102  0.0000184    0.000041    0.000067
2005   1  20  53390   0.121539   0.215362  -0.5168954   0.0003857  -0.056298  -0.001299   0.000050   0.000045  0.0000117  0.0000206    0.000047    0.000085
2005   1  21  53391   0.119206   0.214382  -0.5172180   0.0002450  -0.055685  -0.001421   0.000043   0.000040  0.0000151  0.0000213    0.000058    0.000110
2005   1  22  53392   0.117020   0.213510  -0.5174230   0.0001294  -0.055049  -0.001585   0.000040   0.000039  0.0000182  0.0000186    0.000065    0.000117
2005   1  23  53393   0.114618   0.212676  -0.5175156   0.0000617  -0.054915  -0.001794   0.000051   0.000045  0.0000208  0.0000161    0.000062    0.000114
2005   1  24  53394   0.112302   0.211738  -0.5175426   0.0000459  -0.055132  -0.001923   0.000051   0.000042  0.0000197  0.0000135    0.000044    0.000095
2005   1  25  53395   0.109944   0.210851  -0.5175841   0.0000505  -0.055328  -0.001855   0.000031   0.000031  0.0000178  0.0000119    0.000048    0.000104
2005   1  26  53396   0.107563   0.209970  -0.5177210   0.0001776  -0.055126  -0.001647   0.000030   0.000025  0.0000248  0.0000140    0.000076    0.000164
2005   1  27  53397   0.105342   0.209482  -0.5179898   0.0003953  -0.054662  -0.001422   0.000036   0.000027  0.0000324  0.0000198    0.000149    0.000385
2005   1  28  53398   0.103106   0.209263  -0.5184408   0.0005655  -0.054217  -0.001265   0.000038   0.000037  0.0000248  0.0000201    0.000097    0.000266
2005   1  29  53399   0.100570   0.209242  -0.5190695   0.0006708  -0.054037  -0.001216   0.000043   0.000040  0.0000274  0.0000184    0.000081    0.000219
2005   1  30  53400   0.097483   0.209025  -0.5197152   0.0007139  -0.054173  -0.001229   0.000043   0.000035  0.0000289  0.0000180    0.000071    0.000187
2005   1  31  53401   0.094571   0.208655  -0.5204127   0.0007367  -0.054483  -0.001292   0.000040   0.000035  0.0000242  0.0000203    0.000048    0.000120
2005   2   1  53402   0.091912   0.208532  -0.5211885   0.0007244  -0.054746  -0.001401   0.000038   0.000037  0.0000180  0.0000221    0.000052    0.000126
2005   2   2  53403   0.089158   0.207978  -0.5218907   0.0006266  -0.054805  -0.001472   0.000035   0.000036  0.0000237  0.0000237    0.000073    0.000161
2005   2   3  53404   0.086433   0.207146  -0.5224240   0.0004270  -0.054948  -0.001544   0.000034   0.000031  0.0000289  0.0000222    0.000119    0.000234
2005   2   4  53405   0.083847   0.206529  -0.5227551   0.0002363  -0.055359  -0.001698   0.000040   0.000031  0.0000202  0.0000199    0.000090    0.000164
2005   2   5  53406   0.081425   0.206185  -0.5229499   0.0001835  -0.055901  -0.001967   0.000053   0.000038  0.0000237  0.0000211    0.000076    0.000134
2005   2   6  53407   0.078823   0.206106  -0.5231819   0.0002701  -0.056253  -0.002334   0.000050   0.000039  0.0000238  0.0000217    0.000064    0.000109
2005   2   7  53408   0.076009   0.206036  -0.5235769   0.0004246  -0.056138  -0.002562   0.000041   0.000034  0.0000151  0.0000179    0.000039    0.000064
2005   2   8  53409   0.073021   0.205775  -0.5240716   0.0006740  -0.055687  -0.002420   0.000036   0.000027  0.0000104  0.0000172    0.000041    0.000068
2005   2   9  53410   0.069859   0.205286  -0.5248746   0.0010047  -0.055279  -0.002050   0.000036   0.000031  0.0000123  0.0000192    0.000048    0.000088
2005   2  10  53411   0.066741   0.204573  -0.5260393   0.0013007  -0.054780  -0.001843   0.000032   0.000041  0.0000156  0.0000211    0.000059    0.000135
2005   2  11  53412   0.064036   0.203943  -0.5274554   0.0015413  -0.054639  -0.001843   0.000031   0.000037  0.0000157  0.0000208    0.000056    0.000122
2005   2  12  53413   0.061441   0.203530  -0.5290321   0.0015837  -0.054892  -0.001864   0.000040   0.000040  0.0000194  0.0000188    0.000052    0.000106
2005   2  13  53414   0.059188   0.203267  -0.5305751   0.0014312  -0.055381  -0.001824   0.000041   0.000042  0.0000183  0.0000170    0.000050    0.000097
2005   2  14  53415   0.057196   0.203408  -0.5319138   0.0012046  -0.055930  -0.001866   0.000038   0.000040  0.0000156  0.0000179    0.000041    0.000074
2005   2  15  53416   0.054714   0.203581  -0.5329822   0.0009375  -0.056267  -0.002119   0.000036   0.000041  0.0000155  0.0000179    0.000045    0.000081
2005   2  16  53417   0.051705   0.203374  -0.5337659   0.0006443  -0.056293  -0.002478   0.000034   0.000045  0.0000191  0.0000164    0.000070    0.000129
2005   2  17  53418   0.048480   0.203177  -0.5343024   0.0004232  -0.056061  -0.002733   0.000038   0.000039  0.0000217  0.0000168    0.000135    0.000243
2005   2  18  53419   0.045422   0.203434  -0.5346911   0.0003864  -0.055639  -0.002824   0.000031   0.000032  0.0000155  0.0000186    0.000078    0.000131
2005   2  19  53420   0.042604   0.204055  -0.5351336   0.0004663  -0.055144  -0.002851   0.000031   0.000033  0.0000165  0.0000170    0.000064    0.000106
2005   2  20  53421   0.040093   0.204760  -0.5356559   0.0005820  -0.054729  -0.002917   0.000040   0.000032  0.0000158  0.0000105    0.000060    0.000105
2005   2  21  53422   0.037652   0.205453  -0.5363022   0.0007183  -0.054546  -0.002975   0.000031   0.000029  0.0000123  0.0000100    0.000052    0.000127
2005   2  22  53423   0.035390   0.206021  -0.5371069   0.0008993  -0.054605  -0.002909   0.000028   0.000027  0.0000091  0.0000105    0.000052    0.000127
2005   2  23  53424   0.033259   0.206357  -0.5381064   0.0010926  -0.054724  -0.002717   0.000028   0.000028  0.0000122  0.0000116    0.000052    0.000127
2005   2  24  53425   0.031479   0.206451  -0.5393046   0.0013139  -0.054751  -0.002528   0.000035   0.000032  0.0000210  0.0000166    0.000060    0.000118
2005   2  25  53426   0.030316   0.206902  -0.5407054   0.0015306  -0.054727  -0.002465   0.000049   0.000033  0.0000164  0.0000158    0.000062    0.000117
2005   2  26  53427   0.029230   0.207799  -0.5423165   0.0016917  -0.054788  -0.002528   0.000038   0.000031  0.0000198  0.0000169    0.000062    0.000117
2005   2  27  53428   0.027636   0.208855  -0.5440435   0.0017228  -0.054968  -0.002635   0.000035   0.000036  0.0000258  0.0000190    0.000061    0.000110
2005   2  28  53429   0.025789   0.210047  -0.5457346   0.0016560  -0.055168  -0.002732   0.000037   0.000035  0.0000161  0.0000165    0.000057    0.000083
2005   3   1  53430   0.023980   0.211515  -0.5473432   0.0015551  -0.055279  -0.002830   0.000031   0.000031  0.0000114  0.0000135    0.000057    0.000083
2005   3   2  53431   0.021780   0.213096  -0.5488413   0.0013751  -0.055258  -0.002950   0.000030   0.000030  0.0000163  0.0000122    0.000057    0.000083
2005   3   3  53432   0.019308   0.214374  -0.5501113   0.0011806  -0.055125  -0.003080   0.000027   0.000027  0.0000194  0.0000143    0.000060    0.000099
2005   3   4  53433   0.017122   0.215313  -0.5512203   0.0010283  -0.054940  -0.003216   0.000025   0.000031  0.0000131  0.0000197    0.000060    0.000104
2005   3   5  53434   0.015069   0.216141  -0.5522310   0.0009483  -0.054767  -0.003389   0.000029   0.000037  0.0000161  0.0000221    0.000060    0.000104
2005   3   6  53435   0.012689   0.216805  -0.5531842   0.0009342  -0.054614  -0.003595   0.000037   0.000032  0.0000187  0.0000204    0.000058    0.000098
2005   3   7  53436   0.010530   0.217290  -0.5541257   0.0010196  -0.054449  -0.003717   0.000031   0.000030  0.0000139  0.0000193    0.000046    0.000074
2005   3   8  53437   0.008688   0.218016  -0.5552363   0.0011894  -0.054282  -0.003630   0.000028   0.000031  0.0000110  0.0000186    0.000046    0.000074
2005   3   9  53438   0.006760   0.218867  -0.5565216   0.0013541  -0.054161  -0.003384   0.000023   0.000038  0.0000156  0.0000186    0.000046    0.000074
2005   3  10  53439   0.004637   0.219726  -0.5578994   0.0014722  -0.054094  -0.003170   0.000021   0.000038  0.0000202  0.0000196    0.000057    0.000097
2005   3  11  53440   0.002440   0.220542  -0.5593814   0.0015257  -0.054068  -0.003104   0.000027   0.000033  0.0000143  0.0000182    0.000061    0.000105
2005   3  12  53441   0.000381   0.221472  -0.5609191   0.0014675  -0.054140  -0.003139   0.000034   0.000036  0.0000179  0.0000170    0.000061    0.000105
2005   3  13  53442  -0.001487   0.222267  -0.5623055   0.0012623  -0.054393  -0.003212   0.000032   0.000034  0.0000164  0.0000162    0.000058    0.000104
2005   3  14  53443  -0.002644   0.222791  -0.5633977   0.0009563  -0.054767  -0.003362   0.000020   0.000032  0.0000131  0.0000146    0.000047    0.000096
2005   3  15  53444  -0.003853   0.223313  -0.5641611   0.0005822  -0.055081  -0.003624   0.000020   0.000032  0.0000114  0.0000140    0.000047    0.000096
2005   3  16  53445  -0.005569   0.223595  -0.5645907   0.0002768  -0.055225  -0.003912   0.000028   0.000039  0.0000132  0.0000150    0.000054    0.000112
2005   3  17  53446  -0.006936   0.223832  -0.5647639   0.0000910  -0.055023  -0.004084   0.000032   0.000044  0.0000147  0.0000150    0.000091    0.000243
2005   3  18  53447  -0.008128   0.224261  -0.5648125   0.0000198  -0.054323  -0.004115   0.000033   0.000036  0.0000125  0.0000150    0.000072    0.000177
2005   3  19  53448  -0.009106   0.225015  -0.5648617   0.0000554  -0.053593  -0.004137   0.000024   0.000038  0.0000148  0.0000153    0.000063    0.000150
2005   3  20  53449  -0.009871   0.226043  -0.5649548   0.0001348  -0.053140  -0.004258   0.000022   0.000043  0.0000171  0.0000151    0.000052    0.000123
2005   3  21  53450  -0.010785   0.227105  -0.5651252   0.0002327  -0.053008  -0.004419   0.000024   0.000037  0.0000145  0.0000176    0.000031    0.000073
2005   3  22  53451  -0.011830   0.228499  -0.5654429   0.0004180  -0.053135  -0.004459   0.000022   0.000030  0.0000111  0.0000185    0.000034    0.000079
2005   3  23  53452  -0.013351   0.230408  -0.5660317   0.0007136  -0.053302  -0.004300   0.000023   0.000029  0.0000138  0.0000153    0.000052    0.000121
2005   3  24  53453  -0.015290   0.232020  -0.5668807   0.0009810  -0.053516  -0.004027   0.000027   0.000025  0.0000156  0.0000141    0.000088    0.000170
2005   3  25  53454  -0.016700   0.233260  -0.5679510   0.0011573  -0.053580  -0.003825   0.000027   0.000025  0.0000156  0.0000157    0.000084    0.000149
2005   3  26  53455  -0.017854   0.234696  -0.5691290   0.0012055  -0.053505  -0.003802   0.000028   0.000030  0.0000158  0.0000177    0.000082    0.000145
2005   3  27  53456  -0.019286   0.236392  -0.5703065   0.0011471  -0.053499  -0.003921   0.000024   0.000029  0.0000155  0.0000145    0.000070    0.000104
2005   3  28  53457  -0.020857   0.238067  -0.5713967   0.0010141  -0.053686  -0.004078   0.000023   0.000029  0.0000157  0.0000129    0.000069    0.000102
2005   3  29  53458  -0.022687   0.239395  -0.5723204   0.0008032  -0.054077  -0.004207   0.000026   0.000030  0.0000168  0.0000139    0.000069    0.000102
2005   3  30  53459  -0.024781   0.240404  -0.5729951   0.0005247  -0.054553  -0.004312   0.000026   0.000029  0.0000147  0.0000154    0.000073    0.000116
2005   3  31  53460  -0.026877   0.241447  -0.5733640   0.0002515  -0.054597  -0.004419   0.000026   0.000033  0.0000098  0.0000162    0.000080    0.000184
2005   4   1  53461  -0.028792   0.242840  -0.5735361   0.0000870  -0.053767  -0.004540   0.000024   0.000037  0.0000103  0.0000156    0.000071    0.000140
2005   4   2  53462  -0.030784   0.244152  -0.5736231   0.0001234  -0.052788  -0.004702   0.000023   0.000038  0.0000145  0.0000156    0.000065    0.000122
2005   4   3  53463  -0.032461   0.245156  -0.5738412   0.0003348  -0.052226  -0.004870   0.000023   0.000035  0.0000200  0.0000148    0.000061    0.000116
2005   4   4  53464  -0.033541   0.245857  -0.5743205   0.0006150  -0.052131  -0.004965   0.000023   0.000032  0.0000127  0.0000133    0.000048    0.000104
2005   4   5  53465  -0.034519   0.246190  -0.5750790   0.0008936  -0.052350  -0.004933   0.000025   0.000034  0.0000134  0.0000138    0.000051    0.000112
2005   4   6  53466  -0.035129   0.246707  -0.5760708   0.0011038  -0.052580  -0.004794   0.000030   0.000036  0.0000138  0.0000147    0.000068    0.000157
2005   4   7  53467  -0.035620   0.248147  -0.5772398   0.0012399  -0.052738  -0.004624   0.000030   0.000046  0.0000110  0.0000153    0.000082    0.000212
2005   4   8  53468  -0.036697   0.250356  -0.5785222   0.0013063  -0.052596  -0.004486   0.000030   0.000043  0.0000112  0.0000159    0.000060    0.000124
2005   4   9  53469  -0.038493   0.252517  -0.5798016   0.0011975  -0.052430  -0.004453   0.000033   0.000032  0.0000134  0.0000174    0.000052    0.000101
2005   4  10  53470  -0.040672   0.254142  -0.5808855   0.0009151  -0.052525  -0.004549   0.000037   0.000029  0.0000127  0.0000194    0.000052    0.000098
2005   4  11  53471  -0.042574   0.255486  -0.5816359   0.0005936  -0.052879  -0.004747   0.000042   0.000033  0.0000087  0.0000180    0.000068    0.000102
2005   4  12  53472  -0.044222   0.257030  -0.5820747   0.0003555  -0.053338  -0.004971   0.000031   0.000043  0.0000089  0.0000166    0.000068    0.000102
2005   4  13  53473  -0.045479   0.258802  -0.5823482   0.0002448  -0.053675  -0.005101   0.000026   0.000038  0.0000108  0.0000171    0.000068    0.000102
2005   4  14  53474  -0.046188   0.260574  -0.5825985   0.0002234  -0.053756  -0.005082   0.000026   0.000034  0.0000128  0.0000179    0.000070    0.000121
2005   4  15  53475  -0.046815   0.262539  -0.5828483   0.0002704  -0.053535  -0.004990   0.000031   0.000035  0.0000111  0.0000175    0.000071    0.000127
2005   4  16  53476  -0.047920   0.264961  -0.5831802   0.0003862  -0.053031  -0.004980   0.000036   0.000040  0.0000171  0.0000175    0.000071    0.000127
2005   4  17  53477  -0.049422   0.267378  -0.5836607   0.0005439  -0.052362  -0.005126   0.000034   0.000037  0.0000238  0.0000167    0.000059    0.000114
2005   4  18  53478  -0.051050   0.269613  -0.5843225   0.0007332  -0.051760  -0.005343   0.000025   0.000040  0.0000175  0.0000172    0.000035    0.000076
2005   4  19  53479  -0.052540   0.271929  -0.5851517   0.0009500  -0.051489  -0.005469   0.000022   0.000055  0.0000115  0.0000164    0.000035    0.000076
2005   4  20  53480  -0.053914   0.274266  -0.5861808   0.0011443  -0.051657  -0.005411   0.000024   0.000034  0.0000133  0.0000149    0.000041    0.000089
2005   4  21  53481  -0.054997   0.276500  -0.5874049   0.0013030  -0.052093  -0.005219   0.000023   0.000032  0.0000155  0.0000172    0.000100    0.000196
2005   4  22  53482  -0.055825   0.278685  -0.5887641   0.0014081  -0.052489  -0.005012   0.000021   0.000041  0.0000138  0.0000195    0.000065    0.000121
2005   4  23  53483  -0.056832   0.281021  -0.5901775   0.0014567  -0.052762  -0.004879   0.000022   0.000041  0.0000179  0.0000187    0.000053    0.000099
2005   4  24  53484  -0.057741   0.283409  -0.5916102   0.0013968  -0.052969  -0.004832   0.000027   0.000037  0.0000237  0.0000178    0.000051    0.000089
2005   4  25  53485  -0.058442   0.285357  -0.5929203   0.0012335  -0.053195  -0.004856   0.000037   0.000043  0.0000159  0.0000179    0.000049    0.000063
2005   4  26  53486  -0.058863   0.287010  -0.5940490   0.0009846  -0.053432  -0.004936   0.000036   0.000049  0.0000114  0.0000174    0.000049    0.000063
2005   4  27  53487  -0.058896   0.288677  -0.5949111   0.0007068  -0.053535  -0.005054   0.000039   0.000052  0.0000144  0.0000164    0.000049    0.000063
2005   4  28  53488  -0.058542   0.290515  -0.5955094   0.0005110  -0.053432  -0.005257   0.000032   0.000051  0.0000153  0.0000175    0.000049    0.000069
2005   4  29  53489  -0.057890   0.292581  -0.5959584   0.0004463  -0.053187  -0.005582   0.000030   0.000044  0.0000157  0.0000182    0.000051    0.000092
2005   4  30  53490  -0.057327   0.294941  -0.5965025   0.0005376  -0.052785  -0.005815   0.000045   0.000054  0.0000200  0.0000191    0.000052    0.000134
2005   5   1  53491  -0.057277   0.297675  -0.5971716   0.0007340  -0.052327  -0.005850   0.000048   0.000043  0.0000238  0.0000166    0.000046    0.000112
2005   5   2  53492  -0.057891   0.300209  -0.5980213   0.0010069  -0.051977  -0.005739   0.000028   0.000033  0.0000099  0.0000139    0.000030    0.000055
2005   5   3  53493  -0.059052   0.302237  -0.5991170   0.0012476  -0.051840  -0.005560   0.000025   0.000035  0.0000113  0.0000150    0.000030    0.000055
2005   5   4  53494  -0.060018   0.304125  -0.6004486   0.0013808  -0.051947  -0.005383   0.000022   0.000036  0.0000161  0.0000170    0.000030    0.000055
2005   5   5  53495  -0.060709   0.306049  -0.6018641   0.0013870  -0.052212  -0.005200   0.000019   0.000036  0.0000187  0.0000158    0.000045    0.000089
2005   5   6  53496  -0.060995   0.307913  -0.6032026   0.0012910  -0.052472  -0.004990   0.000024   0.000044  0.0000176  0.0000163    0.000052    0.000109
2005   5   7  53497  -0.060805   0.309882  -0.6044090   0.0011447  -0.052572  -0.004780   0.000046   0.000042  0.0000217  0.0000195    0.000052    0.000109
2005   5   8  53498  -0.060684   0.311658  -0.6054214   0.0009211  -0.052495  -0.004672   0.000048   0.000036  0.0000225  0.0000179    0.000054    0.000111
2005   5   9  53499  -0.060731   0.313236  -0.6062174   0.0006640  -0.052378  -0.004737   0.000044   0.000035  0.0000085  0.0000169    0.000065    0.000132
2005   5  10  53500  -0.060931   0.314825  -0.6067984   0.0004363  -0.052381  -0.004938   0.000038   0.000034  0.0000099  0.0000151    0.000069    0.000139
2005   5  11  53501  -0.061366   0.316268  -0.6071831   0.0002857  -0.052552  -0.005165   0.000030   0.000033  0.0000156  0.0000081    0.000104    0.000207
2005   5  12  53502  -0.062088   0.317634  -0.6074377   0.0002508  -0.052767  -0.005313   0.000030   0.000041  0.0000171  0.0000081    0.000116    0.000195
2005   5  13  53503  -0.063130   0.319071  -0.6076761   0.0002544  -0.052852  -0.005398   0.000027   0.000046  0.0000120  0.0000148    0.000059    0.000097
2005   5  14  53504  -0.064541   0.320417  -0.6079012   0.0002958  -0.052700  -0.005502   0.000026   0.000044  0.0000167  0.0000183    0.000056    0.000093
2005   5  15  53505  -0.065839   0.321875  -0.6082799   0.0004391  -0.052380  -0.005670   0.000033   0.000058  0.0000270  0.0000176    0.000056    0.000094
2005   5  16  53506  -0.066795   0.323609  -0.6088578   0.0006234  -0.052075  -0.005831   0.000038   0.000044  0.0000266  0.0000179    0.000051    0.000108
2005   5  17  53507  -0.067553   0.325146  -0.6095880   0.0008001  -0.052051  -0.005885   0.000033   0.000029  0.0000271  0.0000190    0.000051    0.000108
2005   5  18  53508  -0.068362   0.326520  -0.6104216   0.0009248  -0.052519  -0.005826   0.000032   0.000027  0.0000241  0.0000196    0.000055    0.000118
2005   5  19  53509  -0.069229   0.327884  -0.6113727   0.0009889  -0.053124  -0.005671   0.000026   0.000030  0.0000161  0.0000175    0.000070    0.000161
2005   5  20  53510  -0.070074   0.329323  -0.6123966   0.0009990  -0.053263  -0.005411   0.000026   0.000032  0.0000160  0.0000171    0.000064    0.000175
2005   5  21  53511  -0.070691   0.330756  -0.6133604   0.0009331  -0.053317  -0.005129   0.000030   0.000044  0.0000212  0.0000191    0.000060    0.000183
2005   5  22  53512  -0.071007   0.332337  -0.6142194   0.0007746  -0.053622  -0.004902   0.000020   0.000065  0.0000257  0.0000172    0.000057    0.000147
2005   5  23  53513  -0.071274   0.334066  -0.6148646   0.0004864  -0.054197  -0.004840   0.000020   0.000051  0.0000162  0.0000152    0.000047    0.000080
2005   5  24  53514  -0.071468   0.335712  -0.6151379   0.0001187  -0.054848  -0.005045   0.000022   0.000037  0.0000103  0.0000142    0.000047    0.000080
2005   5  25  53515  -0.071439   0.337425  -0.6151224  -0.0001739  -0.055116  -0.005434   0.000021   0.000037  0.0000135  0.0000137    0.000056    0.000094
2005   5  26  53516  -0.070499   0.339375  -0.6148861  -0.0003068  -0.054766  -0.005777   0.000019   0.000046  0.0000185  0.0000145    0.000136    0.000235
2005   5  27  53517  -0.069024   0.341628  -0.6145646  -0.0002481  -0.054035  -0.005905   0.000018   0.000041  0.0000135  0.0000154    0.000084    0.000152
2005   5  28  53518  -0.068074   0.343822  -0.6144076  -0.0000452  -0.053490  -0.005807   0.000025   0.000036  0.0000182  0.0000185    0.000069    0.000125
2005   5  29  53519  -0.067199   0.345896  -0.6144983   0.0001927  -0.053439  -0.005607   0.000033   0.000042  0.0000359  0.0000231    0.000067    0.000121
2005   5  30  53520  -0.066040   0.348035  -0.6148331   0.0004502  -0.053752  -0.005413   0.000034   0.000056  0.0000386  0.0000188    0.000059    0.000225
2005   5  31  53521  -0.064591   0.349832  -0.6153860   0.0006719  -0.054102  -0.005255   0.000032   0.000041  0.0000133  0.0000155    0.000059    0.000249
2005   6   1  53522  -0.063039   0.351233  -0.6160959   0.0007317  -0.054257  -0.005132   0.000030   0.000035  0.0000139  0.0000142    0.000059    0.000247
2005   6   2  53523  -0.061657   0.352692  -0.6168285   0.0006447  -0.054230  -0.005028   0.000027   0.000036  0.0000174  0.0000124    0.000053    0.000186
2005   6   3  53524  -0.060566   0.354550  -0.6173810   0.0004577  -0.054276  -0.004892   0.000026   0.000038  0.0000177  0.0000119    0.000044    0.000128
2005   6   4  53525  -0.059974   0.356580  -0.6176697   0.0001996  -0.054570  -0.004721   0.000032   0.000036  0.0000233  0.0000136    0.000044    0.000126
2005   6   5  53526  -0.059603   0.358359  -0.6178159  -0.0000227  -0.054987  -0.004649   0.000037   0.000031  0.0000335  0.0000142    0.000043    0.000114
2005   6   6  53527  -0.059186   0.359873  -0.6176982  -0.0002108  -0.055321  -0.004806   0.000028   0.000030  0.0000171  0.0000161    0.000041    0.000079
2005   6   7  53528  -0.058691   0.361245  -0.6173127  -0.0003956  -0.055475  -0.005163   0.000025   0.000030  0.0000114  0.0000216    0.000045    0.000086
2005   6   8  53529  -0.058252   0.362434  -0.6168570  -0.0005428  -0.055438  -0.005537   0.000027   0.000030  0.0000165  0.0000207    0.000067    0.000129
2005   6   9  53530  -0.057694   0.363447  -0.6162578  -0.0005671  -0.055308  -0.005736   0.000032   0.000032  0.0000246  0.0000183    0.000114    0.000232
2005   6  10  53531  -0.056667   0.364926  -0.6157449  -0.0004804  -0.055187  -0.005736   0.000035   0.000033  0.0000174  0.0000172    0.000076    0.000162
2005   6  11  53532  -0.055541   0.367003  -0.6153479  -0.0003741  -0.055157  -0.005648   0.000035   0.000035  0.0000218  0.0000173    0.000075    0.000159
2005   6  12  53533  -0.054429   0.369043  -0.6150716  -0.0002286  -0.055191  -0.005564   0.000031   0.000037  0.0000243  0.0000130    0.000068    0.000136
2005   6  13  53534  -0.053321   0.371121  -0.6148963  -0.0000739  -0.055160  -0.005450   0.000026   0.000040  0.0000202  0.0000124    0.000047    0.000081
2005   6  14  53535  -0.052552   0.373279  -0.6149091   0.0000773  -0.055027  -0.005251   0.000028   0.000037  0.0000168  0.0000141    0.000047    0.000081
2005   6  15  53536  -0.052079   0.375035  -0.6150815   0.0002287  -0.054992  -0.005038   0.000024   0.000031  0.0000224  0.0000147    0.000047    0.000081
2005   6  16  53537  -0.051453   0.376469  -0.6153884   0.0003684  -0.055337  -0.004937   0.000023   0.000031  0.0000296  0.0000153    0.000041    0.000091
2005   6  17  53538  -0.050575   0.377986  -0.6157770   0.0004104  -0.056052  -0.004946   0.000025   0.000033  0.0000182  0.0000164    0.000040    0.000093
2005   6  18  53539  -0.049544   0.379543  -0.6161341   0.0002957  -0.056815  -0.004900   0.000026   0.000038  0.0000212  0.0000209    0.000040    0.000093
2005   6  19  53540  -0.048332   0.381176  -0.6163068   0.0000709  -0.057389  -0.004723   0.000029   0.000036  0.0000238  0.0000223    0.000040    0.000091
2005   6  20  53541  -0.047213   0.382853  -0.6162495  -0.0001807  -0.057832  -0.004599   0.000033   0.000028  0.0000163  0.0000199    0.000043    0.000081
2005   6  21  53542  -0.046340   0.384414  -0.6159488  -0.0003767  -0.058192  -0.004795   0.000031   0.000028  0.0000108  0.0000193    0.000044    0.000087
2005   6  22  53543  -0.045623   0.385993  -0.6154664  -0.0005021  -0.058267  -0.005282   0.000022   0.000033  0.0000130  0.0000208    0.000050    0.000117
2005   6  23  53544  -0.045059   0.387350  -0.6149796  -0.0004820  -0.057884  -0.005593   0.000017   0.000036  0.0000177  0.0000210    0.000052    0.000153
2005   6  24  53545  -0.044505   0.388467  -0.6145938  -0.0003142  -0.057294  -0.005496   0.000017   0.000033  0.0000172  0.0000209    0.000047    0.000123
2005   6  25  53546  -0.043784   0.389713  -0.6144088  -0.0000521  -0.056954  -0.005194   0.000020   0.000035  0.0000211  0.0000200    0.000047    0.000121
2005   6  26  53547  -0.042895   0.390857  -0.6145477   0.0001924  -0.057078  -0.004956   0.000028   0.000033  0.0000244  0.0000165    0.000044    0.000108
2005   6  27  53548  -0.041630   0.391977  -0.6148271   0.0003279  -0.057542  -0.004852   0.000038   0.000030  0.0000190  0.0000148    0.000034    0.000072
2005   6  28  53549  -0.040460   0.393452  -0.6151307   0.0003252  -0.058104  -0.004808   0.000038   0.000030  0.0000135  0.0000146    0.000037    0.000078
2005   6  29  53550  -0.039921   0.394893  -0.6154143   0.0002258  -0.058573  -0.004780   0.000029   0.000032  0.0000147  0.0000142    0.000046    0.000103
2005   6  30  53551  -0.039976   0.396121  -0.6155512   0.0000323  -0.058721  -0.004764   0.000027   0.000035  0.0000151  0.0000151    0.000038    0.000096
2005   7   1  53552  -0.039975   0.397060  -0.6154493  -0.0002101  -0.058446  -0.004727   0.000032   0.000025  0.0000184  0.0000174    0.000041    0.000094
2005   7   2  53553  -0.039371   0.398065  -0.6151105  -0.0004735  -0.058277  -0.004698   0.000038   0.000025  0.0000253  0.0000197    0.000052    0.000102
2005   7   3  53554  -0.038546   0.399050  -0.6144602  -0.0007886  -0.058446  -0.004756   0.000038   0.000042  0.0000210  0.0000213    0.000066    0.000122
2005   7   4  53555  -0.037557   0.400004  -0.6135350  -0.0009974  -0.058776  -0.004991   0.000038   0.000044  0.0000208  0.0000210    0.000305    0.000731
2005   7   5  53556  -0.036263   0.401271  -0.6125061  -0.0010598  -0.059102  -0.005381   0.000038   0.000032  0.0000222  0.0000182    0.000140    0.000251
2005   7   6  53557  -0.034587   0.402854  -0.6114582  -0.0010107  -0.059310  -0.005720   0.000032   0.000031  0.0000136  0.0000171    0.000074    0.000128
2005   7   7  53558  -0.032813   0.404706  -0.6104741  -0.0009084  -0.059264  -0.005772   0.000030   0.000038  0.0000156  0.0000164    0.000061    0.000112
2005   7   8  53559  -0.031314   0.406354  -0.6096199  -0.0008049  -0.059099  -0.005508   0.000027   0.000038  0.0000169  0.0000102    0.000053    0.000113
2005   7   9  53560  -0.029935   0.407500  -0.6089096  -0.0006384  -0.059071  -0.005131   0.000025   0.000029  0.0000229  0.0000101    0.000053    0.000113
2005   7  10  53561  -0.028650   0.408174  -0.6083371  -0.0004444  -0.059206  -0.004861   0.000026   0.000023  0.0000246  0.0000153    0.000054    0.000112
2005   7  11  53562  -0.027666   0.408832  -0.6080146  -0.0002626  -0.059343  -0.004732   0.000030   0.000026  0.0000162  0.0000170    0.000062    0.000107
2005   7  12  53563  -0.026810   0.409535  -0.6078403  -0.0001036  -0.059359  -0.004656   0.000040   0.000028  0.0000112  0.0000183    0.000061    0.000111
2005   7  13  53564  -0.025727   0.410322  -0.6077729  -0.0000212  -0.059358  -0.004623   0.000037   0.000029  0.0000131  0.0000196    0.000063    0.000129
2005   7  14  53565  -0.024428   0.411409  -0.6077532  -0.0000405  -0.059716  -0.004630   0.000032   0.000029  0.0000173  0.0000197    0.000078    0.000164
2005   7  15  53566  -0.023083   0.412685  -0.6076746  -0.0001358  -0.060504  -0.004729   0.000030   0.000026  0.0000177  0.0000187    0.000056    0.000106
2005   7  16  53567  -0.021726   0.413780  -0.6074866  -0.0002811  -0.061378  -0.004910   0.000034   0.000031  0.0000245  0.0000181    0.000046    0.000086
2005   7  17  53568  -0.020496   0.414495  -0.6071288  -0.0004953  -0.061985  -0.005012   0.000037   0.000038  0.0000309  0.0000181    0.000043    0.000082
2005   7  18  53569  -0.019739   0.414995  -0.6064931  -0.0006883  -0.062269  -0.005016   0.000038   0.000033  0.0000207  0.0000189    0.000036    0.000073
2005   7  19  53570  -0.019255   0.415335  -0.6056945  -0.0008082  -0.062296  -0.005084   0.000049   0.000029  0.0000137  0.0000175    0.000036    0.000073
2005   7  20  53571  -0.018410   0.415423  -0.6048615  -0.0008523  -0.062030  -0.005227   0.000045   0.000029  0.0000166  0.0000178    0.000039    0.000080
2005   7  21  53572  -0.016976   0.415694  -0.6040531  -0.0007555  -0.061527  -0.005252   0.000042   0.000035  0.0000183  0.0000202    0.000096    0.000151
2005   7  22  53573  -0.015384   0.416393  -0.6034055  -0.0004610  -0.061132  -0.005079   0.000046   0.000043  0.0000138  0.0000211    0.000071    0.000098
2005   7  23  53574  -0.014028   0.417218  -0.6031611  -0.0000713  -0.061180  -0.004904   0.000044   0.000039  0.0000187  0.0000183    0.000058    0.000078
2005   7  24  53575  -0.013014   0.418023  -0.6032495   0.0002512  -0.061599  -0.004937   0.000037   0.000036  0.0000310  0.0000122    0.000048    0.000072
2005   7  25  53576  -0.012129   0.418820  -0.6036329   0.0004498  -0.062085  -0.005076   0.000026   0.000027  0.0000198  0.0000115    0.000031    0.000064
2005   7  26  53577  -0.011286   0.419340  -0.6041419   0.0004922  -0.062501  -0.005061   0.000024   0.000021  0.0000145  0.0000131    0.000031    0.000064
2005   7  27  53578  -0.010352   0.419756  -0.6045864   0.0003758  -0.062857  -0.004875   0.000025   0.000022  0.0000218  0.0000135    0.000031    0.000064
2005   7  28  53579  -0.009380   0.420191  -0.6048249   0.0001308  -0.063129  -0.004747   0.000021   0.000030  0.0000314  0.0000154    0.000047    0.000100
2005   7  29  53580  -0.008218   0.420345  -0.6048562  -0.0000956  -0.063298  -0.004818   0.000022   0.000032  0.0000225  0.0000162    0.000056    0.000119
2005   7  30  53581  -0.006478   0.420577  -0.6047065  -0.0003204  -0.063458  -0.004996   0.000030   0.000032  0.0000297  0.0000159    0.000056    0.000119
2005   7  31  53582  -0.004569   0.420992  -0.6042166  -0.0005241  -0.063666  -0.005147   0.000037   0.000034  0.0000398  0.0000167    0.000056    0.000121
2005   8   1  53583  -0.002939   0.421373  -0.6036183  -0.0006007  -0.063814  -0.005283   0.000035   0.000035  0.0000260  0.0000190    0.000060    0.000140
2005   8   2  53584  -0.001350   0.421655  -0.6030232  -0.0006422  -0.063748  -0.005469   0.000029   0.000034  0.0000191  0.0000203    0.000060    0.000140
2005   8   3  53585   0.000715   0.421819  -0.6023824  -0.0006399  -0.063463  -0.005631   0.000024   0.000032  0.0000202  0.0000182    0.000060    0.000140
2005   8   4  53586   0.002977   0.422063  -0.6017711  -0.0005561  -0.063113  -0.005584   0.000020   0.000030  0.0000162  0.0000170    0.000065    0.000136
2005   8   5  53587   0.004808   0.422439  -0.6012540  -0.0004074  -0.062855  -0.005258   0.000020   0.000036  0.0000129  0.0000182    0.000066    0.000135
2005   8   6  53588   0.006586   0.422699  -0.6009630  -0.0002028  -0.062762  -0.004824   0.000023   0.000037  0.0000203  0.0000192    0.000066    0.000135
2005   8   7  53589   0.008605   0.423088  -0.6008975   0.0000521  -0.062816  -0.004532   0.000025   0.000036  0.0000316  0.0000193    0.000066    0.000133
2005   8   8  53590   0.010969   0.423602  -0.6010557   0.0002742  -0.062938  -0.004458   0.000024   0.000036  0.0000195  0.0000183    0.000063    0.000121
2005   8   9  53591   0.013711   0.424315  -0.6013952   0.0003987  -0.063044  -0.004484   0.000028   0.000034  0.0000147  0.0000168    0.000063    0.000121
2005   8  10  53592   0.016218   0.425376  -0.6018453   0.0004195  -0.063143  -0.004508   0.000036   0.000027  0.0000149  0.0000177    0.000075    0.000144
2005   8  11  53593   0.018272   0.426491  -0.6022577   0.0003724  -0.063348  -0.004583   0.000027   0.000025  0.0000123  0.0000202    0.000170    0.000438
2005   8  12  53594   0.020012   0.427335  -0.6025536   0.0002325  -0.063730  -0.004798   0.000025   0.000029  0.0000126  0.0000194    0.000103    0.000308
2005   8  13  53595   0.021561   0.427911  -0.6026720  -0.0000089  -0.064194  -0.005118   0.000030   0.000032  0.0000210  0.0000186    0.000085    0.000252
2005   8  14  53596   0.022778   0.428517  -0.6025881  -0.0002430  -0.064531  -0.005373   0.000036   0.000036  0.0000246  0.0000181    0.000074    0.000202
2005   8  15  53597   0.023809   0.429103  -0.6022328  -0.0003935  -0.064628  -0.005471   0.000028   0.000033  0.0000170  0.0000162    0.000049    0.000113
2005   8  16  53598   0.024903   0.429379  -0.6017599  -0.0004345  -0.064517  -0.005478   0.000026   0.000027  0.0000143  0.0000146    0.000049    0.000113
2005   8  17  53599   0.026036   0.429489  -0.6013618  -0.0003984  -0.064249  -0.005413   0.000025   0.000030  0.0000162  0.0000130    0.000053    0.000120
2005   8  18  53600   0.027181   0.429450  -0.6009933  -0.0002461  -0.063839  -0.005168   0.000025   0.000036  0.0000116  0.0000142    0.000065    0.000129
2005   8  19  53601   0.028481   0.429203  -0.6008905   0.0000432  -0.063448  -0.004759   0.000025   0.000023  0.0000105  0.0000180    0.000056    0.000099
2005   8  20  53602   0.029881   0.429026  -0.6011346   0.0003990  -0.063470  -0.004517   0.000022   0.000024  0.0000175  0.0000184    0.000051    0.000087
2005   8  21  53603   0.031323   0.429049  -0.6017122   0.0006729  -0.063825  -0.004695   0.000026   0.000034  0.0000365  0.0000170    0.000053    0.000088
2005   8  22  53604   0.032736   0.429026  -0.6024541   0.0007016  -0.064204  -0.005086   0.000034   0.000026  0.0000176  0.0000174    0.000074    0.000118
2005   8  23  53605   0.034138   0.428822  -0.6030854   0.0005391  -0.064617  -0.005250   0.000039   0.000026  0.0000103  0.0000165    0.000073    0.000117
2005   8  24  53606   0.035578   0.428671  -0.6034985   0.0002872  -0.065182  -0.005048   0.000042   0.000044  0.0000106  0.0000139    0.000046    0.000101
2005   8  25  53607   0.036976   0.428462  -0.6036544   0.0000199  -0.065667  -0.004810   0.000036   0.000051  0.0000121  0.0000154    0.000031    0.000081
2005   8  26  53608   0.038228   0.428013  -0.6035288  -0.0002701  -0.065698  -0.004862   0.000038   0.000038  0.0000147  0.0000170    0.000036    0.000084
2005   8  27  53609   0.039390   0.427098  -0.6030716  -0.0005619  -0.065428  -0.005069   0.000058   0.000035  0.0000213  0.0000146    0.000044    0.000086
2005   8  28  53610   0.040565   0.426171  -0.6024168  -0.0007692  -0.065210  -0.005174   0.000038   0.000037  0.0000329  0.0000130    0.000047    0.000092
2005   8  29  53611   0.041434   0.425718  -0.6015933  -0.0008865  -0.065154  -0.005137   0.000031   0.000039  0.0000211  0.0000150    0.000069    0.000279
2005   8  30  53612   0.041789   0.425399  -0.6006558  -0.0008798  -0.065130  -0.005087   0.000029   0.000041  0.0000122  0.0000210    0.000069    0.000283
2005   8  31  53613   0.041874   0.425113  -0.5997905  -0.0007658  -0.065007  -0.005095   0.000030   0.000037  0.0000118  0.0000228    0.000069    0.000274
2005   9   1  53614   0.041990   0.425187  -0.5991077  -0.0005914  -0.064829  -0.005054   0.000034   0.000030  0.0000126  0.0000203    0.000068    0.000113
2005   9   2  53615   0.042079   0.425571  -0.5986505  -0.0003213  -0.064681  -0.004842   0.000035   0.000033  0.0000149  0.0000158    0.000067    0.000105
2005   9   3  53616   0.042283   0.425458  -0.5984975  -0.0000217  -0.064579  -0.004523   0.000028   0.000037  0.0000215  0.0000157    0.000067    0.000105
2005   9   4  53617   0.042744   0.424875  -0.5986409   0.0001899  -0.064504  -0.004307   0.000024   0.000041  0.0000335  0.0000168    0.000078    0.000122
2005   9   5  53618   0.043568   0.424270  -0.5988452   0.0003314  -0.064477  -0.004328   0.000024   0.000040  0.0000468  0.0000142    0.000318    0.001129
2005   9   6  53619   0.044684   0.423737  -0.5992071   0.0004195  -0.064515  -0.004509   0.000025   0.000033  0.0000334  0.0000127    0.000227    0.000494
2005   9   7  53620   0.045895   0.423300  -0.5996613   0.0004551  -0.064590  -0.004683   0.000026   0.000038  0.0000203  0.0000126    0.000149    0.000274
2005   9   8  53621   0.047225   0.422965  -0.6001364   0.0004357  -0.064714  -0.004795   0.000032   0.000048  0.0000195  0.0000138    0.000131    0.000237
2005   9   9  53622   0.048454   0.422963  -0.6005143   0.0003168  -0.064925  -0.004890   0.000041   0.000044  0.0000170  0.0000159    0.000072    0.000131
2005   9  10  53623   0.049392   0.423127  -0.6007306   0.0001190  -0.065170  -0.005023   0.000039   0.000043  0.0000220  0.0000178    0.000059    0.000106
2005   9  11  53624   0.050095   0.423242  -0.6007494  -0.0001019  -0.065309  -0.005162   0.000031   0.000044  0.0000217  0.0000184    0.000048    0.000089
2005   9  12  53625   0.050476   0.423208  -0.6005960  -0.0002068  -0.065180  -0.005236   0.000031   0.000043  0.0000114  0.0000172    0.000027    0.000050
2005   9  13  53626   0.050362   0.422625  -0.6004007  -0.0001041  -0.064727  -0.005197   0.000035   0.000033  0.0000068  0.0000164    0.000028    0.000053
2005   9  14  53627   0.050076   0.421676  -0.6003776   0.0000972  -0.064113  -0.005000   0.000039   0.000030  0.0000071  0.0000148    0.000031    0.000063
2005   9  15  53628   0.050109   0.421227  -0.6005966   0.0003657  -0.063865  -0.004701   0.000033   0.000030  0.0000074  0.0000135    0.000032    0.000068
2005   9  16  53629   0.050846   0.421344  -0.6011460   0.0007376  -0.063993  -0.004340   0.000029   0.000033  0.0000070  0.0000097    0.000030    0.000054
2005   9  17  53630   0.051850   0.421579  -0.6020727   0.0010836  -0.064372  -0.004089   0.000029   0.000030  0.0000068  0.0000095    0.000027    0.000045
2005   9  18  53631   0.052457   0.421906  -0.6032785   0.0012565  -0.064717  -0.004172   0.000028   0.000026  0.0000065  0.0000140    0.000027    0.000043
2005   9  19  53632   0.052596   0.421853  -0.6045746   0.0012635  -0.064709  -0.004451   0.000028   0.000028  0.0000065  0.0000166    0.000028    0.000045
2005   9  20  53633   0.052643   0.421162  -0.6057823   0.0011001  -0.064616  -0.004631   0.000026   0.000033  0.0000068  0.0000171    0.000030    0.000051
2005   9  21  53634   0.052988   0.420313  -0.6067476   0.0008125  -0.064730  -0.004619   0.000029   0.000039  0.0000070  0.0000167    0.000031    0.000062
2005   9  22  53635   0.053557   0.419534  -0.6073923   0.0004890  -0.065039  -0.004536   0.000032   0.000033  0.0000067  0.0000159    0.000029    0.000053
2005   9  23  53636   0.054334   0.418962  -0.6077238   0.0001871  -0.065261  -0.004543   0.000031   0.000030  0.0000065  0.0000149    0.000028    0.000055
2005   9  24  53637   0.055256   0.418400  -0.6077838  -0.0000498  -0.065239  -0.004637   0.000039   0.000030  0.0000068  0.0000141    0.000030    0.000061
2005   9  25  53638   0.056110   0.417821  -0.6076562  -0.0001729  -0.065036  -0.004719   0.000046   0.000030  0.0000068  0.0000140    0.000030    0.000054
2005   9  26  53639   0.056625   0.417452  -0.6074666  -0.0001745  -0.064737  -0.004664   0.000040   0.000034  0.0000067  0.0000145    0.000032    0.000055
2005   9  27  53640   0.057060   0.417104  -0.6073114  -0.0001261  -0.064364  -0.004489   0.000032   0.000036  0.0000070  0.0000145    0.000035    0.000056
2005   9  28  53641   0.057798   0.416887  -0.6072351  -0.0000126  -0.064096  -0.004428   0.000030   0.000038  0.0000082  0.0000143    0.000036    0.000057
2005   9  29  53642   0.058538   0.417053  -0.6073118   0.0001855  -0.063825  -0.004430   0.000037   0.000034  0.0000133  0.0000163    0.000039    0.000066
2005   9  30  53643   0.058812   0.417345  -0.6076035   0.0003853  -0.063337  -0.004258   0.000039   0.000030  0.0000159  0.0000169    0.000047    0.000084
2005  10   1  53644   0.058706   0.417310  -0.6080674   0.0005628  -0.063050  -0.003947   0.000033   0.000036  0.0000214  0.0000140    0.000059    0.000108
2005  10   2  53645   0.058598   0.417064  -0.6087027   0.0007193  -0.063119  -0.003690   0.000036   0.000043  0.0000278  0.0000147    0.000066    0.000115
2005  10   3  53646   0.058878   0.416532  -0.6094594   0.0007740  -0.063375  -0.003645   0.000040   0.000044  0.0000116  0.0000177    0.000186    0.000111
2005  10   4  53647   0.059741   0.415836  -0.6102242   0.0007099  -0.063642  -0.003815   0.000033   0.000049  0.0000131  0.0000184    0.000188    0.000111
2005  10   5  53648   0.060838   0.415452  -0.6108736   0.0005584  -0.063706  -0.004041   0.000035   0.000052  0.0000189  0.0000154    0.000196    0.000131
2005  10   6  53649   0.062094   0.415429  -0.6113413   0.0004234  -0.063534  -0.004168   0.000034   0.000055  0.0000326  0.0000152    0.000103    0.000239
2005  10   7  53650   0.063356   0.415720  -0.6116941   0.0002944  -0.063281  -0.004161   0.000033   0.000045  0.0000233  0.0000210    0.000056    0.000138
2005  10   8  53651   0.064027   0.415790  -0.6119614   0.0001245  -0.063154  -0.004107   0.000042   0.000036  0.0000233  0.0000254    0.000046    0.000113
2005  10   9  53652   0.064448   0.415243  -0.6120375   0.0000287  -0.063155  -0.004109   0.000047   0.000030  0.0000221  0.0000228    0.000047    0.000114
2005  10  10  53653   0.064984   0.414516  -0.6120476   0.0000169  -0.063060  -0.004194   0.000035   0.000034  0.0000214  0.0000174    0.000108    0.000160
2005  10  11  53654   0.065180   0.413760  -0.6120628   0.0000847  -0.062643  -0.004297   0.000030   0.000047  0.0000209  0.0000157    0.000092    0.000163
2005  10  12  53655   0.065291   0.412971  -0.6122278   0.0002779  -0.061931  -0.004294   0.000031   0.000036  0.0000277  0.0000175    0.000069    0.000170
2005  10  13  53656   0.065703   0.412268  -0.6126647   0.0005671  -0.061340  -0.004069   0.000035   0.000031  0.0000257  0.0000201    0.000060    0.000141
2005  10  14  53657   0.066282   0.411237  -0.6133641   0.0008886  -0.061192  -0.003638   0.000047   0.000035  0.0000151  0.0000182    0.000058    0.000099
2005  10  15  53658   0.066909   0.409950  -0.6143967   0.0011218  -0.061438  -0.003180   0.000066   0.000040  0.0000176  0.0000161    0.000058    0.000097
2005  10  16  53659   0.067878   0.408783  -0.6155788   0.0011771  -0.061792  -0.002933   0.000054   0.000054  0.0000189  0.0000172    0.000058    0.000100
2005  10  17  53660   0.069218   0.408195  -0.6167046   0.0011029  -0.062009  -0.002985   0.000048   0.000048  0.0000151  0.0000151    0.000064    0.000127
2005  10  18  53661   0.070350   0.408055  -0.6177428   0.0009349  -0.062142  -0.003236   0.000044   0.000035  0.0000117  0.0000135    0.000067    0.000133
2005  10  19  53662   0.070872   0.407770  -0.6185796   0.0006990  -0.062388  -0.003561   0.000049   0.000033  0.0000167  0.0000159    0.000078    0.000158
2005  10  20  53663   0.070951   0.407416  -0.6191643   0.0004659  -0.062531  -0.003771   0.000043   0.000033  0.0000233  0.0000198    0.000075    0.000157
2005  10  21  53664   0.071005   0.407031  -0.6195147   0.0002717  -0.062411  -0.003891   0.000037   0.000036  0.0000191  0.0000219    0.000055    0.000119
2005  10  22  53665   0.070996   0.406476  -0.6197390   0.0001432  -0.062070  -0.003980   0.000050   0.000037  0.0000206  0.0000213    0.000054    0.000117
2005  10  23  53666   0.070891   0.405785  -0.6198870   0.0001411  -0.061587  -0.003974   0.000045   0.000037  0.0000214  0.0000194    0.000054    0.000119
2005  10  24  53667   0.070839   0.405195  -0.6200154   0.0002054  -0.061082  -0.003859   0.000036   0.000041  0.0000143  0.0000145    0.000051    0.000135
2005  10  25  53668   0.070827   0.404629  -0.6202427   0.0002551  -0.060637  -0.003739   0.000039   0.000041  0.0000109  0.0000140    0.000051    0.000136
2005  10  26  53669   0.070535   0.403894  -0.6205432   0.0003730  -0.060275  -0.003695   0.000036   0.000039  0.0000158  0.0000167    0.000051    0.000135
2005  10  27  53670   0.070047   0.403003  -0.6209763   0.0005381  -0.060051  -0.003670   0.000032   0.000034  0.0000186  0.0000163    0.000061    0.000115
2005  10  28  53671   0.069791   0.402270  -0.6216490   0.0007247  -0.060031  -0.003523   0.000023   0.000029  0.0000124  0.0000171    0.000063    0.000112
2005  10  29  53672   0.069509   0.401644  -0.6224835   0.0009194  -0.060204  -0.003200   0.000023   0.000030  0.0000133  0.0000200    0.000063    0.000112
2005  10  30  53673   0.069369   0.400666  -0.6234816   0.0010655  -0.060477  -0.002832   0.000032   0.000041  0.0000143  0.0000206    0.000058    0.000107
2005  10  31  53674   0.070058   0.399736  -0.6245753   0.0011057  -0.060753  -0.002626   0.000033   0.000049  0.0000096  0.0000203    0.000040    0.000086
2005  11   1  53675   0.071268   0.399078  -0.6256515   0.0010087  -0.060983  -0.002690   0.000039   0.000044  0.0000096  0.0000192    0.000040    0.000086
2005  11   2  53676   0.072277   0.398457  -0.6265892   0.0008411  -0.061135  -0.002952   0.000040   0.000039  0.0000122  0.0000200    0.000047    0.000102
2005  11   3  53677   0.072871   0.397810  -0.6273104   0.0006149  -0.061096  -0.003214   0.000040   0.000046  0.0000183  0.0000196    0.000113    0.000241
2005  11   4  53678   0.073080   0.397145  -0.6277987   0.0003824  -0.060782  -0.003314   0.000049   0.000064  0.0000177  0.0000171    0.000075    0.000156
2005  11   5  53679   0.073050   0.396606  -0.6281006   0.0002145  -0.060423  -0.003230   0.000037   0.000046  0.0000189  0.0000156    0.000062    0.000129
2005  11   6  53680   0.072909   0.396164  -0.6283121   0.0001573  -0.060130  -0.003083   0.000031   0.000039  0.0000191  0.0000169    0.000060    0.000122
2005  11   7  53681   0.072670   0.395626  -0.6284655   0.0002273  -0.059817  -0.003022   0.000032   0.000039  0.0000101  0.0000214    0.000060    0.000109
2005  11   8  53682   0.072469   0.395250  -0.6287357   0.0004202  -0.059397  -0.003107   0.000029   0.000036  0.0000098  0.0000218    0.000066    0.000117
2005  11   9  53683   0.072408   0.395081  -0.6293174   0.0007744  -0.058883  -0.003266   0.000031   0.000035  0.0000112  0.0000200    0.000098    0.000159
2005  11  10  53684   0.072133   0.394756  -0.6302880   0.0011320  -0.058440  -0.003226   0.000036   0.000039  0.0000155  0.0000204    0.000158    0.000196
2005  11  11  53685   0.071501   0.394110  -0.6315592   0.0013657  -0.058174  -0.002941   0.000037   0.000045  0.0000127  0.0000203    0.000091    0.000155
2005  11  12  53686   0.070815   0.393489  -0.6330132   0.0014704  -0.058237  -0.002571   0.000039   0.000044  0.0000143  0.0000175    0.000074    0.000139
2005  11  13  53687   0.070016   0.393194  -0.6344669   0.0014176  -0.058560  -0.002290   0.000035   0.000042  0.0000147  0.0000121    0.000067    0.000128
2005  11  14  53688   0.069173   0.392844  -0.6358094   0.0012432  -0.058909  -0.002206   0.000039   0.000050  0.0000097  0.0000112    0.000048    0.000095
2005  11  15  53689   0.068957   0.392292  -0.6369095   0.0009454  -0.059128  -0.002338   0.000048   0.000052  0.0000074  0.0000141    0.000050    0.000098
2005  11  16  53690   0.069478   0.392209  -0.6377087   0.0006704  -0.059183  -0.002612   0.000038   0.000040  0.0000096  0.0000156    0.000056    0.000115
2005  11  17  53691   0.069700   0.392766  -0.6382746   0.0004484  -0.058964  -0.002801   0.000033   0.000037  0.0000118  0.0000113    0.000068    0.000136
2005  11  18  53692   0.069328   0.392844  -0.6386104   0.0002395  -0.058717  -0.002848   0.000030   0.000035  0.0000112  0.0000099    0.000051    0.000095
2005  11  19  53693   0.068855   0.392421  -0.6387778   0.0001844  -0.058599  -0.002831   0.000031   0.000037  0.0000137  0.0000115    0.000044    0.000080
2005  11  20  53694   0.067987   0.392165  -0.6390149   0.0002827  -0.058497  -0.002779   0.000035   0.000034  0.0000147  0.0000149    0.000043    0.000080
2005  11  21  53695   0.066842   0.391698  -0.6393480   0.0004111  -0.058285  -0.002724   0.000034   0.000034  0.0000131  0.0000178    0.000051    0.000111
2005  11  22  53696   0.065829   0.390760  -0.6398141   0.0005410  -0.057918  -0.002708   0.000034   0.000041  0.0000105  0.0000162    0.000049    0.000103
2005  11  23  53697   0.065184   0.389572  -0.6404141   0.0006812  -0.057451  -0.002704   0.000034   0.000031  0.0000106  0.0000122    0.000045    0.000086
2005  11  24  53698   0.065266   0.388595  -0.6411624   0.0007950  -0.057270  -0.002637   0.000033   0.000026  0.0000137  0.0000104    0.000043    0.000078
2005  11  25  53699   0.066093   0.388186  -0.6420399   0.0009403  -0.057518  -0.002431   0.000033   0.000028  0.0000152  0.0000113    0.000043    0.000077
2005  11  26  53700   0.066960   0.388309  -0.6430252   0.0010530  -0.058062  -0.002110   0.000038   0.000038  0.0000124  0.0000133    0.000044    0.000078
2005  11  27  53701   0.067631   0.388264  -0.6440739   0.0010415  -0.058664  -0.001811   0.000040   0.000039  0.0000135  0.0000147    0.000083    0.000142
2005  11  28  53702   0.068382   0.388192  -0.6450850   0.0009499  -0.059010  -0.001671   0.000035   0.000032  0.0000151  0.0000166    0.000081    0.000140
2005  11  29  53703   0.068912   0.388609  -0.6459588   0.0007921  -0.058849  -0.001732   0.000027   0.000031  0.0000149  0.0000190    0.000070    0.000130
2005  11  30  53704   0.069071   0.389168  -0.6466407   0.0005789  -0.058235  -0.001935   0.000026   0.000030  0.0000141  0.0000165    0.000053    0.000108
2005  12   1  53705   0.068912   0.389529  -0.6471073   0.0003389  -0.057961  -0.002146   0.000034   0.000033  0.0000136  0.0000098    0.000044    0.000093
2005  12   2  53706   0.068457   0.389848  -0.6473550   0.0001966  -0.058077  -0.002299   0.000035   0.000044  0.0000110  0.0000095    0.000038    0.000080
2005  12   3  53707   0.067728   0.390308  -0.6475031   0.0001321  -0.058011  -0.002370   0.000033   0.000045  0.0000141  0.0000149    0.000038    0.000079
2005  12   4  53708   0.066961   0.390700  -0.6476409   0.0001202  -0.057634  -0.002328   0.000036   0.000038  0.0000153  0.0000176    0.000038    0.000081
2005  12   5  53709   0.066338   0.391016  -0.6477612   0.0001900  -0.057188  -0.002206   0.000043   0.000041  0.0000119  0.0000181    0.000041    0.000092
2005  12   6  53710   0.066042   0.391182  -0.6480095   0.0004023  -0.056965  -0.002097   0.000046   0.000045  0.0000095  0.0000175    0.000043    0.000095
2005  12   7  53711   0.066075   0.391161  -0.6485694   0.0006889  -0.057106  -0.002042   0.000048   0.000041  0.0000117  0.0000169    0.000048    0.000105
2005  12   8  53712   0.066120   0.390986  -0.6493302   0.0008677  -0.057324  -0.002015   0.000046   0.000045  0.0000111  0.0000157    0.000048    0.000105
2005  12   9  53713   0.065921   0.390611  -0.6502658   0.0009732  -0.057175  -0.002019   0.000045   0.000042  0.0000112  0.0000156    0.000047    0.000095
2005  12  10  53714   0.065269   0.390021  -0.6512519   0.0009520  -0.056979  -0.001911   0.000047   0.000039  0.0000130  0.0000164    0.000047    0.000091
2005  12  11  53715   0.064244   0.389271  -0.6521400   0.0008334  -0.056991  -0.001678   0.000040   0.000037  0.0000129  0.0000179    0.000049    0.000091
2005  12  12  53716   0.063383   0.388479  -0.6528787   0.0006753  -0.057125  -0.001453   0.000041   0.000035  0.0000146  0.0000216    0.000059    0.000101
2005  12  13  53717   0.062997   0.388007  -0.6534595   0.0004588  -0.057202  -0.001389   0.000050   0.000036  0.0000209  0.0000218    0.000064    0.000110
2005  12  14  53718   0.063276   0.387742  -0.6538208   0.0002444  -0.057080  -0.001574   0.000048   0.000038  0.0000203  0.0000220    0.000074    0.000153
2005  12  15  53719   0.064066   0.387824  -0.6539482   0.0000884  -0.056819  -0.001826   0.000043   0.000046  0.0000162  0.0000207    0.000049    0.000130
2005  12  16  53720   0.064679   0.388327  -0.6540011   0.0000155  -0.056562  -0.001955   0.000044   0.000042  0.0000167  0.0000201    0.000047    0.000089
2005  12  17  53721   0.064970   0.388989  -0.6540466   0.0000451  -0.056315  -0.002049   0.000045   0.000042  0.0000184  0.0000130    0.000053    0.000079
2005  12  18  53722   0.065063   0.389432  -0.6541385   0.0001344  -0.056029  -0.002111   0.000039   0.000034  0.0000143  0.0000070    0.000057    0.000080
2005  12  19  53723   0.064789   0.389519  -0.6543269   0.0002552  -0.055715  -0.002094   0.000035   0.000025  0.0000132  0.0000070    0.000090    0.000122
2005  12  20  53724   0.063790   0.389442  -0.6546744   0.0004315  -0.055506  -0.001993   0.000032   0.000026  0.0000169  0.0000124    0.000090    0.000130
2005  12  21  53725   0.062760   0.388781  -0.6552042   0.0006472  -0.055522  -0.001776   0.000028   0.000032  0.0000195  0.0000158    0.000089    0.000159
2005  12  22  53726   0.062316   0.388053  -0.6559873   0.0008173  -0.055350  -0.001637   0.000030   0.000038  0.0000211  0.0000120    0.000090    0.000183
2005  12  23  53727   0.061750   0.387746  -0.6568351   0.0008999  -0.055079  -0.001547   0.000039   0.000049  0.0000150  0.0000107    0.000098    0.000160
2005  12  24  53728   0.061138   0.387455  -0.6576988   0.0009160  -0.055192  -0.001417   0.000040   0.000054  0.0000138  0.0000121    0.000098    0.000159
2005  12  25  53729   0.060580   0.387330  -0.6585694   0.0008766  -0.055808  -0.001352   0.000038   0.000050  0.0000137  0.0000104    0.000098    0.000159
2005  12  26  53730   0.059459   0.387390  -0.6594242   0.0008154  -0.056644  -0.001425   0.000027   0.000047  0.0000167  0.0000106    0.000108    0.000269
2005  12  27  53731   0.058170   0.387256  -0.6602010   0.0006467  -0.057272  -0.001555   0.000025   0.000049  0.0000170  0.0000160    0.000110    0.000294
2005  12  28  53732   0.057024   0.386697  -0.6607954   0.0003768  -0.057440  -0.001656   0.000035   0.000044  0.0000177  0.0000156    0.000118    0.000314
2005  12  29  53733   0.055859   0.385838  -0.6611076   0.0001609  -0.057212  -0.001775   0.000049   0.000035  0.0000177  0.0000124    0.000131    0.000297
2005  12  30  53734   0.054801   0.384968  -0.6611447   0.0000185  -0.056864  -0.001973   0.000042   0.000033  0.0000147  0.0000115    0.000084    0.000163
2005  12  31  53735   0.053701   0.384201  -0.6611375   0.0000006  -0.056459  -0.002152   0.000044   0.000035  0.0000144  0.0000137    0.000068    0.000132
2006   1   1  53736   0.052611   0.383708   0.3387836   0.0001443  -0.056026  -0.002117   0.000026   0.000019  0.0000218  0.0000024    0.000210    0.000188
2006   1   2  53737   0.051675   0.383346   0.3385443   0.0003787  -0.055784  -0.001863   0.000017   0.000018  0.0000238  0.0000025    0.000219    0.000129
2006   1   3  53738   0.050858   0.383109   0.3380866   0.0006181  -0.055821  -0.001609   0.000016   0.000017  0.0000260  0.0000022    0.000220    0.000127
2006   1   4  53739   0.050068   0.382799   0.3373980   0.0008011  -0.056016  -0.001549   0.000015   0.000021  0.0000265  0.0000021    0.000227    0.000130
2006   1   5  53740   0.049471   0.382424   0.3365232   0.0009245  -0.056173  -0.001625   0.000012   0.000020  0.0000301  0.0000018    0.000252    0.000140
2006   1   6  53741   0.049358   0.382147   0.3355688   0.0009451  -0.056301  -0.001651   0.000013   0.000016  0.0000310  0.0000015    0.000274    0.000147
2006   1   7  53742   0.049499   0.382031   0.3346624   0.0008400  -0.056503  -0.001562   0.000014   0.000019  0.0000157  0.0000016    0.000279    0.000149
2006   1   8  53743   0.049409   0.381946   0.3339415   0.0005852  -0.056792  -0.001435   0.000016   0.000022  0.0000141  0.0000021    0.000227    0.000150
2006   1   9  53744   0.049364   0.381706   0.3334800   0.0003245  -0.057049  -0.001355   0.000021   0.000020  0.0000203  0.0000023    0.000225    0.000150
2006   1  10  53745   0.049450   0.381519   0.3332784   0.0000796  -0.057096  -0.001355   0.000019   0.000019  0.0000234  0.0000024    0.000225    0.000150
2006   1  11  53746   0.049146   0.381395   0.3332982  -0.0001326  -0.056854  -0.001466   0.000018   0.000018  0.0000276  0.0000024    0.000224    0.000150
2006   1  12  53747   0.048643   0.381069   0.3334910  -0.0002479  -0.056471  -0.001706   0.000018   0.000019  0.0000300  0.0000025    0.000209    0.000151
2006   1  13  53748   0.048417   0.380702   0.3337689  -0.0002682  -0.056239  -0.002001   0.000018   0.000024  0.0000248  0.0000025    0.000206    0.000151
2006   1  14  53749   0.048576   0.380378   0.3339950  -0.0001443  -0.056307  -0.002184   0.000019   0.000028  0.0000249  0.0000028    0.000206    0.000151
2006   1  15  53750   0.049116   0.380121   0.3340826  -0.0000172  -0.056490  -0.002131   0.000015   0.000025  0.0000228  0.0000027    0.000223    0.000163
2006   1  16  53751   0.049864   0.380044   0.3340667   0.0000669  -0.056459  -0.001889   0.000013   0.000020  0.0000244  0.0000024    0.000826    0.000597
2006   1  17  53752   0.050329   0.380310   0.3339361   0.0002053  -0.056083  -0.001637   0.000015   0.000020  0.0000334  0.0000022    0.000331    0.000242
2006   1  18  53753   0.050528   0.380733   0.3336408   0.0004315  -0.055544  -0.001481   0.000023   0.000018  0.0000224  0.0000020    0.000191    0.000140
2006   1  19  53754   0.050621   0.381060   0.3331155   0.0005758  -0.055213  -0.001364   0.000015   0.000014  0.0000270  0.0000020    0.000234    0.000176
2006   1  20  53755   0.050381   0.381279   0.3325420   0.0006024  -0.055286  -0.001199   0.000012   0.000016  0.0000263  0.0000022    0.000260    0.000204
2006   1  21  53756   0.050142   0.381535   0.3318517   0.0006571  -0.055407  -0.001091   0.000015   0.000019  0.0000311  0.0000023    0.000224    0.000174
2006   1  22  53757   0.050083   0.381658   0.3311582   0.0006683  -0.055503  -0.001231   0.000018   0.000016  0.0000412  0.0000025    0.000213    0.000171
2006   1  23  53758   0.050151   0.381120   0.3305310   0.0006198  -0.055781  -0.001633   0.000019   0.000015  0.0000272  0.0000024    0.000188    0.000190
2006   1  24  53759   0.050229   0.380553   0.3299775   0.0005106  -0.056305  -0.002050   0.000030   0.000015  0.0000293  0.0000023    0.000205    0.000206
2006   1  25  53760   0.050101   0.380692   0.3295024   0.0004064  -0.056972  -0.002229   0.000033   0.000018  0.0000311  0.0000022    0.000290    0.000260
2006   1  26  53761   0.050019   0.380981   0.3291151   0.0003884  -0.057264  -0.002235   0.000031   0.000028  0.0000223  0.0000022    0.000269    0.000182
2006   1  27  53762   0.050233   0.381062   0.3287098   0.0004119  -0.056906  -0.002335   0.000027   0.000034  0.0000204  0.0000022    0.000211    0.000132
2006   1  28  53763   0.050624   0.381338   0.3282607   0.0004980  -0.056318  -0.002586   0.000017   0.000033  0.0000232  0.0000023    0.000198    0.000120
2006   1  29  53764   0.051044   0.381756   0.3277013   0.0006876  -0.055795  -0.002707   0.000014   0.000022  0.0000255  0.0000024    0.000176    0.000117
2006   1  30  53765   0.051386   0.382075   0.3268785   0.0009984  -0.055559  -0.002499   0.000013   0.000017  0.0000213  0.0000023    0.000118    0.000110
2006   1  31  53766   0.051486   0.382619   0.3257233   0.0013203  -0.055756  -0.002165   0.000015   0.000020  0.0000164  0.0000023    0.000128    0.000119
2006   2   1  53767   0.051238   0.383400   0.3242744   0.0015261  -0.056152  -0.002031   0.000015   0.000020  0.0000181  0.0000022    0.000163    0.000147
2006   2   2  53768   0.050615   0.384072   0.3227205   0.0015730  -0.056543  -0.002132   0.000016   0.000014  0.0000161  0.0000020    0.000127    0.000108
2006   2   3  53769   0.050115   0.384517   0.3211776   0.0014896  -0.056754  -0.002215   0.000026   0.000013  0.0000198  0.0000019    0.000134    0.000114
2006   2   4  53770   0.050017   0.384871   0.3197355   0.0012835  -0.056797  -0.002191   0.000018   0.000014  0.0000278  0.0000018    0.000169    0.000147
2006   2   5  53771   0.050268   0.384940   0.3186186   0.0009796  -0.056797  -0.002212   0.000018   0.000016  0.0000330  0.0000018    0.000168    0.000142
2006   2   6  53772   0.050846   0.384804   0.3177920   0.0006948  -0.056825  -0.002378   0.000030   0.000015  0.0000233  0.0000023    0.000121    0.000094
2006   2   7  53773   0.051083   0.384797   0.3172109   0.0004535  -0.056894  -0.002604   0.000027   0.000014  0.0000172  0.0000022    0.000128    0.000102
2006   2   8  53774   0.051423   0.384668   0.3168299   0.0003556  -0.056914  -0.002788   0.000028   0.000014  0.0000232  0.0000022    0.000169    0.000154
2006   2   9  53775   0.052522   0.384605   0.3164676   0.0003712  -0.056636  -0.002948   0.000033   0.000014  0.0000361  0.0000023    0.000288    0.000300
2006   2  10  53776   0.053743   0.384787   0.3160782   0.0004213  -0.056036  -0.003146   0.000027   0.000014  0.0000320  0.0000022    0.000323    0.000191
2006   2  11  53777   0.054971   0.384905   0.3155811   0.0005632  -0.055500  -0.003286   0.000016   0.000014  0.0000359  0.0000022    0.000286    0.000155
2006   2  12  53778   0.056270   0.384798   0.3150003   0.0007086  -0.055311  -0.003193   0.000015   0.000015  0.0000379  0.0000022    0.000232    0.000137
2006   2  13  53779   0.057272   0.384463   0.3142142   0.0008334  -0.055412  -0.002850   0.000013   0.000017  0.0000267  0.0000021    0.000132    0.000094
2006   2  14  53780   0.058027   0.384168   0.3133367   0.0009173  -0.055563  -0.002452   0.000013   0.000016  0.0000210  0.0000019    0.000132    0.000094
2006   2  15  53781   0.058950   0.383971   0.3123492   0.0009885  -0.055566  -0.002234   0.000019   0.000016  0.0000303  0.0000019    0.000132    0.000095
2006   2  16  53782   0.060228   0.383957   0.3113498   0.0010648  -0.055395  -0.002252   0.000012   0.000023  0.0000453  0.0000020    0.000239    0.000166
2006   2  17  53783   0.061971   0.384324   0.3102609   0.0011137  -0.055156  -0.002405   0.000010   0.000016  0.0000306  0.0000021    0.000327    0.000218
2006   2  18  53784   0.064101   0.384912   0.3091206   0.0011083  -0.055014  -0.002629   0.000013   0.000013  0.0000255  0.0000022    0.000327    0.000218
2006   2  19  53785   0.065765   0.385276   0.3080871   0.0010145  -0.055100  -0.002956   0.000022   0.000014  0.0000224  0.0000023    0.000271    0.000200
2006   2  20  53786   0.066779   0.385153   0.3071290   0.0008498  -0.055372  -0.003364   0.000014   0.000018  0.0000211  0.0000023    0.000155    0.000140
2006   2  21  53787   0.067315   0.384912   0.3063694   0.0006399  -0.055607  -0.003665   0.000011   0.000018  0.0000183  0.0000022    0.000155    0.000141
2006   2  22  53788   0.067407   0.384566   0.3058039   0.0004571  -0.055677  -0.003675   0.000014   0.000019  0.0000239  0.0000022    0.000181    0.000165
2006   2  23  53789   0.067592   0.384158   0.3054082   0.0003664  -0.055712  -0.003521   0.000022   0.000027  0.0000332  0.0000021    0.000383    0.000317
2006   2  24  53790   0.068002   0.383839   0.3050441   0.0004323  -0.055844  -0.003559   0.000014   0.000024  0.0000265  0.0000021    0.000267    0.000189
2006   2  25  53791   0.068841   0.383409   0.3044978   0.0006599  -0.055958  -0.003873   0.000012   0.000019  0.0000298  0.0000021    0.000225    0.000156
2006   2  26  53792   0.070100   0.383061   0.3037108   0.0010144  -0.055764  -0.004124   0.000015   0.000018  0.0000362  0.0000017    0.000194    0.000132
2006   2  27  53793   0.071296   0.383079   0.3025040   0.0014240  -0.055325  -0.003974   0.000016   0.000020  0.0000280  0.0000017    0.000123    0.000081
2006   2  28  53794   0.071886   0.383253   0.3008919   0.0017737  -0.055039  -0.003550   0.000013   0.000017  0.0000195  0.0000021    0.000122    0.000081
2006   3   1  53795   0.072378   0.383266   0.2989967   0.0019741  -0.055084  -0.003273   0.000016   0.000015  0.0000253  0.0000022    0.000123    0.000081
2006   3   2  53796   0.073477   0.383446   0.2969957   0.0019293  -0.055308  -0.003303   0.000030   0.000016  0.0000317  0.0000023    0.000174    0.000116
2006   3   3  53797   0.074896   0.383524   0.2951774   0.0017016  -0.055605  -0.003440   0.000031   0.000015  0.0000272  0.0000024    0.000197    0.000132
2006   3   4  53798   0.076814   0.383363   0.2935886   0.0014101  -0.056003  -0.003542   0.000019   0.000016  0.0000263  0.0000026    0.000197    0.000132
2006   3   5  53799   0.078672   0.383591   0.2923188   0.0010661  -0.056389  -0.003722   0.000018   0.000017  0.0000252  0.0000026    0.000170    0.000118
2006   3   6  53800   0.079853   0.383790   0.2913939   0.0007614  -0.056514  -0.004078   0.000015   0.000014  0.0000211  0.0000023    0.000103    0.000079
2006   3   7  53801   0.080679   0.383579   0.2907595   0.0005564  -0.056294  -0.004468   0.000012   0.000013  0.0000168  0.0000021    0.000103    0.000079
2006   3   8  53802   0.081158   0.383111   0.2902956   0.0004310  -0.055869  -0.004681   0.000011   0.000014  0.0000225  0.0000022    0.000103    0.000079
2006   3   9  53803   0.081026   0.382725   0.2899118   0.0003399  -0.055387  -0.004700   0.000014   0.000015  0.0000309  0.0000021    0.000161    0.000117
2006   3  10  53804   0.080488   0.382575   0.2895619   0.0003543  -0.054929  -0.004658   0.000015   0.000020  0.0000250  0.0000019    0.000191    0.000134
2006   3  11  53805   0.080327   0.382655   0.2891596   0.0004551  -0.054606  -0.004613   0.000012   0.000035  0.0000240  0.0000020    0.000191    0.000135
2006   3  12  53806   0.080582   0.382608   0.2886648   0.0005963  -0.054532  -0.004474   0.000014   0.000024  0.0000195  0.0000021    0.000188    0.000138
2006   3  13  53807   0.081200   0.381870   0.2879808   0.0007780  -0.054675  -0.004187   0.000019   0.000017  0.0000175  0.0000022    0.000169    0.000165
2006   3  14  53808   0.082229   0.381040   0.2871079   0.0009313  -0.054844  -0.003880   0.000030   0.000015  0.0000189  0.0000023    0.000169    0.000165
2006   3  15  53809   0.083500   0.380453   0.2861037   0.0010401  -0.054874  -0.003769   0.000028   0.000015  0.0000275  0.0000021    0.000170    0.000165
2006   3  16  53810   0.085455   0.379823   0.2850536   0.0010551  -0.054763  -0.003917   0.000017   0.000014  0.0000461  0.0000021    0.000260    0.000187
2006   3  17  53811   0.087880   0.379416   0.2840236   0.0010037  -0.054617  -0.004185   0.000017   0.000015  0.0000416  0.0000023    0.000305    0.000193
2006   3  18  53812   0.089778   0.379234   0.2831029   0.0009291  -0.054522  -0.004409   0.000027   0.000017  0.0000362  0.0000024    0.000305    0.000193
2006   3  19  53813   0.091256   0.378898   0.2821968   0.0008210  -0.054507  -0.004571   0.000017   0.000018  0.0000301  0.0000023    0.000287    0.000179
2006   3  20  53814   0.092626   0.378482   0.2814714   0.0006565  -0.054546  -0.004742   0.000016   0.000020  0.0000246  0.0000020    0.000220    0.000131
2006   3  21  53815   0.093825   0.378177   0.2808807   0.0005137  -0.054545  -0.004920   0.000021   0.000030  0.0000223  0.0000017    0.000240    0.000143
2006   3  22  53816   0.095018   0.378071   0.2803601   0.0004699  -0.054406  -0.005027   0.000013   0.000033  0.0000373  0.0000016    0.000357    0.000213
2006   3  23  53817   0.096165   0.377858   0.2798935   0.0005108  -0.054129  -0.005058   0.000013   0.000028  0.0000329  0.0000017    0.000355    0.000224
2006   3  24  53818   0.097216   0.377404   0.2793244   0.0006670  -0.053875  -0.005186   0.000023   0.000017  0.0000215  0.0000018    0.000198    0.000126
2006   3  25  53819   0.097966   0.377127   0.2785189   0.0009848  -0.053732  -0.005510   0.000025   0.000014  0.0000242  0.0000020    0.000194    0.000123
2006   3  26  53820   0.098558   0.376999   0.2773214   0.0013861  -0.053625  -0.005801   0.000016   0.000014  0.0000211  0.0000020    0.000169    0.000115
2006   3  27  53821   0.099196   0.376738   0.2757952   0.0016960  -0.053581  -0.005722   0.000015   0.000013  0.0000171  0.0000021    0.000106    0.000085
2006   3  28  53822   0.099926   0.376271   0.2739636   0.0019675  -0.053769  -0.005264   0.000012   0.000012  0.0000159  0.0000020    0.000106    0.000085
2006   3  29  53823   0.100772   0.375814   0.2719086   0.0021133  -0.054208  -0.004788   0.000009   0.000012  0.0000184  0.0000019    0.000120    0.000097
2006   3  30  53824   0.101388   0.375389   0.2698509   0.0019745  -0.054659  -0.004641   0.000009   0.000016  0.0000159  0.0000019    0.000217    0.000189
2006   3  31  53825   0.101907   0.374914   0.2680176   0.0016790  -0.054940  -0.004827   0.000012   0.000022  0.0000204  0.0000018    0.000245    0.000207
2006   4   1  53826   0.102633   0.374420   0.2664725   0.0013053  -0.055138  -0.005092   0.000020   0.000017  0.0000276  0.0000019    0.000257    0.000210
2006   4   2  53827   0.103262   0.373838   0.2653561   0.0009363  -0.055261  -0.005351   0.000027   0.000018  0.0000332  0.0000020    0.000233    0.000174
2006   4   3  53828   0.103589   0.373317   0.2645309   0.0006779  -0.055169  -0.005650   0.000029   0.000025  0.0000291  0.0000020    0.000154    0.000100
2006   4   4  53829   0.103983   0.373036   0.2639566   0.0005597  -0.054856  -0.005928   0.000026   0.000016  0.0000210  0.0000020    0.000154    0.000100
2006   4   5  53830   0.104396   0.372688   0.2634007   0.0005506  -0.054485  -0.006071   0.000027   0.000013  0.0000229  0.0000020    0.000155    0.000100
2006   4   6  53831   0.104426   0.372229   0.2628379   0.0006022  -0.054158  -0.006073   0.000031   0.000013  0.0000240  0.0000019    0.000206    0.000132
2006   4   7  53832   0.104188   0.372035   0.2621939   0.0006988  -0.053809  -0.006039   0.000033   0.000016  0.0000218  0.0000020    0.000225    0.000143
2006   4   8  53833   0.103994   0.371756   0.2614096   0.0008757  -0.053421  -0.006000   0.000032   0.000026  0.0000210  0.0000021    0.000225    0.000143
2006   4   9  53834   0.104220   0.371200   0.2604284   0.0011041  -0.053147  -0.005861   0.000030   0.000018  0.0000170  0.0000019    0.000225    0.000143
2006   4  10  53835   0.104385   0.370673   0.2592604   0.0012372  -0.053128  -0.005540   0.000023   0.000017  0.0000142  0.0000018    0.000224    0.000146
2006   4  11  53836   0.103930   0.369840   0.2580330   0.0012548  -0.053308  -0.005147   0.000012   0.000014  0.0000135  0.0000018    0.000244    0.000159
2006   4  12  53837   0.103482   0.368915   0.2567257   0.0012547  -0.053507  -0.004934   0.000012   0.000014  0.0000206  0.0000017    0.000374    0.000238
2006   4  13  53838   0.103371   0.368340   0.2555258   0.0012389  -0.053619  -0.005048   0.000018   0.000026  0.0000246  0.0000016    0.000531    0.000277
2006   4  14  53839   0.103158   0.367834   0.2543392   0.0011164  -0.053712  -0.005385   0.000022   0.000027  0.0000244  0.0000016    0.000466    0.000235
2006   4  15  53840   0.102458   0.367277   0.2532737   0.0009063  -0.053848  -0.005709   0.000024   0.000017  0.0000261  0.0000016    0.000451    0.000227
2006   4  16  53841   0.101839   0.366654   0.2524241   0.0007124  -0.053989  -0.005878   0.000027   0.000017  0.0000268  0.0000016    0.000397    0.000224
2006   4  17  53842   0.101859   0.366299   0.2517923   0.0005821  -0.054080  -0.005918   0.000021   0.000022  0.0000141  0.0000016    0.000182    0.000197
2006   4  18  53843   0.101991   0.366136   0.2512973   0.0005114  -0.054088  -0.005944   0.000012   0.000014  0.0000147  0.0000017    0.000182    0.000197
2006   4  19  53844   0.102123   0.365615   0.2508275   0.0005001  -0.053955  -0.006036   0.000012   0.000011  0.0000165  0.0000017    0.000183    0.000197
2006   4  20  53845   0.102804   0.364910   0.2502988   0.0005617  -0.053612  -0.006201   0.000020   0.000014  0.0000205  0.0000017    0.000200    0.000200
2006   4  21  53846   0.103658   0.364443   0.2496552   0.0007320  -0.053073  -0.006413   0.000021   0.000025  0.0000239  0.0000018    0.000296    0.000210
2006   4  22  53847   0.104291   0.364146   0.2487672   0.0010348  -0.052503  -0.006607   0.000013   0.000027  0.0000290  0.0000019    0.000307    0.000210
2006   4  23  53848   0.104978   0.363774   0.2475569   0.0013891  -0.052166  -0.006665   0.000011   0.000018  0.0000365  0.0000019    0.000252    0.000194
2006   4  24  53849   0.105566   0.363212   0.2460017   0.0016781  -0.052266  -0.006487   0.000014   0.000013  0.0000427  0.0000020    0.000140    0.000137
2006   4  25  53850   0.105911   0.362617   0.2442487   0.0018212  -0.052807  -0.006116   0.000024   0.000012  0.0000269  0.0000019    0.000136    0.000139
2006   4  26  53851   0.106151   0.362227   0.2424194   0.0018316  -0.053534  -0.005740   0.000027   0.000016  0.0000190  0.0000018    0.000130    0.000147
2006   4  27  53852   0.106442   0.362031   0.2406477   0.0017252  -0.054004  -0.005492   0.000026   0.000024  0.0000186  0.0000017    0.000148    0.000172
2006   4  28  53853   0.107215   0.361851   0.2390357   0.0014805  -0.054169  -0.005473   0.000023   0.000016  0.0000210  0.0000018    0.000195    0.000208
2006   4  29  53854   0.108442   0.361574   0.2377033   0.0011425  -0.054186  -0.005652   0.000014   0.000013  0.0000241  0.0000020    0.000233    0.000228
2006   4  30  53855   0.109376   0.361104   0.2366932   0.0008413  -0.054115  -0.005972   0.000014   0.000017  0.0000231  0.0000020    0.000242    0.000232
2006   5   1  53856   0.109714   0.360492   0.2359591   0.0006893  -0.053929  -0.006358   0.000020   0.000031  0.0000234  0.0000019    0.000134    0.000090
2006   5   2  53857   0.109812   0.359961   0.2352512   0.0007252  -0.053664  -0.006648   0.000012   0.000038  0.0000168  0.0000019    0.000131    0.000087
2006   5   3  53858   0.109846   0.359301   0.2344817   0.0008146  -0.053454  -0.006697   0.000010   0.000026  0.0000182  0.0000019    0.000131    0.000087
2006   5   4  53859   0.109626   0.358344   0.2336098   0.0009207  -0.053350  -0.006530   0.000012   0.000016  0.0000228  0.0000018    0.000145    0.000099
2006   5   5  53860   0.109120   0.357247   0.2326181   0.0010607  -0.053250  -0.006325   0.000023   0.000013  0.0000239  0.0000017    0.000220    0.000202
2006   5   6  53861   0.108682   0.355967   0.2315185   0.0012042  -0.053077  -0.006219   0.000027   0.000015  0.0000251  0.0000017    0.000229    0.000224
2006   5   7  53862   0.108534   0.354713   0.2302033   0.0013335  -0.052919  -0.006173   0.000029   0.000016  0.0000295  0.0000018    0.000217    0.000199
2006   5   8  53863   0.108269   0.353862   0.2288676   0.0014207  -0.052948  -0.006065   0.000025   0.000013  0.0000358  0.0000018    0.000167    0.000130
2006   5   9  53864   0.107893   0.353168   0.2273901   0.0014918  -0.053194  -0.005875   0.000013   0.000012  0.0000278  0.0000018    0.000166    0.000130
2006   5  10  53865   0.107649   0.352521   0.2258944   0.0015058  -0.053513  -0.005738   0.000013   0.000012  0.0000400  0.0000015    0.000167    0.000131
2006   5  11  53866   0.107450   0.352169   0.2243733   0.0014898  -0.053757  -0.005799   0.000019   0.000015  0.0000466  0.0000015    0.000228    0.000182
2006   5  12  53867   0.107449   0.351850   0.2229434   0.0014059  -0.053899  -0.006054   0.000013   0.000015  0.0000337  0.0000017    0.000251    0.000203
2006   5  13  53868   0.107765   0.351141   0.2216404   0.0012318  -0.053991  -0.006349   0.000011   0.000013  0.0000367  0.0000015    0.000251    0.000203
2006   5  14  53869   0.108476   0.350245   0.2204700   0.0010356  -0.054076  -0.006521   0.000014   0.000017  0.0000342  0.0000014    0.000255    0.000200
2006   5  15  53870   0.109627   0.349530   0.2195484   0.0008720  -0.054161  -0.006528   0.000024   0.000025  0.0000328  0.0000016    0.000282    0.000183
2006   5  16  53871   0.110646   0.348974   0.2187284   0.0007686  -0.054225  -0.006452   0.000029   0.000016  0.0000334  0.0000018    0.000282    0.000183
2006   5  17  53872   0.111009   0.348290   0.2179726   0.0007515  -0.054203  -0.006405   0.000030   0.000015  0.0000326  0.0000019    0.000278    0.000182
2006   5  18  53873   0.111121   0.347450   0.2171984   0.0008306  -0.053992  -0.006454   0.000024   0.000015  0.0000284  0.0000019    0.000152    0.000156
2006   5  19  53874   0.111299   0.346581   0.2162857   0.0010075  -0.053571  -0.006587   0.000013   0.000012  0.0000266  0.0000019    0.000142    0.000152
2006   5  20  53875   0.111530   0.345848   0.2151386   0.0012400  -0.053104  -0.006729   0.000011   0.000012  0.0000386  0.0000019    0.000142    0.000152
2006   5  21  53876   0.111846   0.345414   0.2137855   0.0014388  -0.052904  -0.006761   0.000013   0.000017  0.0000423  0.0000017    0.000134    0.000129
2006   5  22  53877   0.112244   0.345001   0.2122812   0.0015739  -0.053190  -0.006589   0.000012   0.000017  0.0000236  0.0000017    0.000103    0.000077
2006   5  23  53878   0.112806   0.344461   0.2107031   0.0015818  -0.053888  -0.006223   0.000010   0.000014  0.0000158  0.0000018    0.000111    0.000083
2006   5  24  53879   0.113547   0.343666   0.2091657   0.0014714  -0.054653  -0.005806   0.000010   0.000017  0.0000187  0.0000019    0.000149    0.000111
2006   5  25  53880   0.114386   0.342577   0.2077971   0.0012651  -0.054990  -0.005564   0.000010   0.000016  0.0000234  0.0000019    0.000219    0.000170
2006   5  26  53881   0.115125   0.341521   0.2066848   0.0009514  -0.054977  -0.005652   0.000010   0.000013  0.0000267  0.0000019    0.000235    0.000208
2006   5  27  53882   0.115916   0.340459   0.2059214   0.0005887  -0.055043  -0.006053   0.000010   0.000017  0.0000354  0.0000019    0.000235    0.000210
2006   5  28  53883   0.117096   0.339327   0.2054700   0.0002974  -0.055265  -0.006560   0.000014   0.000028  0.0000479  0.0000018    0.000271    0.000244
2006   5  29  53884   0.118337   0.338278   0.2052640   0.0001588  -0.055392  -0.006884   0.000019   0.000031  0.0000602  0.0000017    0.000722    0.000517
2006   5  30  53885   0.119297   0.337360   0.2051171   0.0001633  -0.055200  -0.006835   0.000012   0.000026  0.0000296  0.0000016    0.000362    0.000182
2006   5  31  53886   0.119958   0.336561   0.2049106   0.0002501  -0.054778  -0.006485   0.000012   0.000014  0.0000181  0.0000016    0.000196    0.000094
2006   6   1  53887   0.120511   0.335757   0.2046061   0.0003825  -0.054595  -0.006184   0.000021   0.000011  0.0000219  0.0000015    0.000164    0.000091
2006   6   2  53888   0.121068   0.334993   0.2041272   0.0005552  -0.054671  -0.006132   0.000024   0.000012  0.0000248  0.0000016    0.000150    0.000149
2006   6   3  53889   0.121591   0.334062   0.2034874   0.0007057  -0.054696  -0.006235   0.000024   0.000013  0.0000265  0.0000017    0.000149    0.000158
2006   6   4  53890   0.122187   0.332811   0.2027408   0.0007802  -0.054568  -0.006265   0.000027   0.000014  0.0000290  0.0000016    0.000160    0.000169
2006   6   5  53891   0.122535   0.331499   0.2019531   0.0007782  -0.054492  -0.006068   0.000027   0.000018  0.0000475  0.0000017    0.000664    0.000513
2006   6   6  53892   0.122504   0.330165   0.2011833   0.0007371  -0.054745  -0.005719   0.000027   0.000029  0.0000227  0.0000018    0.000341    0.000293
2006   6   7  53893   0.122645   0.328773   0.2004810   0.0006592  -0.055384  -0.005471   0.000023   0.000035  0.0000148  0.0000018    0.000195    0.000173
2006   6   8  53894   0.123094   0.327393   0.1999011   0.0004819  -0.056106  -0.005552   0.000013   0.000030  0.0000155  0.0000019    0.000157    0.000151
2006   6   9  53895   0.123347   0.326142   0.1995585   0.0002150  -0.056564  -0.005867   0.000013   0.000016  0.0000201  0.0000019    0.000142    0.000168
2006   6  10  53896   0.123361   0.324904   0.1994652  -0.0000394  -0.056643  -0.006130   0.000023   0.000013  0.0000303  0.0000019    0.000142    0.000170
2006   6  11  53897   0.123530   0.323395   0.1996228  -0.0002505  -0.056495  -0.006198   0.000029   0.000014  0.0000365  0.0000019    0.000145    0.000162
2006   6  12  53898   0.123873   0.321657   0.1999632  -0.0003881  -0.056377  -0.006152   0.000027   0.000012  0.0000196  0.0000019    0.000179    0.000127
2006   6  13  53899   0.124361   0.319897   0.2003667  -0.0003628  -0.056457  -0.006153   0.000025   0.000011  0.0000133  0.0000018    0.000178    0.000131
2006   6  14  53900   0.125064   0.318434   0.2006630  -0.0001973  -0.056761  -0.006271   0.000025   0.000012  0.0000183  0.0000017    0.000174    0.000146
2006   6  15  53901   0.125658   0.317385   0.2007706   0.0000104  -0.057205  -0.006393   0.000025   0.000015  0.0000295  0.0000017    0.000172    0.000158
2006   6  16  53902   0.125942   0.316540   0.2006651   0.0002877  -0.057678  -0.006403   0.000025   0.000017  0.0000520  0.0000017    0.000171    0.000161
2006   6  17  53903   0.126105   0.315708   0.2001482   0.0005884  -0.058048  -0.006276   0.000023   0.000017  0.0000571  0.0000017    0.000172    0.000162
2006   6  18  53904   0.126283   0.314630   0.1993618   0.0008146  -0.058173  -0.006052   0.000014   0.000019  0.0000575  0.0000018    0.000188    0.000172
2006   6  19  53905   0.126346   0.313447   0.1985222   0.0008957  -0.058013  -0.005800   0.000011   0.000020  0.0000283  0.0000017    0.000188    0.000172
2006   6  20  53906   0.126197   0.312331   0.1976935   0.0007993  -0.057701  -0.005584   0.000012   0.000029  0.0000187  0.0000018    0.000188    0.000172
2006   6  21  53907   0.125941   0.311278   0.1970042   0.0006144  -0.057494  -0.005442   0.000011   0.000030  0.0000256  0.0000019    0.000220    0.000202
2006   6  22  53908   0.125474   0.310446   0.1964705   0.0003916  -0.057588  -0.005374   0.000009   0.000017  0.0000305  0.0000019    0.000363    0.000364
2006   6  23  53909   0.124907   0.309613   0.1962054   0.0001867  -0.057964  -0.005399   0.000010   0.000016  0.0000231  0.0000019    0.000212    0.000214
2006   6  24  53910   0.124776   0.308529   0.1961078   0.0000176  -0.058391  -0.005583   0.000012   0.000017  0.0000293  0.0000019    0.000175    0.000176
2006   6  25  53911   0.125150   0.307331   0.1961786  -0.0000998  -0.058628  -0.005896   0.000014   0.000015  0.0000323  0.0000017    0.000172    0.000168
2006   6  26  53912   0.125608   0.306126   0.1963261  -0.0000878  -0.058589  -0.006171   0.000011   0.000019  0.0000241  0.0000016    0.000195    0.000158
2006   6  27  53913   0.125980   0.304983   0.1963133   0.0000570  -0.058360  -0.006231   0.000010   0.000018  0.0000173  0.0000017    0.000201    0.000167
2006   6  28  53914   0.126244   0.303900   0.1961582   0.0002372  -0.058123  -0.006039   0.000009   0.000019  0.0000212  0.0000019    0.000224    0.000201
2006   6  29  53915   0.126672   0.302680   0.1958317   0.0004406  -0.058066  -0.005735   0.000009   0.000027  0.0000225  0.0000019    0.000234    0.000178
2006   6  30  53916   0.127518   0.301311   0.1952631   0.0006322  -0.058368  -0.005606   0.000010   0.000026  0.0000257  0.0000018    0.000199    0.000141
2006   7   1  53917   0.128351   0.299999   0.1945193   0.0008225  -0.058648  -0.005634   0.000010   0.000017  0.0000339  0.0000017    0.000181    0.000130
2006   7   2  53918   0.128777   0.298878   0.1935934   0.0009566  -0.058645  -0.005620   0.000010   0.000018  0.0000354  0.0000017    0.000207    0.000149
2006   7   3  53919   0.128868   0.297776   0.1926215   0.0009818  -0.058568  -0.005461   0.000010   0.000029  0.0000360  0.0000018    0.000840    0.000822
2006   7   4  53920   0.128810   0.296558   0.1916622   0.0009592  -0.058827  -0.005257   0.000009   0.000026  0.0000381  0.0000017    0.000786    0.000692
2006   7   5  53921   0.128807   0.295417   0.1907234   0.0008991  -0.059596  -0.005226   0.000009   0.000016  0.0000245  0.0000017    0.000264    0.000164
2006   7   6  53922   0.128677   0.294579   0.1899019   0.0007562  -0.060458  -0.005467   0.000012   0.000012  0.0000209  0.0000018    0.000176    0.000111
2006   7   7  53923   0.128389   0.293695   0.1892920   0.0005153  -0.060826  -0.005845   0.000021   0.000012  0.0000257  0.0000018    0.000191    0.000140
2006   7   8  53924   0.128072   0.292484   0.1888795   0.0002530  -0.060661  -0.006102   0.000014   0.000013  0.0000367  0.0000018    0.000203    0.000179
2006   7   9  53925   0.127559   0.291138   0.1887463   0.0000548  -0.060389  -0.006139   0.000011   0.000019  0.0000370  0.0000018    0.000197    0.000169
2006   7  10  53926   0.126836   0.289769   0.1887760  -0.0000099  -0.060414  -0.006051   0.000009   0.000031  0.0000250  0.0000017    0.000157    0.000110
2006   7  11  53927   0.126205   0.288368   0.1887559   0.0000413  -0.060753  -0.005931   0.000009   0.000027  0.0000182  0.0000016    0.000155    0.000112
2006   7  12  53928   0.125931   0.286967   0.1886568   0.0001594  -0.061099  -0.005788   0.000009   0.000017  0.0000225  0.0000015    0.000158    0.000130
2006   7  13  53929   0.125523   0.285767   0.1884038   0.0004122  -0.061133  -0.005605   0.000009   0.000013  0.0000253  0.0000013    0.000224    0.000183
2006   7  14  53930   0.124565   0.284929   0.1878048   0.0007525  -0.060970  -0.005492   0.000009   0.000015  0.0000271  0.0000014    0.000247    0.000147
2006   7  15  53931   0.123440   0.284217   0.1869009   0.0010196  -0.061029  -0.005588   0.000009   0.000026  0.0000344  0.0000018    0.000211    0.000125
2006   7  16  53932   0.122671   0.283270   0.1857821   0.0011185  -0.061434  -0.005814   0.000010   0.000033  0.0000314  0.0000020    0.000195    0.000114
2006   7  17  53933   0.122109   0.282163   0.1847065   0.0010342  -0.061984  -0.005938   0.000009   0.000028  0.0000190  0.0000019    0.000152    0.000086
2006   7  18  53934   0.121607   0.281148   0.1837839   0.0008299  -0.062431  -0.005825   0.000009   0.000017  0.0000136  0.0000017    0.000152    0.000086
2006   7  19  53935   0.121189   0.280287   0.1830863   0.0005631  -0.062660  -0.005553   0.000009   0.000017  0.0000151  0.0000017    0.000178    0.000098
2006   7  20  53936   0.120690   0.279515   0.1826597   0.0002946  -0.062735  -0.005386   0.000011   0.000026  0.0000193  0.0000018    0.000417    0.000189
2006   7  21  53937   0.120052   0.278748   0.1825087   0.0000383  -0.062736  -0.005542   0.000011   0.000016  0.0000227  0.0000019    0.000309    0.000182
2006   7  22  53938   0.119394   0.277855   0.1825738  -0.0001617  -0.062656  -0.005918   0.000010   0.000014  0.0000305  0.0000019    0.000262    0.000171
2006   7  23  53939   0.118744   0.276944   0.1827916  -0.0002538  -0.062485  -0.006297   0.000010   0.000018  0.0000354  0.0000019    0.000223    0.000153
2006   7  24  53940   0.117960   0.275952   0.1830398  -0.0002307  -0.062307  -0.006480   0.000010   0.000016  0.0000211  0.0000018    0.000140    0.000103
2006   7  25  53941   0.117339   0.274746   0.1832261  -0.0000961  -0.062243  -0.006337   0.000009   0.000016  0.0000221  0.0000017    0.000140    0.000103
2006   7  26  53942   0.116935   0.273647   0.1832677   0.0000586  -0.062344  -0.005918   0.000009   0.000015  0.0000282  0.0000019    0.000163    0.000120
2006   7  27  53943   0.116484   0.272905   0.1831239   0.0001659  -0.062624  -0.005442   0.000009   0.000012  0.0000313  0.0000019    0.000452    0.000374
2006   7  28  53944   0.116252   0.272528   0.1828829   0.0002736  -0.063058  -0.005154   0.000009   0.000012  0.0000315  0.0000019    0.000314    0.000276
2006   7  29  53945   0.116020   0.272549   0.1825347   0.0003912  -0.063478  -0.005130   0.000010   0.000013  0.0000418  0.0000019    0.000257    0.000225
2006   7  30  53946   0.115095   0.272495   0.1821068   0.0004744  -0.063701  -0.005227   0.000011   0.000014  0.0000488  0.0000019    0.000243    0.000210
2006   7  31  53947   0.113768   0.271877   0.1816350   0.0004782  -0.063709  -0.005272   0.000010   0.000019  0.0000317  0.0000019    0.000218    0.000177
2006   8   1  53948   0.112504   0.271184   0.1811849   0.0004143  -0.063724  -0.005282   0.000013   0.000031  0.0000275  0.0000020    0.000219    0.000178
2006   8   2  53949   0.111323   0.270659   0.1807675   0.0003074  -0.064028  -0.005425   0.000020   0.000031  0.0000382  0.0000020    0.000252    0.000207
2006   8   3  53950   0.110255   0.269987   0.1805768   0.0001652  -0.064623  -0.005785   0.000012   0.000017  0.0000324  0.0000020    0.000398    0.000300
2006   8   4  53951   0.109349   0.269044   0.1804962   0.0000020  -0.065151  -0.006198   0.000010   0.000013  0.0000316  0.0000019    0.000256    0.000169
2006   8   5  53952   0.108806   0.267900   0.1805554  -0.0001196  -0.065287  -0.006365   0.000010   0.000014  0.0000436  0.0000020    0.000215    0.000139
2006   8   6  53953   0.108525   0.266560   0.1806776  -0.0001683  -0.065076  -0.006229   0.000013   0.000018  0.0000547  0.0000022    0.000194    0.000131
2006   8   7  53954   0.108344   0.265247   0.1809006  -0.0001467  -0.064788  -0.005994   0.000012   0.000016  0.0000370  0.0000021    0.000140    0.000115
2006   8   8  53955   0.108431   0.264228   0.1809885   0.0000362  -0.064573  -0.005824   0.000009   0.000013  0.0000277  0.0000021    0.000140    0.000115
2006   8   9  53956   0.108406   0.263534   0.1808337   0.0003312  -0.064463  -0.005702   0.000009   0.000012  0.0000387  0.0000021    0.000140    0.000116
2006   8  10  53957   0.107810   0.262818   0.1803273   0.0006531  -0.064553  -0.005590   0.000012   0.000011  0.0000418  0.0000020    0.000162    0.000127
2006   8  11  53958   0.106912   0.261855   0.1794843   0.0009454  -0.064919  -0.005583   0.000012   0.000012  0.0000296  0.0000018    0.000168    0.000130
2006   8  12  53959   0.105979   0.260893   0.1784421   0.0010941  -0.065419  -0.005736   0.000010   0.000015  0.0000403  0.0000016    0.000168    0.000130
2006   8  13  53960   0.105135   0.260099   0.1772985   0.0010759  -0.065814  -0.005889   0.000010   0.000025  0.0000490  0.0000017    0.000168    0.000130
2006   8  14  53961   0.104385   0.259460   0.1763520   0.0008638  -0.066022  -0.005847   0.000012   0.000016  0.0000453  0.0000020    0.000163    0.000122
2006   8  15  53962   0.103434   0.259006   0.1756443   0.0005789  -0.066131  -0.005654   0.000011   0.000012  0.0000441  0.0000020    0.000116    0.000071
2006   8  16  53963   0.102085   0.258692   0.1752148   0.0002961  -0.066222  -0.005547   0.000009   0.000015  0.0000219  0.0000020    0.000117    0.000072
2006   8  17  53964   0.100623   0.258168   0.1750482   0.0000471  -0.066331  -0.005660   0.000012   0.000016  0.0000183  0.0000019    0.000124    0.000076
2006   8  18  53965   0.099388   0.257430   0.1750855  -0.0000978  -0.066477  -0.005907   0.000021   0.000012  0.0000246  0.0000019    0.000155    0.000099
2006   8  19  53966   0.098077   0.256638   0.1752403  -0.0001687  -0.066617  -0.006119   0.000026   0.000013  0.0000374  0.0000021    0.000194    0.000133
2006   8  20  53967   0.096575   0.255924   0.1754345  -0.0001407  -0.066627  -0.006238   0.000028   0.000018  0.0000442  0.0000021    0.000193    0.000138
2006   8  21  53968   0.095102   0.255510   0.1754681   0.0000230  -0.066426  -0.006262   0.000021   0.000031  0.0000276  0.0000019    0.000141    0.000109
2006   8  22  53969   0.093975   0.255310   0.1753333   0.0002353  -0.066078  -0.006134   0.000012   0.000025  0.0000190  0.0000015    0.000141    0.000109
2006   8  23  53970   0.092932   0.254989   0.1750313   0.0003979  -0.065725  -0.005791   0.000009   0.000015  0.0000229  0.0000014    0.000162    0.000126
2006   8  24  53971   0.091601   0.254472   0.1745168   0.0005647  -0.065537  -0.005290   0.000009   0.000015  0.0000231  0.0000018    0.000300    0.000273
2006   8  25  53972   0.090508   0.254093   0.1738799   0.0006946  -0.065606  -0.004852   0.000009   0.000016  0.0000255  0.0000019    0.000231    0.000230
2006   8  26  53973   0.089651   0.254058   0.1731588   0.0007256  -0.065772  -0.004731   0.000012   0.000013  0.0000378  0.0000021    0.000200    0.000201
2006   8  27  53974   0.088501   0.254240   0.1724548   0.0007033  -0.065906  -0.004913   0.000024   0.000015  0.0000370  0.0000021    0.000168    0.000146
2006   8  28  53975   0.087075   0.254288   0.1717201   0.0006563  -0.066009  -0.005170   0.000027   0.000015  0.0000232  0.0000021    0.000102    0.000073
2006   8  29  53976   0.085772   0.254190   0.1711175   0.0005757  -0.066182  -0.005366   0.000025   0.000014  0.0000157  0.0000022    0.000102    0.000074
2006   8  30  53977   0.084533   0.254198   0.1706229   0.0004189  -0.066520  -0.005563   0.000024   0.000013  0.0000158  0.0000022    0.000106    0.000079
2006   8  31  53978   0.083387   0.254202   0.1702974   0.0002248  -0.066840  -0.005874   0.000015   0.000013  0.0000183  0.0000022    0.000126    0.000101
2006   9   1  53979   0.082449   0.254229   0.1701833   0.0000735  -0.066781  -0.006220   0.000012   0.000014  0.0000245  0.0000022    0.000153    0.000118
2006   9   2  53980   0.081279   0.254332   0.1701332  -0.0000044  -0.066366  -0.006331   0.000015   0.000018  0.0000356  0.0000023    0.000183    0.000135
2006   9   3  53981   0.079745   0.254404   0.1701535   0.0000277  -0.065897  -0.006159   0.000022   0.000021  0.0000395  0.0000023    0.000221    0.000161
2006   9   4  53982   0.078238   0.254439   0.1700541   0.0002165  -0.065655  -0.005930   0.000014   0.000015  0.0000672  0.0000021    0.000602    0.000420
2006   9   5  53983   0.077237   0.254446   0.1696798   0.0005469  -0.065655  -0.005786   0.000013   0.000014  0.0000348  0.0000020    0.000276    0.000198
2006   9   6  53984   0.076766   0.254534   0.1689483   0.0009271  -0.065740  -0.005594   0.000013   0.000014  0.0000219  0.0000018    0.000147    0.000106
2006   9   7  53985   0.076156   0.254841   0.1678672   0.0012585  -0.065874  -0.005190   0.000014   0.000013  0.0000251  0.0000015    0.000147    0.000104
2006   9   8  53986   0.075048   0.255102   0.1664655   0.0014871  -0.066171  -0.004859   0.000021   0.000013  0.0000274  0.0000015    0.000421    0.000215
2006   9   9  53987   0.073762   0.254951   0.1648937   0.0015645  -0.066566  -0.004970   0.000014   0.000014  0.0000380  0.0000017    0.000563    0.000240
2006   9  10  53988   0.072384   0.254583   0.1633577   0.0014316  -0.066846  -0.005381   0.000013   0.000020  0.0000360  0.0000018    0.000409    0.000181
2006   9  11  53989   0.070796   0.254203   0.1620785   0.0011606  -0.067013  -0.005631   0.000012   0.000031  0.0000194  0.0000020    0.000197    0.000093
2006   9  12  53990   0.069077   0.253875   0.1610749   0.0008605  -0.067201  -0.005542   0.000012   0.000028  0.0000140  0.0000020    0.000184    0.000097
2006   9  13  53991   0.067346   0.253381   0.1603696   0.0006235  -0.067335  -0.005378   0.000012   0.000023  0.0000179  0.0000019    0.000147    0.000113
2006   9  14  53992   0.065842   0.252680   0.1598241   0.0004375  -0.067348  -0.005465   0.000010   0.000016  0.0000189  0.0000019    0.000122    0.000130
2006   9  15  53993   0.064581   0.252240   0.1594757   0.0003036  -0.067165  -0.005747   0.000010   0.000013  0.0000248  0.0000019    0.000157    0.000171
2006   9  16  53994   0.063309   0.252186   0.1591675   0.0003103  -0.066770  -0.006023   0.000010   0.000013  0.0000339  0.0000019    0.000270    0.000247
2006   9  17  53995   0.061822   0.252251   0.1588397   0.0003862  -0.066342  -0.006116   0.000010   0.000014  0.0000335  0.0000018    0.000273    0.000228
2006   9  18  53996   0.060233   0.252354   0.1583742   0.0005515  -0.066072  -0.005920   0.000009   0.000014  0.0000262  0.0000017    0.000145    0.000128
2006   9  19  53997   0.058503   0.252716   0.1577234   0.0007559  -0.066052  -0.005398   0.000011   0.000017  0.0000180  0.0000017    0.000154    0.000133
2006   9  20  53998   0.056449   0.253057   0.1568825   0.0009266  -0.066192  -0.004649   0.000011   0.000017  0.0000207  0.0000017    0.000189    0.000151
2006   9  21  53999   0.054197   0.253220   0.1559038   0.0010842  -0.066023  -0.004132   0.000011   0.000016  0.0000270  0.0000017    0.000228    0.000175
2006   9  22  54000   0.051705   0.253324   0.1547784   0.0011451  -0.065488  -0.004087   0.000011   0.000015  0.0000288  0.0000018    0.000225    0.000207
2006   9  23  54001   0.049212   0.253148   0.1535586   0.0011476  -0.064984  -0.004398   0.000010   0.000012  0.0000340  0.0000019    0.000224    0.000209
2006   9  24  54002   0.047080   0.252931   0.1523952   0.0011221  -0.064806  -0.004825   0.000013   0.000013  0.0000382  0.0000020    0.000193    0.000180
2006   9  25  54003   0.045055   0.252729   0.1513473   0.0010355  -0.064952  -0.005124   0.000020   0.000016  0.0000144  0.0000019    0.000117    0.000110
2006   9  26  54004   0.043217   0.252363   0.1503992   0.0009030  -0.065208  -0.005229   0.000012   0.000015  0.0000144  0.0000019    0.000117    0.000110
2006   9  27  54005   0.041638   0.252145   0.1495391   0.0007754  -0.065379  -0.005297   0.000012   0.000012  0.0000198  0.0000018    0.000117    0.000110
2006   9  28  54006   0.039770   0.252244   0.1488117   0.0006748  -0.065451  -0.005454   0.000018   0.000015  0.0000390  0.0000018    0.000172    0.000155
2006   9  29  54007   0.037452   0.252350   0.1482145   0.0006177  -0.065473  -0.005628   0.000011   0.000015  0.0000337  0.0000018    0.000196    0.000173
2006   9  30  54008   0.035023   0.252423   0.1475943   0.0006535  -0.065445  -0.005632   0.000010   0.000012  0.0000338  0.0000018    0.000196    0.000173
2006  10   1  54009   0.032613   0.252668   0.1468436   0.0007806  -0.065354  -0.005454   0.000013   0.000013  0.0000258  0.0000020    0.000176    0.000143
2006  10   2  54010   0.030348   0.252895   0.1460031   0.0009941  -0.065219  -0.005286   0.000019   0.000013  0.0000188  0.0000019    0.000117    0.000082
2006  10   3  54011   0.028383   0.253093   0.1448844   0.0012888  -0.065051  -0.005257   0.000012   0.000012  0.0000164  0.0000019    0.000117    0.000082
2006  10   4  54012   0.026987   0.253468   0.1433922   0.0016348  -0.064898  -0.005231   0.000011   0.000012  0.0000210  0.0000019    0.000131    0.000092
2006  10   5  54013   0.026102   0.253942   0.1415852   0.0019939  -0.064921  -0.004978   0.000011   0.000011  0.0000202  0.0000018    0.000213    0.000162
2006  10   6  54014   0.025208   0.254309   0.1394423   0.0022270  -0.065163  -0.004588   0.000009   0.000012  0.0000239  0.0000017    0.000221    0.000191
2006  10   7  54015   0.024294   0.254691   0.1371869   0.0022165  -0.065298  -0.004505   0.000009   0.000015  0.0000277  0.0000019    0.000221    0.000210
2006  10   8  54016   0.023492   0.255284   0.1349927   0.0020385  -0.065076  -0.004763   0.000013   0.000017  0.0000253  0.0000020    0.000207    0.000208
2006  10   9  54017   0.022269   0.256231   0.1331236   0.0017303  -0.064770  -0.004946   0.000011   0.000017  0.0000220  0.0000019    0.000151    0.000178
2006  10  10  54018   0.020400   0.257280   0.1315872   0.0013758  -0.064856  -0.004828   0.000008   0.000014  0.0000202  0.0000018    0.000155    0.000182
2006  10  11  54019   0.018237   0.257980   0.1303500   0.0011270  -0.065311  -0.004637   0.000008   0.000011  0.0000300  0.0000018    0.000169    0.000197
2006  10  12  54020   0.015667   0.258268   0.1293125   0.0009729  -0.065555  -0.004743   0.000011   0.000013  0.0000389  0.0000017    0.000188    0.000210
2006  10  13  54021   0.013053   0.258081   0.1283896   0.0008641  -0.065280  -0.005059   0.000021   0.000013  0.0000276  0.0000017    0.000214    0.000214
2006  10  14  54022   0.011221   0.257781   0.1275696   0.0008520  -0.064758  -0.005206   0.000021   0.000012  0.0000318  0.0000019    0.000216    0.000214
2006  10  15  54023   0.009838   0.258026   0.1266979   0.0009191  -0.064330  -0.005031   0.000013   0.000015  0.0000369  0.0000020    0.000184    0.000165
2006  10  16  54024   0.008442   0.258903   0.1256795   0.0010700  -0.064019  -0.004686   0.000012   0.000014  0.0000165  0.0000020    0.000110    0.000086
2006  10  17  54025   0.007189   0.259898   0.1245030   0.0012506  -0.063689  -0.004353   0.000011   0.000011  0.0000165  0.0000019    0.000109    0.000086
2006  10  18  54026   0.006163   0.260713   0.1231998   0.0013718  -0.063315  -0.004055   0.000011   0.000011  0.0000208  0.0000018    0.000110    0.000086
2006  10  19  54027   0.005199   0.261571   0.1217890   0.0014463  -0.063000  -0.003749   0.000020   0.000011  0.0000283  0.0000018    0.000175    0.000132
2006  10  20  54028   0.004185   0.262350   0.1203072   0.0014848  -0.062824  -0.003511   0.000024   0.000012  0.0000246  0.0000018    0.000211    0.000155
2006  10  21  54029   0.003446   0.263139   0.1188151   0.0014632  -0.062823  -0.003503   0.000026   0.000015  0.0000279  0.0000019    0.000211    0.000155
2006  10  22  54030   0.002920   0.264083   0.1173653   0.0013900  -0.062994  -0.003772   0.000027   0.000024  0.0000313  0.0000019    0.000213    0.000156
2006  10  23  54031   0.002168   0.265092   0.1160234   0.0013015  -0.063258  -0.004150   0.000026   0.000014  0.0000240  0.0000018    0.000223    0.000162
2006  10  24  54032   0.000987   0.266296   0.1147926   0.0011548  -0.063433  -0.004406   0.000021   0.000011  0.0000162  0.0000018    0.000223    0.000162
2006  10  25  54033  -0.000598   0.267373   0.1137427   0.0009578  -0.063357  -0.004460   0.000012   0.000011  0.0000214  0.0000018    0.000223    0.000162
2006  10  26  54034  -0.001911   0.268038   0.1128460   0.0008470  -0.063053  -0.004417   0.000012   0.000011  0.0000308  0.0000018    0.000238    0.000216
2006  10  27  54035  -0.002508   0.268614   0.1120522   0.0007698  -0.062699  -0.004406   0.000021   0.000014  0.0000231  0.0000018    0.000241    0.000236
2006  10  28  54036  -0.002954   0.269121   0.1113138   0.0007403  -0.062429  -0.004457   0.000024   0.000016  0.0000230  0.0000018    0.000241    0.000236
2006  10  29  54037  -0.003204   0.269736   0.1104760   0.0008906  -0.062223  -0.004514   0.000025   0.000013  0.0000220  0.0000018    0.000196    0.000159
2006  10  30  54038  -0.003369   0.270722   0.1094971   0.0011214  -0.061988  -0.004515   0.000020   0.000012  0.0000144  0.0000018    0.000109    0.000074
2006  10  31  54039  -0.003849   0.271794   0.1082743   0.0013787  -0.061699  -0.004399   0.000011   0.000011  0.0000152  0.0000018    0.000109    0.000074
2006  11   1  54040  -0.004202   0.272916   0.1067292   0.0016960  -0.061452  -0.004097   0.000011   0.000011  0.0000184  0.0000018    0.000109    0.000075
2006  11   2  54041  -0.004332   0.274206   0.1048855   0.0019498  -0.061396  -0.003650   0.000020   0.000015  0.0000132  0.0000018    0.000241    0.000159
2006  11   3  54042  -0.004630   0.275363   0.1028929   0.0020133  -0.061549  -0.003296   0.000022   0.000026  0.0000130  0.0000018    0.000519    0.000304
2006  11   4  54043  -0.005163   0.276149   0.1009094   0.0018961  -0.061695  -0.003296   0.000013   0.000030  0.0000186  0.0000018    0.000521    0.000305
2006  11   5  54044  -0.005853   0.276904   0.0991258   0.0015974  -0.061622  -0.003602   0.000010   0.000031  0.0000247  0.0000019    0.000232    0.000151
2006  11   6  54045  -0.006551   0.277859   0.0977186   0.0012330  -0.061449  -0.003871   0.000012   0.000027  0.0000152  0.0000018    0.000093    0.000062
2006  11   7  54046  -0.007387   0.279388   0.0966409   0.0009422  -0.061480  -0.003867   0.000011   0.000015  0.0000115  0.0000018    0.000093    0.000062
2006  11   8  54047  -0.008861   0.281193   0.0958167   0.0007356  -0.061711  -0.003717   0.000008   0.000015  0.0000149  0.0000017    0.000096    0.000069
2006  11   9  54048  -0.010690   0.282433   0.0951363   0.0006685  -0.061743  -0.003689   0.000009   0.000026  0.0000170  0.0000016    0.000108    0.000117
2006  11  10  54049  -0.012436   0.283337   0.0944675   0.0006879  -0.061308  -0.003806   0.000011   0.000025  0.0000174  0.0000017    0.000130    0.000142
2006  11  11  54050  -0.013904   0.284070   0.0937477   0.0008175  -0.060661  -0.003803   0.000011   0.000017  0.0000170  0.0000018    0.000154    0.000164
2006  11  12  54051  -0.014863   0.284863   0.0927983   0.0010120  -0.060240  -0.003559   0.000009   0.000016  0.0000182  0.0000019    0.000153    0.000133
2006  11  13  54052  -0.015769   0.285866   0.0917321   0.0011243  -0.060191  -0.003234   0.000009   0.000013  0.0000176  0.0000018    0.000123    0.000071
2006  11  14  54053  -0.016881   0.286823   0.0905591   0.0012303  -0.060353  -0.003029   0.000010   0.000011  0.0000161  0.0000018    0.000134    0.000078
2006  11  15  54054  -0.017797   0.287611   0.0892768   0.0012419  -0.060509  -0.002959   0.000015   0.000014  0.0000194  0.0000019    0.000197    0.000117
2006  11  16  54055  -0.018590   0.288377   0.0880862   0.0012283  -0.060470  -0.002876   0.000011   0.000022  0.0000169  0.0000018    0.000306    0.000232
2006  11  17  54056  -0.019750   0.289431   0.0868387   0.0012197  -0.060304  -0.002731   0.000010   0.000014  0.0000146  0.0000018    0.000213    0.000183
2006  11  18  54057  -0.021273   0.290416   0.0856492   0.0011222  -0.060226  -0.002642   0.000011   0.000012  0.0000174  0.0000019    0.000209    0.000179
2006  11  19  54058  -0.022712   0.291092   0.0845775   0.0010137  -0.060334  -0.002723   0.000009   0.000017  0.0000185  0.0000018    0.000167    0.000147
2006  11  20  54059  -0.024200   0.291656   0.0836093   0.0009041  -0.060547  -0.002934   0.000012   0.000027  0.0000152  0.0000014    0.000092    0.000083
2006  11  21  54060  -0.025740   0.292296   0.0827751   0.0007603  -0.060623  -0.003128   0.000018   0.000026  0.0000126  0.0000014    0.000098    0.000089
2006  11  22  54061  -0.026911   0.293267   0.0820694   0.0006612  -0.060322  -0.003204   0.000019   0.000027  0.0000167  0.0000017    0.000133    0.000121
2006  11  23  54062  -0.028119   0.294681   0.0814481   0.0005855  -0.059700  -0.003203   0.000018   0.000024  0.0000221  0.0000017    0.000197    0.000184
2006  11  24  54063  -0.029671   0.296190   0.0809030   0.0005514  -0.059041  -0.003228   0.000011   0.000014  0.0000204  0.0000016    0.000223    0.000212
2006  11  25  54064  -0.031276   0.297672   0.0803103   0.0006884  -0.058614  -0.003318   0.000009   0.000012  0.0000158  0.0000016    0.000220    0.000196
2006  11  26  54065  -0.032934   0.299171   0.0795054   0.0009511  -0.058471  -0.003412   0.000012   0.000012  0.0000131  0.0000017    0.000149    0.000095
2006  11  27  54066  -0.034541   0.300544   0.0784048   0.0012560  -0.058474  -0.003409   0.000019   0.000014  0.0000128  0.0000017    0.000149    0.000096
2006  11  28  54067  -0.035815   0.301516   0.0770164   0.0015239  -0.058499  -0.003243   0.000019   0.000013  0.0000178  0.0000017    0.000152    0.000098
2006  11  29  54068  -0.036691   0.302234   0.0753908   0.0017212  -0.058568  -0.002927   0.000010   0.000014  0.0000240  0.0000017    0.000163    0.000105
2006  11  30  54069  -0.037443   0.303245   0.0735975   0.0018109  -0.058794  -0.002580   0.000008   0.000021  0.0000272  0.0000016    0.000182    0.000120
2006  12   1  54070  -0.038211   0.304255   0.0718095   0.0017531  -0.059165  -0.002337   0.000010   0.000013  0.0000204  0.0000016    0.000232    0.000169
2006  12   2  54071  -0.038563   0.305240   0.0701106   0.0015329  -0.059493  -0.002292   0.000012   0.000013  0.0000205  0.0000019    0.000237    0.000174
2006  12   3  54072  -0.038608   0.306815   0.0687486   0.0012262  -0.059587  -0.002438   0.000010   0.000027  0.0000185  0.0000018    0.000204    0.000149
2006  12   4  54073  -0.038694   0.308719   0.0676440   0.0009884  -0.059453  -0.002641   0.000012   0.000027  0.0000179  0.0000017    0.000125    0.000089
2006  12   5  54074  -0.038827   0.310506   0.0667525   0.0008142  -0.059278  -0.002757   0.000011   0.000014  0.0000201  0.0000017    0.000125    0.000089
2006  12   6  54075  -0.039293   0.312341   0.0659883   0.0006941  -0.059190  -0.002756   0.000011   0.000011  0.0000217  0.0000016    0.000122    0.000088
2006  12   7  54076  -0.040282   0.314328   0.0653124   0.0007307  -0.059135  -0.002677   0.000015   0.000011  0.0000200  0.0000016    0.000126    0.000093
2006  12   8  54077  -0.041531   0.316256   0.0645074   0.0008622  -0.059020  -0.002524   0.000010   0.000014  0.0000275  0.0000015    0.000186    0.000137
2006  12   9  54078  -0.042575   0.317754   0.0635497   0.0010464  -0.058897  -0.002269   0.000009   0.000025  0.0000252  0.0000016    0.000426    0.000312
2006  12  10  54079  -0.043421   0.318917   0.0624520   0.0012241  -0.058802  -0.001997   0.000012   0.000018  0.0000204  0.0000019    0.000304    0.000200
2006  12  11  54080  -0.044228   0.319843   0.0611647   0.0013507  -0.058640  -0.001877   0.000012   0.000013  0.0000162  0.0000021    0.000112    0.000073
2006  12  12  54081  -0.044892   0.320841   0.0597491   0.0014384  -0.058308  -0.001984   0.000011   0.000013  0.0000158  0.0000021    0.000119    0.000079
2006  12  13  54082  -0.045621   0.322288   0.0583006   0.0014307  -0.057893  -0.002192   0.000009   0.000017  0.0000169  0.0000021    0.000160    0.000109
2006  12  14  54083  -0.046663   0.323858   0.0568935   0.0013311  -0.057724  -0.002236   0.000009   0.000028  0.0000198  0.0000021    0.000325    0.000240
2006  12  15  54084  -0.047921   0.325255   0.0556435   0.0012225  -0.057941  -0.002061   0.000009   0.000031  0.0000231  0.0000021    0.000592    0.000462
2006  12  16  54085  -0.048952   0.326597   0.0544172   0.0011107  -0.058335  -0.001896   0.000009   0.000028  0.0000271  0.0000020    0.000511    0.000401
2006  12  17  54086  -0.049615   0.328028   0.0533931   0.0009373  -0.058635  -0.001952   0.000009   0.000018  0.0000259  0.0000019    0.000288    0.000170
2006  12  18  54087  -0.050129   0.329545   0.0525559   0.0007644  -0.058735  -0.002202   0.000010   0.000017  0.0000196  0.0000017    0.000124    0.000067
2006  12  19  54088  -0.050527   0.331012   0.0518603   0.0006644  -0.058666  -0.002450   0.000012   0.000020  0.0000145  0.0000017    0.000124    0.000067
2006  12  20  54089  -0.051113   0.332262   0.0512503   0.0005744  -0.058511  -0.002518   0.000010   0.000014  0.0000187  0.0000017    0.000124    0.000067
2006  12  21  54090  -0.051993   0.333176   0.0507185   0.0005240  -0.058331  -0.002405   0.000008   0.000015  0.0000258  0.0000016    0.000153    0.000113
2006  12  22  54091  -0.052618   0.333649   0.0501849   0.0006242  -0.058182  -0.002260   0.000008   0.000015  0.0000226  0.0000017    0.000161    0.000143
2006  12  23  54092  -0.052619   0.334173   0.0494585   0.0008396  -0.058123  -0.002244   0.000010   0.000016  0.0000264  0.0000018    0.000161    0.000143
2006  12  24  54093  -0.052081   0.335271   0.0484411   0.0011276  -0.058172  -0.002401   0.000014   0.000030  0.0000309  0.0000018    0.000161    0.000143
2006  12  25  54094  -0.051329   0.336893   0.0471457   0.0013690  -0.058280  -0.002641   0.000011   0.000036  0.0000329  0.0000021    0.000164    0.000142
2006  12  26  54095  -0.050760   0.338681   0.0456688   0.0015397  -0.058374  -0.002791   0.000011   0.000020  0.0000267  0.0000026    0.000254    0.000127
2006  12  27  54096  -0.050458   0.340446   0.0441190   0.0016441  -0.058400  -0.002706   0.000011   0.000016  0.0000265  0.0000027    0.000254    0.000128
2006  12  28  54097  -0.050263   0.342192   0.0425641   0.0016074  -0.058355  -0.002358   0.000013   0.000020  0.0000255  0.0000027    0.000254    0.000135
2006  12  29  54098  -0.049885   0.343913   0.0410316   0.0014759  -0.058270  -0.001873   0.000013   0.000033  0.0000254  0.0000027    0.000253    0.000167
2006  12  30  54099  -0.049535   0.345459   0.0395648   0.0012800  -0.058182  -0.001496   0.000012   0.000034  0.0000315  0.0000028    0.000253    0.000206
2006  12  31  54100  -0.049428   0.346499   0.0383877   0.0010019  -0.058122  -0.001421   0.000011   0.000019  0.0000417  0.0000025    0.000253    0.000216
2007   1   1  54101  -0.049476   0.347389   0.0375583   0.0007487  -0.058227  -0.001749   0.000010   0.000018  0.0000266  0.0000021    0.000440    0.000304
2007   1   2  54102  -0.049956   0.348610   0.0369471   0.0005830  -0.058226  -0.002164   0.000012   0.000025  0.0000232  0.0000020    0.000479    0.000313
2007   1   3  54103  -0.051207   0.350003   0.0363956   0.0005067  -0.058139  -0.002509   0.000019   0.000016  0.0000261  0.0000020    0.000476    0.000312
2007   1   4  54104  -0.052950   0.351339   0.0358320   0.0005485  -0.057936  -0.002619   0.000012   0.000012  0.0000296  0.0000019    0.000391    0.000279
2007   1   5  54105  -0.054579   0.352757   0.0352576   0.0007175  -0.057557  -0.002464   0.000009   0.000015  0.0000233  0.0000020    0.000288    0.000226
2007   1   6  54106  -0.055949   0.354260   0.0344585   0.0009138  -0.056998  -0.002153   0.000010   0.000027  0.0000264  0.0000021    0.000285    0.000224
2007   1   7  54107  -0.056752   0.355662   0.0334763   0.0010635  -0.056456  -0.001880   0.000013   0.000034  0.0000361  0.0000021    0.000315    0.000249
2007   1   8  54108  -0.057191   0.357202   0.0323299   0.0012026  -0.056209  -0.001797   0.000020   0.000036  0.0000386  0.0000017    0.000421    0.000336
2007   1   9  54109  -0.057567   0.359079   0.0310679   0.0013276  -0.056428  -0.001907   0.000018   0.000028  0.0000204  0.0000016    0.000211    0.000157
2007   1  10  54110  -0.058151   0.361242   0.0297261   0.0013570  -0.057007  -0.002069   0.000016   0.000016  0.0000128  0.0000018    0.000115    0.000084
2007   1  11  54111  -0.059009   0.363169   0.0283325   0.0013120  -0.057370  -0.002089   0.000011   0.000015  0.0000161  0.0000019    0.000108    0.000080
2007   1  12  54112  -0.059190   0.364738   0.0270902   0.0012362  -0.057438  -0.002033   0.000008   0.000015  0.0000219  0.0000019    0.000146    0.000113
2007   1  13  54113  -0.058683   0.366457   0.0258211   0.0011306  -0.057453  -0.002104   0.000009   0.000015  0.0000265  0.0000020    0.000150    0.000117
2007   1  14  54114  -0.058377   0.368200   0.0247813   0.0009981  -0.057497  -0.002355   0.000010   0.000016  0.0000315  0.0000019    0.000147    0.000106
2007   1  15  54115  -0.058015   0.369763   0.0238424   0.0008695  -0.057545  -0.002657   0.000009   0.000016  0.0000261  0.0000017    0.000129    0.000072
2007   1  16  54116  -0.057396   0.371477   0.0230309   0.0007963  -0.057600  -0.002844   0.000009   0.000014  0.0000183  0.0000017    0.000129    0.000072
2007   1  17  54117  -0.056986   0.373296   0.0221834   0.0007942  -0.057676  -0.002864   0.000009   0.000012  0.0000214  0.0000018    0.000129    0.000072
2007   1  18  54118  -0.056540   0.375051   0.0213956   0.0008849  -0.057746  -0.002791   0.000011   0.000016  0.0000273  0.0000019    0.000219    0.000134
2007   1  19  54119  -0.055944   0.377289   0.0204568   0.0010846  -0.057712  -0.002701   0.000012   0.000027  0.0000280  0.0000019    0.000278    0.000188
2007   1  20  54120  -0.055714   0.379825   0.0192164   0.0013739  -0.057554  -0.002609   0.000010   0.000017  0.0000320  0.0000020    0.000278    0.000188
2007   1  21  54121  -0.055641   0.381776   0.0176703   0.0016890  -0.057415  -0.002518   0.000010   0.000013  0.0000356  0.0000019    0.000202    0.000146
2007   1  22  54122  -0.055347   0.383428   0.0158509   0.0019790  -0.057481  -0.002475   0.000013   0.000011  0.0000157  0.0000019    0.000099    0.000076
2007   1  23  54123  -0.055078   0.385184   0.0138159   0.0021403  -0.057780  -0.002509   0.000018   0.000010  0.0000091  0.0000020    0.000099    0.000076
2007   1  24  54124  -0.054840   0.387062   0.0116752   0.0021084  -0.058144  -0.002568   0.000019   0.000011  0.0000101  0.0000018    0.000100    0.000083
2007   1  25  54125  -0.054674   0.388957   0.0096146   0.0019326  -0.058433  -0.002596   0.000018   0.000014  0.0000143  0.0000017    0.000110    0.000117
2007   1  26  54126  -0.054363   0.390630   0.0077855   0.0017008  -0.058621  -0.002598   0.000011   0.000014  0.0000187  0.0000019    0.000141    0.000148
2007   1  27  54127  -0.053746   0.392265   0.0062035   0.0014268  -0.058669  -0.002591   0.000009   0.000013  0.0000317  0.0000021    0.000187    0.000188
2007   1  28  54128  -0.052949   0.393943   0.0048977   0.0011628  -0.058583  -0.002616   0.000010   0.000018  0.0000359  0.0000022    0.000192    0.000159
2007   1  29  54129  -0.051904   0.395826   0.0038106   0.0010171  -0.058369  -0.002714   0.000013   0.000026  0.0000288  0.0000022    0.000145    0.000085
2007   1  30  54130  -0.050903   0.397814   0.0028260   0.0009790  -0.058028  -0.002882   0.000012   0.000016  0.0000271  0.0000020    0.000145    0.000085
2007   1  31  54131  -0.050247   0.399620   0.0018274   0.0010318  -0.057638  -0.003054   0.000012   0.000012  0.0000398  0.0000019    0.000145    0.000086
2007   2   1  54132  -0.049834   0.401143   0.0007208   0.0011747  -0.057321  -0.003128   0.000020   0.000012  0.0000440  0.0000018    0.000165    0.000147
2007   2   2  54133  -0.049214   0.402261  -0.0005310   0.0013527  -0.057120  -0.003036   0.000019   0.000015  0.0000261  0.0000018    0.000170    0.000189
2007   2   3  54134  -0.047730   0.403142  -0.0019572   0.0015300  -0.056952  -0.002824   0.000013   0.000017  0.0000305  0.0000021    0.000170    0.000189
2007   2   4  54135  -0.045718   0.404337  -0.0035346   0.0016317  -0.056755  -0.002634   0.000011   0.000018  0.0000359  0.0000022    0.000143    0.000142
2007   2   5  54136  -0.043595   0.405902  -0.0052118   0.0016936  -0.056612  -0.002588   0.000014   0.000025  0.0000175  0.0000022    0.000085    0.000073
2007   2   6  54137  -0.041322   0.407857  -0.0069260   0.0017152  -0.056667  -0.002671   0.000020   0.000017  0.0000113  0.0000022    0.000093    0.000079
2007   2   7  54138  -0.039561   0.410261  -0.0086037   0.0016427  -0.056939  -0.002760   0.000020   0.000017  0.0000155  0.0000020    0.000140    0.000119
2007   2   8  54139  -0.038576   0.412702  -0.0102221   0.0015404  -0.057224  -0.002806   0.000013   0.000026  0.0000231  0.0000019    0.000291    0.000234
2007   2   9  54140  -0.037787   0.414954  -0.0116670   0.0013587  -0.057490  -0.002914   0.000010   0.000018  0.0000220  0.0000018    0.000226    0.000165
2007   2  10  54141  -0.036894   0.416851  -0.0129332   0.0011691  -0.057654  -0.003178   0.000011   0.000015  0.0000271  0.0000020    0.000188    0.000135
2007   2  11  54142  -0.036035   0.418481  -0.0140413   0.0010306  -0.057614  -0.003556   0.000013   0.000016  0.0000347  0.0000022    0.000174    0.000133
2007   2  12  54143  -0.035010   0.420187  -0.0150076   0.0008758  -0.057351  -0.003858   0.000012   0.000020  0.0000248  0.0000022    0.000137    0.000146
2007   2  13  54144  -0.033864   0.421969  -0.0158124   0.0007425  -0.057015  -0.003941   0.000010   0.000018  0.0000179  0.0000022    0.000137    0.000146
2007   2  14  54145  -0.032710   0.423600  -0.0165530   0.0007437  -0.056897  -0.003897   0.000009   0.000017  0.0000228  0.0000023    0.000155    0.000161
2007   2  15  54146  -0.031532   0.425270  -0.0172921   0.0008305  -0.057137  -0.003924   0.000010   0.000025  0.0000251  0.0000023    0.000223    0.000174
2007   2  16  54147  -0.030849   0.426795  -0.0181104   0.0009453  -0.057483  -0.004047   0.000012   0.000018  0.0000233  0.0000023    0.000155    0.000116
2007   2  17  54148  -0.030368   0.427935  -0.0191694   0.0011396  -0.057468  -0.004116   0.000022   0.000015  0.0000329  0.0000024    0.000132    0.000099
2007   2  18  54149  -0.029567   0.429242  -0.0203377   0.0014103  -0.057140  -0.003982   0.000020   0.000019  0.0000560  0.0000025    0.000149    0.000110
2007   2  19  54150  -0.028620   0.430670  -0.0218752   0.0015992  -0.056955  -0.003736   0.000012   0.000018  0.0000579  0.0000023    0.000455    0.000275
2007   2  20  54151  -0.027759   0.432039  -0.0234721   0.0015784  -0.057169  -0.003586   0.000010   0.000018  0.0000275  0.0000023    0.000226    0.000154
2007   2  21  54152  -0.026988   0.433404  -0.0249997   0.0013886  -0.057623  -0.003573   0.000010   0.000016  0.0000173  0.0000023    0.000123    0.000086
2007   2  22  54153  -0.025620   0.434640  -0.0262973   0.0011171  -0.057956  -0.003645   0.000012   0.000012  0.0000212  0.0000022    0.000120    0.000084
2007   2  23  54154  -0.023546   0.436005  -0.0272699   0.0008436  -0.058069  -0.003746   0.000013   0.000012  0.0000259  0.0000022    0.000216    0.000134
2007   2  24  54155  -0.021323   0.437185  -0.0280418   0.0006174  -0.058049  -0.003907   0.000013   0.000015  0.0000275  0.0000023    0.000233    0.000141
2007   2  25  54156  -0.019222   0.438185  -0.0285659   0.0004739  -0.057949  -0.004150   0.000014   0.000016  0.0000252  0.0000022    0.000203    0.000125
2007   2  26  54157  -0.017531   0.439322  -0.0290073   0.0004205  -0.057755  -0.004406   0.000014   0.000013  0.0000206  0.0000021    0.000127    0.000081
2007   2  27  54158  -0.015992   0.440558  -0.0294386   0.0004528  -0.057424  -0.004596   0.000021   0.000012  0.0000180  0.0000021    0.000126    0.000080
2007   2  28  54159  -0.014690   0.442110  -0.0299352   0.0005620  -0.056969  -0.004694   0.000024   0.000012  0.0000264  0.0000021    0.000127    0.000081
2007   3   1  54160  -0.013826   0.443789  -0.0305362   0.0007010  -0.056532  -0.004698   0.000026   0.000013  0.0000397  0.0000020    0.000182    0.000143
2007   3   2  54161  -0.013175   0.445660  -0.0313050   0.0008580  -0.056270  -0.004587   0.000023   0.000014  0.0000292  0.0000019    0.000206    0.000192
2007   3   3  54162  -0.012835   0.447532  -0.0322574   0.0010371  -0.056201  -0.004373   0.000014   0.000017  0.0000345  0.0000019    0.000206    0.000192
2007   3   4  54163  -0.012367   0.448903  -0.0333419   0.0011671  -0.056184  -0.004151   0.000011   0.000024  0.0000280  0.0000019    0.000193    0.000144
2007   3   5  54164  -0.011671   0.450176  -0.0345298   0.0012369  -0.056120  -0.004062   0.000010   0.000017  0.0000187  0.0000021    0.000144    0.000074
2007   3   6  54165  -0.011171   0.451338  -0.0357763   0.0012260  -0.056037  -0.004140   0.000010   0.000013  0.0000146  0.0000022    0.000154    0.000079
2007   3   7  54166  -0.010609   0.452451  -0.0369859   0.0012012  -0.056006  -0.004273   0.000012   0.000013  0.0000193  0.0000021    0.000203    0.000111
2007   3   8  54167  -0.009887   0.453892  -0.0381439   0.0011547  -0.056152  -0.004395   0.000011   0.000013  0.0000276  0.0000020    0.000280    0.000184
2007   3   9  54168  -0.009082   0.455114  -0.0392118   0.0009680  -0.056432  -0.004553   0.000009   0.000013  0.0000531  0.0000020    0.000308    0.000224
2007   3  10  54169  -0.008179   0.456044  -0.0401241   0.0007706  -0.056700  -0.004854   0.000010   0.000013  0.0000526  0.0000022    0.000251    0.000197
2007   3  11  54170  -0.007318   0.456936  -0.0408540   0.0006517  -0.056781  -0.005278   0.000011   0.000015  0.0000401  0.0000023    0.000095    0.000083
2007   3  12  54171  -0.006477   0.457762  -0.0414515   0.0005534  -0.056519  -0.005603   0.000010   0.000018  0.0000241  0.0000023    0.000096    0.000084
2007   3  13  54172  -0.005798   0.458772  -0.0420185   0.0005302  -0.055977  -0.005631   0.000010   0.000017  0.0000182  0.0000022    0.000105    0.000091
2007   3  14  54173  -0.005336   0.459950  -0.0426231   0.0006097  -0.055518  -0.005471   0.000010   0.000014  0.0000262  0.0000023    0.000161    0.000141
2007   3  15  54174  -0.004494   0.461037  -0.0432810   0.0007771  -0.055606  -0.005469   0.000010   0.000014  0.0000333  0.0000022    0.000385    0.000298
2007   3  16  54175  -0.002904   0.462202  -0.0442162   0.0011126  -0.056031  -0.005724   0.000010   0.000015  0.0000233  0.0000019    0.000281    0.000188
2007   3  17  54176  -0.000922   0.463503  -0.0455338   0.0015432  -0.056137  -0.005911   0.000011   0.000018  0.0000288  0.0000018    0.000224    0.000149
2007   3  18  54177   0.001199   0.464777  -0.0472644   0.0018845  -0.055847  -0.005695   0.000014   0.000018  0.0000314  0.0000020    0.000191    0.000133
2007   3  19  54178   0.003276   0.466633  -0.0492763   0.0020617  -0.055692  -0.005194   0.000013   0.000019  0.0000221  0.0000020    0.000132    0.000106
2007   3  20  54179   0.005063   0.468991  -0.0513712   0.0020933  -0.055994  -0.004838   0.000013   0.000028  0.0000152  0.0000019    0.000132    0.000106
2007   3  21  54180   0.006334   0.470776  -0.0533950   0.0018916  -0.056550  -0.004841   0.000019   0.000026  0.0000199  0.0000020    0.000132    0.000106
2007   3  22  54181   0.006934   0.471742  -0.0551254   0.0014758  -0.056989  -0.005066   0.000012   0.000016  0.0000321  0.0000022    0.000155    0.000141
2007   3  23  54182   0.007410   0.472390  -0.0564229   0.0010670  -0.057143  -0.005359   0.000009   0.000013  0.0000244  0.0000023    0.000161    0.000154
2007   3  24  54183   0.008292   0.473040  -0.0573521   0.0008046  -0.056997  -0.005734   0.000011   0.000012  0.0000318  0.0000021    0.000161    0.000154
2007   3  25  54184   0.009545   0.473559  -0.0581066   0.0007123  -0.056601  -0.006177   0.000014   0.000012  0.0000561  0.0000021    0.000148    0.000139
2007   3  26  54185   0.010671   0.474122  -0.0588216   0.0007137  -0.056122  -0.006515   0.000012   0.000013  0.0000222  0.0000022    0.000103    0.000093
2007   3  27  54186   0.011730   0.474869  -0.0595450   0.0007917  -0.055755  -0.006592   0.000010   0.000013  0.0000128  0.0000022    0.000109    0.000089
2007   3  28  54187   0.013430   0.475618  -0.0603996   0.0009507  -0.055550  -0.006459   0.000009   0.000015  0.0000159  0.0000021    0.000132    0.000082
2007   3  29  54188   0.015726   0.476321  -0.0614535   0.0011414  -0.055376  -0.006321   0.000010   0.000015  0.0000218  0.0000016    0.000158    0.000084
2007   3  30  54189   0.018128   0.477166  -0.0626590   0.0012768  -0.055189  -0.006213   0.000010   0.000013  0.0000213  0.0000013    0.000162    0.000115
2007   3  31  54190   0.020376   0.478078  -0.0639740   0.0013584  -0.055050  -0.006017   0.000012   0.000014  0.0000287  0.0000013    0.000162    0.000119
2007   4   1  54191   0.022648   0.478868  -0.0653665   0.0014749  -0.054977  -0.005735   0.000011   0.000020  0.0000357  0.0000013    0.000157    0.000113
2007   4   2  54192   0.025199   0.479709  -0.0668791   0.0015495  -0.054937  -0.005548   0.000009   0.000027  0.0000193  0.0000015    0.000132    0.000091
2007   4   3  54193   0.027978   0.480805  -0.0684454   0.0015676  -0.054914  -0.005635   0.000011   0.000015  0.0000132  0.0000018    0.000132    0.000091
2007   4   4  54194   0.030684   0.482105  -0.0699752   0.0015081  -0.054907  -0.005969   0.000012   0.000012  0.0000162  0.0000020    0.000138    0.000099
2007   4   5  54195   0.033224   0.483220  -0.0714291   0.0013834  -0.054884  -0.006343   0.000012   0.000014  0.0000183  0.0000020    0.000160    0.000142
2007   4   6  54196   0.035728   0.484246  -0.0727772   0.0012828  -0.054797  -0.006617   0.000012   0.000014  0.0000227  0.0000020    0.000162    0.000147
2007   4   7  54197   0.038123   0.485232  -0.0740257   0.0012185  -0.054646  -0.006830   0.000012   0.000012  0.0000251  0.0000020    0.000162    0.000147
2007   4   8  54198   0.040085   0.486035  -0.0752572   0.0012240  -0.054475  -0.007054   0.000017   0.000014  0.0000292  0.0000019    0.000159    0.000141
2007   4   9  54199   0.041438   0.486802  -0.0764671   0.0012083  -0.054296  -0.007219   0.000016   0.000013  0.0000341  0.0000019    0.000128    0.000093
2007   4  10  54200   0.042589   0.487398  -0.0776557   0.0011917  -0.054136  -0.007202   0.000015   0.000010  0.0000139  0.0000018    0.000128    0.000093
2007   4  11  54201   0.044021   0.487868  -0.0788983   0.0012815  -0.054127  -0.007065   0.000013   0.000010  0.0000141  0.0000018    0.000128    0.000094
2007   4  12  54202   0.045525   0.488437  -0.0802781   0.0014534  -0.054372  -0.007055   0.000009   0.000010  0.0000166  0.0000019    0.000137    0.000104
2007   4  13  54203   0.047028   0.488904  -0.0818492   0.0017585  -0.054685  -0.007271   0.000009   0.000013  0.0000188  0.0000019    0.000171    0.000167
2007   4  14  54204   0.048722   0.489303  -0.0837500   0.0020347  -0.054751  -0.007428   0.000011   0.000024  0.0000280  0.0000019    0.000174    0.000175
2007   4  15  54205   0.050403   0.489697  -0.0858826   0.0022248  -0.054612  -0.007174   0.000013   0.000024  0.0000357  0.0000019    0.000195    0.000196
2007   4  16  54206   0.052229   0.490120  -0.0881634   0.0023160  -0.054698  -0.006586   0.000020   0.000014  0.0000345  0.0000015    0.000780    0.000429
2007   4  17  54207   0.054276   0.490475  -0.0904290   0.0021444  -0.055232  -0.006134   0.000017   0.000013  0.0000257  0.0000013    0.000284    0.000154
2007   4  18  54208   0.056298   0.490510  -0.0924301   0.0018335  -0.055911  -0.006121   0.000010   0.000011  0.0000190  0.0000015    0.000153    0.000083
2007   4  19  54209   0.058157   0.490440  -0.0940752   0.0014249  -0.056313  -0.006411   0.000007   0.000011  0.0000221  0.0000017    0.000183    0.000108
2007   4  20  54210   0.059804   0.490457  -0.0953207   0.0010401  -0.056298  -0.006763   0.000008   0.000012  0.0000214  0.0000017    0.000202    0.000195
2007   4  21  54211   0.061315   0.490463  -0.0962402   0.0008359  -0.055916  -0.007124   0.000010   0.000011  0.0000247  0.0000015    0.000166    0.000172
2007   4  22  54212   0.062608   0.490426  -0.0970692   0.0007929  -0.055275  -0.007495   0.000011   0.000011  0.0000236  0.0000016    0.000156    0.000149
2007   4  23  54213   0.063828   0.490467  -0.0978786   0.0008614  -0.054642  -0.007727   0.000008   0.000011  0.0000183  0.0000017    0.000177    0.000108
2007   4  24  54214   0.065224   0.490482  -0.0988078   0.0009710  -0.054352  -0.007664   0.000008   0.000011  0.0000161  0.0000018    0.000177    0.000108
2007   4  25  54215   0.066845   0.490448  -0.0998280   0.0011057  -0.054455  -0.007378   0.000010   0.000014  0.0000236  0.0000019    0.000177    0.000109
2007   4  26  54216   0.068850   0.490619  -0.1010228   0.0012658  -0.054662  -0.007090   0.000014   0.000023  0.0000348  0.0000018    0.000177    0.000163
2007   4  27  54217   0.071011   0.491026  -0.1023322   0.0014129  -0.054704  -0.006897   0.000010   0.000022  0.0000277  0.0000017    0.000177    0.000189
2007   4  28  54218   0.073099   0.491266  -0.1037735   0.0014869  -0.054597  -0.006703   0.000009   0.000015  0.0000335  0.0000017    0.000177    0.000189
2007   4  29  54219   0.075170   0.491247  -0.1052600   0.0014942  -0.054503  -0.006439   0.000012   0.000012  0.0000367  0.0000018    0.000177    0.000189
2007   4  30  54220   0.077186   0.491202  -0.1067034   0.0014311  -0.054492  -0.006236   0.000010   0.000015  0.0000368  0.0000016    0.000176    0.000188
2007   5   1  54221   0.079114   0.491146  -0.1080683   0.0013173  -0.054530  -0.006312   0.000008   0.000019  0.0000382  0.0000016    0.000167    0.000171
2007   5   2  54222   0.080895   0.491017  -0.1092981   0.0011568  -0.054566  -0.006718   0.000008   0.000012  0.0000291  0.0000017    0.000167    0.000171
2007   5   3  54223   0.082797   0.490608  -0.1103853   0.0010074  -0.054565  -0.007262   0.000008   0.000010  0.0000232  0.0000017    0.000168    0.000172
2007   5   4  54224   0.085071   0.489973  -0.1113408   0.0009063  -0.054486  -0.007702   0.000008   0.000010  0.0000207  0.0000015    0.000172    0.000175
2007   5   5  54225   0.087408   0.489271  -0.1121660   0.0007606  -0.054361  -0.007893   0.000010   0.000011  0.0000258  0.0000015    0.000174    0.000177
2007   5   6  54226   0.089579   0.488352  -0.1128917   0.0006470  -0.054247  -0.007906   0.000017   0.000014  0.0000342  0.0000016    0.000169    0.000167
2007   5   7  54227   0.091657   0.487366  -0.1135361   0.0006440  -0.054181  -0.007852   0.000011   0.000021  0.0000238  0.0000015    0.000141    0.000125
2007   5   8  54228   0.093609   0.486619  -0.1142208   0.0007897  -0.054137  -0.007758   0.000008   0.000014  0.0000173  0.0000015    0.000141    0.000125
2007   5   9  54229   0.095438   0.485891  -0.1151362   0.0010431  -0.054070  -0.007658   0.000008   0.000011  0.0000247  0.0000017    0.000142    0.000125
2007   5  10  54230   0.097458   0.485060  -0.1163258   0.0013436  -0.054010  -0.007634   0.000008   0.000011  0.0000344  0.0000017    0.000166    0.000144
2007   5  11  54231   0.099570   0.484493  -0.1178317   0.0016538  -0.054012  -0.007712   0.000011   0.000014  0.0000264  0.0000016    0.000173    0.000150
2007   5  12  54232   0.101570   0.483948  -0.1196513   0.0020097  -0.054108  -0.007739   0.000020   0.000016  0.0000340  0.0000013    0.000173    0.000150
2007   5  13  54233   0.103844   0.483253  -0.1218300   0.0022298  -0.054367  -0.007518   0.000025   0.000017  0.0000338  0.0000007    0.000155    0.000116
2007   5  14  54234   0.106507   0.482513  -0.1240306   0.0021811  -0.054892  -0.007105   0.000024   0.000026  0.0000223  0.0000007    0.000101    0.000061
2007   5  15  54235   0.109430   0.481757  -0.1261049   0.0019382  -0.055618  -0.006816   0.000019   0.000024  0.0000153  0.0000014    0.000101    0.000061
2007   5  16  54236   0.112291   0.480950  -0.1278563   0.0015568  -0.056247  -0.006868   0.000011   0.000025  0.0000186  0.0000017    0.000102    0.000061
2007   5  17  54237   0.114856   0.480038  -0.1292280   0.0012159  -0.056530  -0.007157   0.000010   0.000024  0.0000238  0.0000017    0.000206    0.000132
2007   5  18  54238   0.117144   0.479125  -0.1303199   0.0009642  -0.056451  -0.007464   0.000009   0.000015  0.0000217  0.0000018    0.000343    0.000272
2007   5  19  54239   0.119163   0.478084  -0.1312275   0.0008503  -0.056096  -0.007725   0.000008   0.000015  0.0000298  0.0000018    0.000344    0.000273
2007   5  20  54240   0.120898   0.476942  -0.1320939   0.0008637  -0.055543  -0.007943   0.000008   0.000023  0.0000405  0.0000018    0.000252    0.000176
2007   5  21  54241   0.122461   0.475550  -0.1330573   0.0009082  -0.055022  -0.008005   0.000008   0.000015  0.0000242  0.0000015    0.000127    0.000081
2007   5  22  54242   0.124360   0.474073  -0.1339553   0.0009603  -0.054881  -0.007769   0.000008   0.000011  0.0000177  0.0000015    0.000139    0.000089
2007   5  23  54243   0.126676   0.473197  -0.1349289   0.0010667  -0.055209  -0.007304   0.000008   0.000011  0.0000234  0.0000018    0.000215    0.000136
2007   5  24  54244   0.129008   0.472741  -0.1360428   0.0012173  -0.055720  -0.006871   0.000008   0.000013  0.0000295  0.0000017    0.000522    0.000347
2007   5  25  54245   0.131399   0.471996  -0.1373317   0.0013058  -0.056031  -0.006661   0.000008   0.000014  0.0000275  0.0000017    0.000377    0.000269
2007   5  26  54246   0.133688   0.471125  -0.1386496   0.0012812  -0.056075  -0.006651   0.000009   0.000012  0.0000351  0.0000018    0.000302    0.000215
2007   5  27  54247   0.135501   0.470240  -0.1398799   0.0011904  -0.056059  -0.006710   0.000011   0.000012  0.0000449  0.0000019    0.000280    0.000199
2007   5  28  54248   0.137145   0.468984  -0.1410389   0.0010948  -0.056127  -0.006801   0.000016   0.000014  0.0000496  0.0000019    0.000102    0.000070
2007   5  29  54249   0.138831   0.467471  -0.1420189   0.0009341  -0.056241  -0.007005   0.000011   0.000014  0.0000156  0.0000019    0.000099    0.000067
2007   5  30  54250   0.140795   0.465752  -0.1428269   0.0007663  -0.056324  -0.007341   0.000011   0.000015  0.0000162  0.0000019    0.000099    0.000067
2007   5  31  54251   0.143399   0.463917  -0.1434826   0.0005804  -0.056367  -0.007658   0.000011   0.000022  0.0000203  0.0000018    0.000114    0.000075
2007   6   1  54252   0.146307   0.462176  -0.1439502   0.0003415  -0.056414  -0.007774   0.000012   0.000020  0.0000220  0.0000013    0.000242    0.000126
2007   6   2  54253   0.149130   0.460528  -0.1442241   0.0001988  -0.056486  -0.007663   0.000017   0.000013  0.0000296  0.0000013    0.000273    0.000133
2007   6   3  54254   0.151568   0.458984  -0.1444017   0.0001552  -0.056583  -0.007463   0.000012   0.000012  0.0000336  0.0000017    0.000185    0.000107
2007   6   4  54255   0.153867   0.457393  -0.1445478   0.0002450  -0.056715  -0.007332   0.000009   0.000011  0.0000185  0.0000020    0.000087    0.000058
2007   6   5  54256   0.156409   0.455984  -0.1449293   0.0004535  -0.056851  -0.007312   0.000009   0.000013  0.0000134  0.0000021    0.000087    0.000058
2007   6   6  54257   0.158732   0.454775  -0.1455242   0.0006740  -0.056879  -0.007337   0.000011   0.000014  0.0000194  0.0000022    0.000087    0.000058
2007   6   7  54258   0.160575   0.453232  -0.1462789   0.0008631  -0.056748  -0.007339   0.000019   0.000011  0.0000343  0.0000022    0.000152    0.000112
2007   6   8  54259   0.162387   0.451536  -0.1472571   0.0010215  -0.056576  -0.007298   0.000019   0.000011  0.0000285  0.0000020    0.000200    0.000172
2007   6   9  54260   0.164429   0.450071  -0.1483278   0.0011248  -0.056593  -0.007208   0.000012   0.000012  0.0000334  0.0000020    0.000200    0.000173
2007   6  10  54261   0.166741   0.448693  -0.1494659   0.0011385  -0.056931  -0.007060   0.000010   0.000015  0.0000328  0.0000021    0.000174    0.000124
2007   6  11  54262   0.169142   0.447256  -0.1505222   0.0010306  -0.057517  -0.006907   0.000009   0.000014  0.0000214  0.0000022    0.000109    0.000062
2007   6  12  54263   0.171331   0.445483  -0.1514498   0.0007687  -0.058114  -0.006856   0.000011   0.000011  0.0000168  0.0000021    0.000119    0.000067
2007   6  13  54264   0.173330   0.443334  -0.1520900   0.0004299  -0.058492  -0.006946   0.000016   0.000011  0.0000246  0.0000019    0.000178    0.000101
2007   6  14  54265   0.175052   0.441238  -0.1523210   0.0001516  -0.058662  -0.007097   0.000011   0.000010  0.0000386  0.0000018    0.000337    0.000228
2007   6  15  54266   0.176634   0.439191  -0.1523825  -0.0000308  -0.058695  -0.007196   0.000008   0.000013  0.0000296  0.0000019    0.000256    0.000221
2007   6  16  54267   0.178364   0.437192  -0.1523132  -0.0000294  -0.058576  -0.007228   0.000008   0.000019  0.0000359  0.0000018    0.000251    0.000217
2007   6  17  54268   0.180305   0.435378  -0.1523119   0.0001134  -0.058265  -0.007232   0.000009   0.000014  0.0000362  0.0000014    0.000205    0.000156
2007   6  18  54269   0.182490   0.433653  -0.1524984   0.0002672  -0.057888  -0.007190   0.000008   0.000011  0.0000224  0.0000013    0.000114    0.000076
2007   6  19  54270   0.184814   0.432001  -0.1528691   0.0004633  -0.057757  -0.007048   0.000008   0.000014  0.0000140  0.0000013    0.000114    0.000076
2007   6  20  54271   0.187140   0.430686  -0.1534336   0.0006476  -0.058062  -0.006845   0.000008   0.000021  0.0000178  0.0000015    0.000122    0.000081
2007   6  21  54272   0.189396   0.429313  -0.1541320   0.0007442  -0.058670  -0.006705   0.000008   0.000019  0.0000287  0.0000018    0.000339    0.000283
2007   6  22  54273   0.191542   0.427280  -0.1548876   0.0007569  -0.059279  -0.006695   0.000010   0.000013  0.0000274  0.0000017    0.000271    0.000282
2007   6  23  54274   0.193626   0.424984  -0.1556091   0.0006815  -0.059708  -0.006747   0.000011   0.000011  0.0000306  0.0000016    0.000218    0.000226
2007   6  24  54275   0.195692   0.422877  -0.1562042   0.0005771  -0.059964  -0.006758   0.000010   0.000012  0.0000299  0.0000018    0.000175    0.000155
2007   6  25  54276   0.198010   0.420884  -0.1567322   0.0004692  -0.060098  -0.006740   0.000009   0.000015  0.0000217  0.0000020    0.000107    0.000076
2007   6  26  54277   0.200723   0.419168  -0.1571022   0.0003282  -0.060090  -0.006809   0.000008   0.000013  0.0000161  0.0000020    0.000116    0.000082
2007   6  27  54278   0.203255   0.417805  -0.1573268   0.0001601  -0.059953  -0.007029   0.000008   0.000013  0.0000232  0.0000017    0.000167    0.000113
2007   6  28  54279   0.205191   0.416429  -0.1574226   0.0000432  -0.059984  -0.007251   0.000008   0.000019  0.0000381  0.0000015    0.000306    0.000196
2007   6  29  54280   0.206727   0.414894  -0.1574262  -0.0000281  -0.060257  -0.007307   0.000008   0.000013  0.0000394  0.0000017    0.000322    0.000423
2007   6  30  54281   0.207934   0.413338  -0.1573889  -0.0000594  -0.060587  -0.007168   0.000009   0.000012  0.0000416  0.0000020    0.000319    0.000460
2007   7   1  54282   0.208648   0.411683  -0.1573485   0.0000120  -0.060842  -0.006941   0.000009   0.000015  0.0000425  0.0000020    0.000219    0.000235
2007   7   2  54283   0.209124   0.409594  -0.1573946   0.0001796  -0.061007  -0.006785   0.000009   0.000015  0.0000273  0.0000020    0.000103    0.000095
2007   7   3  54284   0.209795   0.407273  -0.1577347   0.0004304  -0.061139  -0.006780   0.000009   0.000015  0.0000194  0.0000020    0.000103    0.000095
2007   7   4  54285   0.210719   0.405159  -0.1583179   0.0006683  -0.061282  -0.006873   0.000008   0.000021  0.0000250  0.0000018    0.000103    0.000095
2007   7   5  54286   0.211811   0.403095  -0.1591017   0.0008276  -0.061434  -0.006947   0.000008   0.000014  0.0000331  0.0000016    0.000217    0.000205
2007   7   6  54287   0.213125   0.400911  -0.1599805   0.0009344  -0.061598  -0.006921   0.000009   0.000011  0.0000355  0.0000016    0.000428    0.000459
2007   7   7  54288   0.214365   0.398683  -0.1609242   0.0009436  -0.061812  -0.006796   0.000009   0.000011  0.0000416  0.0000018    0.000430    0.000461
2007   7   8  54289   0.215177   0.396325  -0.1618341   0.0007625  -0.062095  -0.006650   0.000010   0.000011  0.0000385  0.0000019    0.000349    0.000179
2007   7   9  54290   0.215842   0.393782  -0.1624411   0.0004951  -0.062401  -0.006588   0.000012   0.000011  0.0000254  0.0000019    0.000189    0.000068
2007   7  10  54291   0.216686   0.391076  -0.1627781   0.0002163  -0.062644  -0.006686   0.000016   0.000009  0.0000183  0.0000017    0.000192    0.000074
2007   7  11  54292   0.217659   0.388341  -0.1628617  -0.0000303  -0.062765  -0.006935   0.000017   0.000010  0.0000216  0.0000015    0.000201    0.000104
2007   7  12  54293   0.218509   0.385762  -0.1627185  -0.0001960  -0.062693  -0.007080   0.000010   0.000013  0.0000270  0.0000014    0.000210    0.000181
2007   7  13  54294   0.219476   0.383186  -0.1624796  -0.0002868  -0.062548  -0.007072   0.000008   0.000019  0.0000295  0.0000015    0.000216    0.000213
2007   7  14  54295   0.220785   0.380506  -0.1621671  -0.0002503  -0.062487  -0.007037   0.000008   0.000014  0.0000339  0.0000017    0.000217    0.000213
2007   7  15  54296   0.222038   0.377896  -0.1620116  -0.0000986  -0.062497  -0.006988   0.000008   0.000013  0.0000325  0.0000017    0.000212    0.000188
2007   7  16  54297   0.223226   0.375424  -0.1619923   0.0000848  -0.062554  -0.006879   0.000008   0.000019  0.0000265  0.0000016    0.000188    0.000119
2007   7  17  54298   0.224548   0.372982  -0.1621593   0.0002405  -0.062719  -0.006700   0.000010   0.000022  0.0000206  0.0000016    0.000188    0.000119
2007   7  18  54299   0.225905   0.370505  -0.1624895   0.0003536  -0.063029  -0.006515   0.000016   0.000022  0.0000272  0.0000015    0.000188    0.000119
2007   7  19  54300   0.227073   0.368036  -0.1628874   0.0004058  -0.063447  -0.006440   0.000018   0.000020  0.0000445  0.0000015    0.000269    0.000180
2007   7  20  54301   0.227871   0.365453  -0.1632620   0.0003399  -0.063858  -0.006520   0.000015   0.000012  0.0000381  0.0000016    0.000305    0.000210
2007   7  21  54302   0.228518   0.362655  -0.1635595   0.0002320  -0.064177  -0.006685   0.000010   0.000010  0.0000378  0.0000016    0.000305    0.000210
2007   7  22  54303   0.229132   0.359717  -0.1637273   0.0000872  -0.064400  -0.006814   0.000011   0.000012  0.0000366  0.0000016    0.000255    0.000169
2007   7  23  54304   0.229715   0.357086  -0.1637159  -0.0000923  -0.064578  -0.006867   0.000017   0.000012  0.0000343  0.0000016    0.000146    0.000092
2007   7  24  54305   0.230134   0.355049  -0.1635100  -0.0002755  -0.064731  -0.006893   0.000018   0.000009  0.0000319  0.0000016    0.000146    0.000092
2007   7  25  54306   0.230211   0.352960  -0.1631560  -0.0004768  -0.064810  -0.006925   0.000017   0.000009  0.0000421  0.0000016    0.000146    0.000092
2007   7  26  54307   0.230255   0.350691  -0.1625758  -0.0005952  -0.064809  -0.006943   0.000018   0.000011  0.0000395  0.0000014    0.000215    0.000165
2007   7  27  54308   0.230038   0.348449  -0.1619452  -0.0006186  -0.064808  -0.006908   0.000021   0.000012  0.0000324  0.0000009    0.000246    0.000223
2007   7  28  54309   0.229211   0.345853  -0.1613538  -0.0005406  -0.064909  -0.006836   0.000017   0.000011  0.0000375  0.0000009    0.000246    0.000224
2007   7  29  54310   0.228532   0.342950  -0.1609363  -0.0003269  -0.065112  -0.006772   0.000011   0.000013  0.0000379  0.0000013    0.000204    0.000167
2007   7  30  54311   0.228129   0.340061  -0.1607576  -0.0000684  -0.065329  -0.006737   0.000012   0.000015  0.0000326  0.0000018    0.000117    0.000084
2007   7  31  54312   0.227593   0.337136  -0.1608313   0.0002144  -0.065504  -0.006700   0.000018   0.000020  0.0000287  0.0000018    0.000117    0.000085
2007   8   1  54313   0.227047   0.334223  -0.1611894   0.0004753  -0.065690  -0.006627   0.000017   0.000022  0.0000351  0.0000019    0.000135    0.000098
2007   8   2  54314   0.226626   0.331551  -0.1618120   0.0007019  -0.066054  -0.006578   0.000010   0.000024  0.0000334  0.0000019    0.000306    0.000231
2007   8   3  54315   0.226308   0.329142  -0.1626008   0.0008042  -0.066649  -0.006646   0.000010   0.000022  0.0000350  0.0000019    0.000286    0.000202
2007   8   4  54316   0.225968   0.326550  -0.1633684   0.0006939  -0.067177  -0.006763   0.000010   0.000022  0.0000481  0.0000020    0.000259    0.000178
2007   8   5  54317   0.225314   0.323681  -0.1639485   0.0004833  -0.067363  -0.006843   0.000010   0.000021  0.0000602  0.0000020    0.000234    0.000141
2007   8   6  54318   0.224144   0.320989  -0.1643259   0.0001981  -0.067194  -0.006860   0.000010   0.000014  0.0000311  0.0000019    0.000164    0.000078
2007   8   7  54319   0.222836   0.318560  -0.1643576  -0.0000898  -0.066871  -0.006838   0.000010   0.000013  0.0000219  0.0000017    0.000164    0.000078
2007   8   8  54320   0.221413   0.316076  -0.1641494  -0.0003135  -0.066637  -0.006847   0.000010   0.000013  0.0000321  0.0000016    0.000164    0.000078
2007   8   9  54321   0.219662   0.313472  -0.1637483  -0.0004316  -0.066568  -0.006929   0.000010   0.000013  0.0000476  0.0000017    0.000210    0.000121
2007   8  10  54322   0.218099   0.310907  -0.1632884  -0.0004433  -0.066564  -0.007057   0.000018   0.000013  0.0000351  0.0000017    0.000226    0.000143
2007   8  11  54323   0.217252   0.308282  -0.1629186  -0.0003042  -0.066494  -0.007131   0.000020   0.000013  0.0000391  0.0000017    0.000226    0.000143
2007   8  12  54324   0.216914   0.305726  -0.1627304  -0.0000701  -0.066342  -0.007035   0.000012   0.000014  0.0000387  0.0000017    0.000214    0.000136
2007   8  13  54325   0.216676   0.303347  -0.1627642   0.0000776  -0.066205  -0.006742   0.000008   0.000011  0.0000333  0.0000015    0.000164    0.000106
2007   8  14  54326   0.216272   0.301110  -0.1629003   0.0001827  -0.066208  -0.006368   0.000008   0.000010  0.0000310  0.0000014    0.000164    0.000106
2007   8  15  54327   0.215436   0.299129  -0.1631304   0.0002521  -0.066438  -0.006123   0.000010   0.000010  0.0000424  0.0000015    0.000164    0.000107
2007   8  16  54328   0.214162   0.297435  -0.1634149   0.0002555  -0.066890  -0.006139   0.000010   0.000013  0.0000438  0.0000016    0.000229    0.000155
2007   8  17  54329   0.212715   0.295508  -0.1636478   0.0002300  -0.067430  -0.006357   0.000008   0.000024  0.0000333  0.0000016    0.000256    0.000177
2007   8  18  54330   0.211583   0.292885  -0.1638677   0.0001907  -0.067836  -0.006579   0.000010   0.000028  0.0000371  0.0000017    0.000256    0.000177
2007   8  19  54331   0.210831   0.289962  -0.1639869   0.0000923  -0.067961  -0.006661   0.000013   0.000023  0.0000404  0.0000017    0.000179    0.000136
2007   8  20  54332   0.210415   0.286969  -0.1639911  -0.0000522  -0.067871  -0.006644   0.000011   0.000015  0.0000237  0.0000016    0.000085    0.000070
2007   8  21  54333   0.210231   0.284309  -0.1638542  -0.0002141  -0.067776  -0.006673   0.000012   0.000012  0.0000140  0.0000015    0.000085    0.000070
2007   8  22  54334   0.209620   0.282056  -0.1635620  -0.0003630  -0.067802  -0.006813   0.000011   0.000011  0.0000186  0.0000014    0.000086    0.000071
2007   8  23  54335   0.208357   0.279729  -0.1631293  -0.0004508  -0.067871  -0.006974   0.000012   0.000011  0.0000398  0.0000016    0.000154    0.000103
2007   8  24  54336   0.206626   0.277393  -0.1626283  -0.0004817  -0.067864  -0.007032   0.000018   0.000011  0.0000366  0.0000018    0.000211    0.000117
2007   8  25  54337   0.204759   0.275010  -0.1621882  -0.0003693  -0.067791  -0.006982   0.000014   0.000014  0.0000481  0.0000020    0.000211    0.000117
2007   8  26  54338   0.203016   0.272574  -0.1619019  -0.0001481  -0.067743  -0.006914   0.000009   0.000015  0.0000619  0.0000019    0.000200    0.000117
2007   8  27  54339   0.201794   0.270389  -0.1619172   0.0001499  -0.067739  -0.006864   0.000008   0.000016  0.0000266  0.0000018    0.000152    0.000114
2007   8  28  54340   0.200947   0.268615  -0.1622064   0.0004590  -0.067758  -0.006775   0.000010   0.000021  0.0000171  0.0000017    0.000152    0.000114
2007   8  29  54341   0.200096   0.267046  -0.1628675   0.0007430  -0.067883  -0.006624   0.000014   0.000022  0.0000216  0.0000017    0.000153    0.000114
2007   8  30  54342   0.199377   0.265508  -0.1637150   0.0009399  -0.068227  -0.006507   0.000010   0.000021  0.0000391  0.0000018    0.000209    0.000156
2007   8  31  54343   0.198692   0.263816  -0.1646839   0.0009826  -0.068750  -0.006518   0.000010   0.000013  0.0000346  0.0000019    0.000230    0.000173
2007   9   1  54344   0.197894   0.261917  -0.1656474   0.0008757  -0.069223  -0.006620   0.000018   0.000011  0.0000441  0.0000019    0.000230    0.000173
2007   9   2  54345   0.196720   0.259854  -0.1663962   0.0006365  -0.069423  -0.006691   0.000019   0.000014  0.0000378  0.0000017    0.000270    0.000201
2007   9   3  54346   0.195342   0.257839  -0.1668939   0.0003649  -0.069300  -0.006681   0.000014   0.000019  0.0000274  0.0000015    0.000812    0.000412
2007   9   4  54347   0.194048   0.255906  -0.1670974   0.0001347  -0.068988  -0.006641   0.000008   0.000010  0.0000245  0.0000014    0.000272    0.000144
2007   9   5  54348   0.192604   0.253827  -0.1671728   0.0000252  -0.068677  -0.006631   0.000007   0.000007  0.0000161  0.0000015    0.000139    0.000074
2007   9   6  54349   0.190633   0.251846  -0.1672572   0.0000564  -0.068460  -0.006641   0.000008   0.000007  0.0000198  0.0000016    0.000130    0.000073
2007   9   7  54350   0.188495   0.249769  -0.1673591   0.0001965  -0.068322  -0.006644   0.000015   0.000008  0.0000290  0.0000015    0.000171    0.000148
2007   9   8  54351   0.186878   0.247713  -0.1676620   0.0004036  -0.068201  -0.006606   0.000018   0.000011  0.0000396  0.0000016    0.000176    0.000164
2007   9   9  54352   0.185573   0.246038  -0.1681421   0.0005958  -0.068028  -0.006476   0.000019   0.000013  0.0000444  0.0000016    0.000179    0.000169
2007   9  10  54353   0.184345   0.244431  -0.1688820   0.0007604  -0.067787  -0.006214   0.000016   0.000014  0.0000282  0.0000016    0.000204    0.000209
2007   9  11  54354   0.182880   0.242601  -0.1696935   0.0008611  -0.067497  -0.005874   0.000009   0.000021  0.0000181  0.0000015    0.000198    0.000198
2007   9  12  54355   0.181071   0.240536  -0.1706026   0.0009259  -0.067261  -0.005615   0.000009   0.000021  0.0000233  0.0000013    0.000183    0.000174
2007   9  13  54356   0.179245   0.238456  -0.1715463   0.0009325  -0.067535  -0.005523   0.000016   0.000012  0.0000373  0.0000013    0.000187    0.000175
2007   9  14  54357   0.177364   0.236373  -0.1724571   0.0008306  -0.068263  -0.005633   0.000017   0.000012  0.0000288  0.0000014    0.000247    0.000242
2007   9  15  54358   0.175128   0.234266  -0.1732391   0.0007064  -0.068908  -0.005865   0.000010   0.000021  0.0000413  0.0000016    0.000253    0.000250
2007   9  16  54359   0.172371   0.232250  -0.1738715   0.0005517  -0.069093  -0.006067   0.000009   0.000026  0.0000556  0.0000018    0.000203    0.000182
2007   9  17  54360   0.169641   0.230330  -0.1743449   0.0004254  -0.068800  -0.006209   0.000012   0.000015  0.0000331  0.0000019    0.000112    0.000091
2007   9  18  54361   0.167253   0.228553  -0.1747157   0.0002955  -0.068324  -0.006378   0.000016   0.000014  0.0000215  0.0000019    0.000122    0.000099
2007   9  19  54362   0.165182   0.226690  -0.1749439   0.0002254  -0.067989  -0.006595   0.000010   0.000013  0.0000296  0.0000020    0.000183    0.000148
2007   9  20  54363   0.163139   0.224830  -0.1751927   0.0002701  -0.067813  -0.006746   0.000008   0.000013  0.0000446  0.0000018    0.000261    0.000199
2007   9  21  54364   0.160527   0.222962  -0.1754688   0.0003478  -0.067652  -0.006711   0.000008   0.000020  0.0000259  0.0000015    0.000158    0.000118
2007   9  22  54365   0.157645   0.221103  -0.1759615   0.0005463  -0.067490  -0.006542   0.000008   0.000014  0.0000330  0.0000014    0.000155    0.000116
2007   9  23  54366   0.154764   0.219616  -0.1765906   0.0008095  -0.067440  -0.006415   0.000011   0.000012  0.0000392  0.0000015    0.000157    0.000111
2007   9  24  54367   0.151758   0.218024  -0.1775620   0.0010804  -0.067526  -0.006386   0.000010   0.000014  0.0000303  0.0000016    0.000176    0.000091
2007   9  25  54368   0.149051   0.216344  -0.1787850   0.0014373  -0.067663  -0.006312   0.000009   0.000022  0.0000283  0.0000014    0.000176    0.000091
2007   9  26  54369   0.146567   0.214860  -0.1804461   0.0016864  -0.067831  -0.006104   0.000008   0.000021  0.0000384  0.0000014    0.000176    0.000091
2007   9  27  54370   0.144056   0.213058  -0.1821119   0.0017027  -0.068045  -0.005903   0.000007   0.000013  0.0000473  0.0000016    0.000223    0.000140
2007   9  28  54371   0.141519   0.211207  -0.1837409   0.0015463  -0.068197  -0.005891   0.000008   0.000010  0.0000353  0.0000018    0.000238    0.000165
2007   9  29  54372   0.138693   0.209520  -0.1851834   0.0012802  -0.068158  -0.005997   0.000011   0.000013  0.0000474  0.0000017    0.000238    0.000165
2007   9  30  54373   0.136122   0.207822  -0.1862850   0.0009777  -0.068012  -0.006009   0.000009   0.000020  0.0000494  0.0000017    0.000215    0.000148
2007  10   1  54374   0.133624   0.206476  -0.1871400   0.0007016  -0.067946  -0.005900   0.000008   0.000013  0.0000249  0.0000017    0.000144    0.000097
2007  10   2  54375   0.130601   0.205261  -0.1877053   0.0005486  -0.067958  -0.005855   0.000010   0.000010  0.0000246  0.0000016    0.000144    0.000097
2007  10   3  54376   0.127552   0.204027  -0.1882805   0.0005248  -0.067875  -0.005964   0.000009   0.000010  0.0000355  0.0000017    0.000145    0.000097
2007  10   4  54377   0.124556   0.202890  -0.1888374   0.0005571  -0.067598  -0.006093   0.000007   0.000009  0.0000413  0.0000018    0.000305    0.000186
2007  10   5  54378   0.121577   0.201667  -0.1893861   0.0006597  -0.067186  -0.006079   0.000007   0.000009  0.0000387  0.0000018    0.000580    0.000277
2007  10   6  54379   0.118620   0.200556  -0.1900735   0.0007846  -0.066725  -0.005921   0.000008   0.000012  0.0000438  0.0000017    0.000582    0.000277
2007  10   7  54380   0.115702   0.199369  -0.1909547   0.0009166  -0.066307  -0.005702   0.000008   0.000014  0.0000475  0.0000016    0.000577    0.000277
2007  10   8  54381   0.112824   0.198275  -0.1919383   0.0010299  -0.066039  -0.005449   0.000007   0.000014  0.0000448  0.0000015    0.000109    0.000095
2007  10   9  54382   0.109810   0.197556  -0.1929806   0.0010611  -0.065991  -0.005146   0.000009   0.000012  0.0000263  0.0000013    0.000106    0.000093
2007  10  10  54383   0.106627   0.196807  -0.1940521   0.0010989  -0.066142  -0.004855   0.000008   0.000009  0.0000181  0.0000013    0.000111    0.000099
2007  10  11  54384   0.103313   0.195944  -0.1951784   0.0010536  -0.066386  -0.004734   0.000007   0.000012  0.0000214  0.0000014    0.000132    0.000126
2007  10  12  54385   0.100235   0.195047  -0.1961716   0.0009277  -0.066342  -0.004891   0.000007   0.000017  0.0000239  0.0000015    0.000156    0.000151
2007  10  13  54386   0.097553   0.194292  -0.1970236   0.0007800  -0.066185  -0.005236   0.000007   0.000012  0.0000330  0.0000014    0.000161    0.000150
2007  10  14  54387   0.094884   0.193593  -0.1977023   0.0005924  -0.066047  -0.005551   0.000010   0.000010  0.0000379  0.0000014    0.000162    0.000149
2007  10  15  54388   0.092043   0.193001  -0.1982283   0.0004600  -0.065881  -0.005729   0.000017   0.000009  0.0000308  0.0000011    0.000109    0.000073
2007  10  16  54389   0.088940   0.192573  -0.1986395   0.0003974  -0.065746  -0.005839   0.000017   0.000008  0.0000225  0.0000011    0.000108    0.000072
2007  10  17  54390   0.085872   0.192175  -0.1990242   0.0004259  -0.065709  -0.005953   0.000017   0.000008  0.0000181  0.0000012    0.000118    0.000079
2007  10  18  54391   0.082987   0.191866  -0.1995170   0.0005039  -0.065696  -0.006003   0.000016   0.000009  0.0000231  0.0000013    0.000181    0.000121
2007  10  19  54392   0.079900   0.191492  -0.2000432   0.0006492  -0.065609  -0.005872   0.000009   0.000009  0.0000256  0.0000016    0.000270    0.000176
2007  10  20  54393   0.076641   0.191045  -0.2007499   0.0008532  -0.065463  -0.005613   0.000009   0.000009  0.0000336  0.0000015    0.000242    0.000155
2007  10  21  54394   0.073436   0.190535  -0.2016845   0.0010296  -0.065368  -0.005428   0.000011   0.000010  0.0000314  0.0000015    0.000188    0.000112
2007  10  22  54395   0.070762   0.190154  -0.2028433   0.0012532  -0.065368  -0.005407   0.000008   0.000010  0.0000172  0.0000015    0.000102    0.000056
2007  10  23  54396   0.068606   0.190171  -0.2042180   0.0015309  -0.065398  -0.005388   0.000007   0.000012  0.0000140  0.0000015    0.000102    0.000056
2007  10  24  54397   0.066431   0.190426  -0.2058410   0.0016934  -0.065446  -0.005215   0.000007   0.000011  0.0000180  0.0000015    0.000102    0.000056
2007  10  25  54398   0.064099   0.190403  -0.2075377   0.0016293  -0.065550  -0.005030   0.000009   0.000009  0.0000363  0.0000014    0.000162    0.000119
2007  10  26  54399   0.061569   0.190145  -0.2090652   0.0013803  -0.065575  -0.005076   0.000013   0.000009  0.0000285  0.0000015    0.000194    0.000222
2007  10  27  54400   0.058871   0.190168  -0.2102617   0.0009986  -0.065350  -0.005277   0.000010   0.000012  0.0000336  0.0000016    0.000194    0.000223
2007  10  28  54401   0.056214   0.190280  -0.2110467   0.0006934  -0.065012  -0.005303   0.000008   0.000013  0.0000472  0.0000016    0.000176    0.000176
2007  10  29  54402   0.053461   0.190422  -0.2116457   0.0005283  -0.064865  -0.005068   0.000008   0.000010  0.0000263  0.0000015    0.000118    0.000094
2007  10  30  54403   0.050669   0.190718  -0.2121586   0.0004834  -0.064858  -0.004856   0.000009   0.000009  0.0000181  0.0000015    0.000124    0.000099
2007  10  31  54404   0.047790   0.191000  -0.2126457   0.0005227  -0.064609  -0.004883   0.000008   0.000010  0.0000200  0.0000014    0.000151    0.000123
2007  11   1  54405   0.044823   0.191060  -0.2132211   0.0006024  -0.064058  -0.004995   0.000007   0.000011  0.0000275  0.0000014    0.000183    0.000154
2007  11   2  54406   0.042295   0.191107  -0.2139216   0.0007606  -0.063586  -0.004917   0.000009   0.000011  0.0000247  0.0000014    0.000191    0.000163
2007  11   3  54407   0.040327   0.191492  -0.2147404   0.0009165  -0.063506  -0.004629   0.000010   0.000012  0.0000236  0.0000014    0.000181    0.000148
2007  11   4  54408   0.038273   0.192160  -0.2157219   0.0010074  -0.063694  -0.004338   0.000010   0.000011  0.0000234  0.0000014    0.000105    0.000072
2007  11   5  54409   0.035934   0.192582  -0.2167554   0.0010204  -0.063809  -0.004167   0.000010   0.000010  0.0000209  0.0000014    0.000105    0.000072
2007  11   6  54410   0.034014   0.192787  -0.2177878   0.0010386  -0.063691  -0.004060   0.000010   0.000010  0.0000199  0.0000014    0.000105    0.000072
2007  11   7  54411   0.032308   0.193086  -0.2188535   0.0010573  -0.063429  -0.003952   0.000009   0.000012  0.0000245  0.0000014    0.000105    0.000073
2007  11   8  54412   0.030221   0.193274  -0.2199119   0.0009983  -0.063208  -0.003918   0.000008   0.000011  0.0000271  0.0000015    0.000244    0.000145
2007  11   9  54413   0.027819   0.193445  -0.2208429   0.0008485  -0.063187  -0.004086   0.000010   0.000009  0.0000235  0.0000016    0.000827    0.000234
2007  11  10  54414   0.025302   0.193462  -0.2216023   0.0006431  -0.063389  -0.004428   0.000011   0.000010  0.0000315  0.0000016    0.000838    0.000235
2007  11  11  54415   0.022783   0.193558  -0.2221719   0.0004886  -0.063640  -0.004723   0.000009   0.000011  0.0000425  0.0000014    0.000425    0.000192
2007  11  12  54416   0.019993   0.194181  -0.2225994   0.0003674  -0.063674  -0.004766   0.000010   0.000011  0.0000278  0.0000014    0.000175    0.000108
2007  11  13  54417   0.016963   0.194721  -0.2229017   0.0003268  -0.063386  -0.004598   0.000016   0.000010  0.0000248  0.0000015    0.000174    0.000108
2007  11  14  54418   0.014061   0.194946  -0.2232716   0.0003911  -0.062914  -0.004410   0.000019   0.000010  0.0000289  0.0000011    0.000175    0.000108
2007  11  15  54419   0.011114   0.195486  -0.2237397   0.0005876  -0.062479  -0.004319   0.000017   0.000011  0.0000241  0.0000011    0.000298    0.000199
2007  11  16  54420   0.007908   0.196130  -0.2244397   0.0008689  -0.062197  -0.004295   0.000010   0.000013  0.0000229  0.0000014    0.000381    0.000278
2007  11  17  54421   0.004583   0.196438  -0.2254350   0.0011294  -0.062049  -0.004279   0.000010   0.000013  0.0000298  0.0000015    0.000381    0.000278
2007  11  18  54422   0.001383   0.197029  -0.2266816   0.0014071  -0.061983  -0.004250   0.000010   0.000011  0.0000306  0.0000015    0.000194    0.000133
2007  11  19  54423  -0.001530   0.198138  -0.2282821   0.0017024  -0.062040  -0.004264   0.000011   0.000013  0.0000158  0.0000014    0.000093    0.000064
2007  11  20  54424  -0.004226   0.199440  -0.2301151   0.0019253  -0.062129  -0.004123   0.000017   0.000013  0.0000105  0.0000014    0.000100    0.000069
2007  11  21  54425  -0.006939   0.200791  -0.2320965   0.0019916  -0.062325  -0.003749   0.000022   0.000010  0.0000138  0.0000013    0.000141    0.000096
2007  11  22  54426  -0.009450   0.202313  -0.2341155   0.0019212  -0.062648  -0.003384   0.000018   0.000010  0.0000200  0.0000013    0.000237    0.000155
2007  11  23  54427  -0.011886   0.203765  -0.2359854   0.0017219  -0.062863  -0.003375   0.000010   0.000012  0.0000290  0.0000011    0.000292    0.000187
2007  11  24  54428  -0.014842   0.204529  -0.2375453   0.0014176  -0.062624  -0.003706   0.000009   0.000012  0.0000428  0.0000012    0.000246    0.000168
2007  11  25  54429  -0.018139   0.204874  -0.2387618   0.0011098  -0.061949  -0.003955   0.000010   0.000010  0.0000405  0.0000015    0.000093    0.000075
2007  11  26  54430  -0.020843   0.205171  -0.2397676   0.0009306  -0.061397  -0.003899   0.000008   0.000012  0.0000197  0.0000015    0.000093    0.000075
2007  11  27  54431  -0.022985   0.205871  -0.2406890   0.0009131  -0.061217  -0.003705   0.000008   0.000011  0.0000133  0.0000015    0.000093    0.000075
2007  11  28  54432  -0.025260   0.206968  -0.2416188   0.0010299  -0.061282  -0.003672   0.000009   0.000009  0.0000143  0.0000015    0.000146    0.000098
2007  11  29  54433  -0.027291   0.208173  -0.2427083   0.0012199  -0.061122  -0.003705   0.000017   0.000009  0.0000255  0.0000015    0.000307    0.000220
2007  11  30  54434  -0.028647   0.209541  -0.2440502   0.0014095  -0.060966  -0.003639   0.000018   0.000012  0.0000384  0.0000015    0.000561    0.000551
2007  12   1  54435  -0.029590   0.211105  -0.2455688   0.0015378  -0.061092  -0.003423   0.000011   0.000013  0.0000440  0.0000015    0.000563    0.000554
2007  12   2  54436  -0.030666   0.212648  -0.2471019   0.0015988  -0.061351  -0.003195   0.000009   0.000013  0.0000450  0.0000016    0.000424    0.000232
2007  12   3  54437  -0.032015   0.214219  -0.2487347   0.0015785  -0.061509  -0.003224   0.000009   0.000013  0.0000257  0.0000018    0.000095    0.000062
2007  12   4  54438  -0.034005   0.215831  -0.2502492   0.0014316  -0.061491  -0.003182   0.000012   0.000011  0.0000204  0.0000018    0.000104    0.000068
2007  12   5  54439  -0.036727   0.217214  -0.2515978   0.0012103  -0.061350  -0.003098   0.000016   0.000010  0.0000272  0.0000018    0.000156    0.000102
2007  12   6  54440  -0.039663   0.218576  -0.2526645   0.0009610  -0.061170  -0.003007   0.000011   0.000011  0.0000414  0.0000018    0.000361    0.000246
2007  12   7  54441  -0.042359   0.219898  -0.2535004   0.0006988  -0.061000  -0.003041   0.000011   0.000011  0.0000313  0.0000018    0.000377    0.000303
2007  12   8  54442  -0.044543   0.221142  -0.2540962   0.0004543  -0.060907  -0.003240   0.000021   0.000012  0.0000318  0.0000018    0.000370    0.000298
2007  12   9  54443  -0.046242   0.222439  -0.2544346   0.0002785  -0.061036  -0.003521   0.000023   0.000014  0.0000227  0.0000018    0.000249    0.000177
2007  12  10  54444  -0.047675   0.224008  -0.2546530   0.0001848  -0.061206  -0.003623   0.000011   0.000013  0.0000151  0.0000016    0.000119    0.000077
2007  12  11  54445  -0.049078   0.225511  -0.2548107   0.0001861  -0.061300  -0.003528   0.000009   0.000011  0.0000139  0.0000016    0.000102    0.000066
2007  12  12  54446  -0.050289   0.226697  -0.2550258   0.0003048  -0.061174  -0.003374   0.000010   0.000014  0.0000203  0.0000017    0.000102    0.000066
2007  12  13  54447  -0.051597   0.227795  -0.2553978   0.0004530  -0.060939  -0.003293   0.000017   0.000021  0.0000340  0.0000017    0.000199    0.000128
2007  12  14  54448  -0.053129   0.228894  -0.2559141   0.0006323  -0.060725  -0.003304   0.000022   0.000015  0.0000310  0.0000016    0.000304    0.000193
2007  12  15  54449  -0.054660   0.230298  -0.2566500   0.0008515  -0.060547  -0.003345   0.000021   0.000014  0.0000377  0.0000013    0.000304    0.000193
2007  12  16  54450  -0.056156   0.231835  -0.2576480   0.0011084  -0.060357  -0.003311   0.000013   0.000014  0.0000361  0.0000008    0.000235    0.000173
2007  12  17  54451  -0.057561   0.233436  -0.2588662   0.0012857  -0.060370  -0.003243   0.000010   0.000011  0.0000237  0.0000007    0.000184    0.000141
2007  12  18  54452  -0.058888   0.235037  -0.2601599   0.0013396  -0.060477  -0.003129   0.000012   0.000014  0.0000187  0.0000011    0.000224    0.000141
2007  12  19  54453  -0.060041   0.236363  -0.2614692   0.0013205  -0.060663  -0.002956   0.000020   0.000015  0.0000232  0.0000015    0.000224    0.000142
2007  12  20  54454  -0.061003   0.237722  -0.2627469   0.0011929  -0.060931  -0.002804   0.000013   0.000016  0.0000374  0.0000015    0.000225    0.000187
2007  12  21  54455  -0.061854   0.239343  -0.2638495   0.0009320  -0.061141  -0.002812   0.000010   0.000022  0.0000327  0.0000016    0.000225    0.000203
2007  12  22  54456  -0.062775   0.241043  -0.2646117   0.0006519  -0.060994  -0.003086   0.000010   0.000017  0.0000377  0.0000018    0.000225    0.000203
2007  12  23  54457  -0.063845   0.242720  -0.2651771   0.0005102  -0.060350  -0.003401   0.000010   0.000014  0.0000372  0.0000020    0.000236    0.000163
2007  12  24  54458  -0.065277   0.244498  -0.2656751   0.0004966  -0.059750  -0.003422   0.000010   0.000015  0.0000504  0.0000020    0.000228    0.000160
2007  12  25  54459  -0.067310   0.246163  -0.2661782   0.0005848  -0.059331  -0.003262   0.000009   0.000015  0.0001135  0.0000019    0.000159    0.000130
2007  12  26  54460  -0.069540   0.247666  -0.2668194   0.0007387  -0.059210  -0.003047   0.000009   0.000015  0.0000239  0.0000019    0.000161    0.000130
2007  12  27  54461  -0.071303   0.249184  -0.2676242   0.0009178  -0.059264  -0.002873   0.000009   0.000015  0.0000126  0.0000019    0.000169    0.000137
2007  12  28  54462  -0.072919   0.250990  -0.2686391   0.0010850  -0.059504  -0.002679   0.000009   0.000012  0.0000174  0.0000019    0.000207    0.000169
2007  12  29  54463  -0.074696   0.252755  -0.2696992   0.0012172  -0.060039  -0.002410   0.000009   0.000012  0.0000349  0.0000019    0.000253    0.000209
2007  12  30  54464  -0.076427   0.254803  -0.2709973   0.0012363  -0.060738  -0.002130   0.000011   0.000013  0.0001055  0.0000020    0.000267    0.000215
2007  12  31  54465  -0.078562   0.256940  -0.2722359   0.0011304  -0.061220  -0.002040   0.000012   0.000014  0.0005220  0.0000020    0.000258    0.000209
2008   1   1  54466  -0.080518   0.258431  -0.2733249   0.0010341  -0.061278  -0.002143   0.000012   0.000015  0.0001474  0.0000019    0.000157    0.000127
2008   1   2  54467  -0.081854   0.260082  -0.2743095   0.0009269  -0.060825  -0.002420   0.000012   0.000015  0.0000227  0.0000021    0.000159    0.000128
2008   1   3  54468  -0.083363   0.261986  -0.2751916   0.0008029  -0.060134  -0.002776   0.000012   0.000016  0.0000123  0.0000022    0.000171    0.000138
2008   1   4  54469  -0.085546   0.263861  -0.2759539   0.0006924  -0.059450  -0.003166   0.000013   0.000019  0.0000174  0.0000021    0.000245    0.000194
2008   1   5  54470  -0.087912   0.265565  -0.2766100   0.0006129  -0.059184  -0.003434   0.000013   0.000021  0.0000283  0.0000022    0.000444    0.000323
2008   1   6  54471  -0.090277   0.267180  -0.2772037   0.0005533  -0.059252  -0.003619   0.000013   0.000021  0.0000329  0.0000024    0.000310    0.000246
2008   1   7  54472  -0.092587   0.268844  -0.2777499   0.0005300  -0.059679  -0.003449   0.000012   0.000020  0.0000212  0.0000024    0.000129    0.000116
2008   1   8  54473  -0.094443   0.270672  -0.2782627   0.0005541  -0.060021  -0.003101   0.000013   0.000016  0.0000138  0.0000024    0.000129    0.000116
2008   1   9  54474  -0.096010   0.272662  -0.2788589   0.0006510  -0.060019  -0.002767   0.000015   0.000016  0.0000216  0.0000024    0.000130    0.000116
2008   1  10  54475  -0.097645   0.274960  -0.2795806   0.0008237  -0.059687  -0.002639   0.000015   0.000016  0.0000758  0.0000024    0.000247    0.000208
2008   1  11  54476  -0.099541   0.277532  -0.2804622   0.0009821  -0.059304  -0.002725   0.000015   0.000020  0.0000597  0.0000023    0.000365    0.000282
2008   1  12  54477  -0.101595   0.280146  -0.2815510   0.0011633  -0.059119  -0.002892   0.000013   0.000031  0.0000572  0.0000023    0.000365    0.000283
2008   1  13  54478  -0.103384   0.282855  -0.2828278   0.0013337  -0.059127  -0.003061   0.000012   0.000025  0.0000444  0.0000023    0.000278    0.000261
2008   1  14  54479  -0.104993   0.285781  -0.2842185   0.0014149  -0.059337  -0.003035   0.000014   0.000024  0.0000441  0.0000023    0.000196    0.000124
2008   1  15  54480  -0.106909   0.288697  -0.2855964   0.0013689  -0.059649  -0.002889   0.000015   0.000023  0.0000356  0.0000024    0.000196    0.000123
2008   1  16  54481  -0.108857   0.291069  -0.2869110   0.0011941  -0.059982  -0.002691   0.000014   0.000023  0.0000294  0.0000025    0.000197    0.000124
2008   1  17  54482  -0.110442   0.292997  -0.2880145   0.0009323  -0.060295  -0.002565   0.000015   0.000023  0.0000300  0.0000026    0.000262    0.000181
2008   1  18  54483  -0.112145   0.295007  -0.2888042   0.0006619  -0.060495  -0.002620   0.000018   0.000019  0.0000259  0.0000027    0.000285    0.000206
2008   1  19  54484  -0.113984   0.297121  -0.2893449   0.0004644  -0.060481  -0.002863   0.000018   0.000019  0.0000265  0.0000027    0.000285    0.000206
2008   1  20  54485  -0.115091   0.299204  -0.2897954   0.0004221  -0.060259  -0.003154   0.000014   0.000018  0.0000335  0.0000025    0.000284    0.000244
2008   1  21  54486  -0.115093   0.301655  -0.2902243   0.0005252  -0.059826  -0.003289   0.000016   0.000017  0.0001073  0.0000023    0.000284    0.000168
2008   1  22  54487  -0.115058   0.304503  -0.2908377   0.0007053  -0.059306  -0.003226   0.000022   0.000020  0.0001151  0.0000023    0.000284    0.000165
2008   1  23  54488  -0.115365   0.306822  -0.2916538   0.0009702  -0.058748  -0.003021   0.000016   0.000030  0.0000593  0.0000024    0.000284    0.000165
2008   1  24  54489  -0.115854   0.309065  -0.2927418   0.0012259  -0.058256  -0.002838   0.000013   0.000020  0.0000477  0.0000024    0.000273    0.000167
2008   1  25  54490  -0.116630   0.311591  -0.2940899   0.0014193  -0.058024  -0.002772   0.000012   0.000016  0.0000356  0.0000024    0.000250    0.000172
2008   1  26  54491  -0.117460   0.313934  -0.2955854   0.0015105  -0.058202  -0.002846   0.000012   0.000019  0.0000357  0.0000024    0.000249    0.000172
2008   1  27  54492  -0.117833   0.316516  -0.2971298   0.0015019  -0.058695  -0.003026   0.000012   0.000019  0.0000287  0.0000022    0.000262    0.000166
2008   1  28  54493  -0.117979   0.319384  -0.2985840   0.0014255  -0.059256  -0.003221   0.000014   0.000019  0.0000304  0.0000021    0.000516    0.000136
2008   1  29  54494  -0.118469   0.321872  -0.2999554   0.0012486  -0.059582  -0.003336   0.000013   0.000018  0.0000228  0.0000021    0.000162    0.000116
2008   1  30  54495  -0.119164   0.324122  -0.3011510   0.0010312  -0.059635  -0.003318   0.000011   0.000019  0.0000290  0.0000021    0.000163    0.000117
2008   1  31  54496  -0.119646   0.326498  -0.3020200   0.0008015  -0.059460  -0.003249   0.000011   0.000030  0.0000462  0.0000021    0.000250    0.000183
2008   2   1  54497  -0.119692   0.329174  -0.3027574   0.0006520  -0.059195  -0.003261   0.000011   0.000019  0.0000292  0.0000021    0.000293    0.000218
2008   2   2  54498  -0.119525   0.332401  -0.3033766   0.0005983  -0.059015  -0.003410   0.000010   0.000015  0.0000325  0.0000020    0.000293    0.000219
2008   2   3  54499  -0.119847   0.335649  -0.3039695   0.0005646  -0.059025  -0.003620   0.000011   0.000014  0.0000235  0.0000020    0.000238    0.000182
2008   2   4  54500  -0.120535   0.338409  -0.3045232   0.0006184  -0.059192  -0.003780   0.000011   0.000013  0.0000183  0.0000019    0.000132    0.000104
2008   2   5  54501  -0.120850   0.341173  -0.3052085   0.0007842  -0.059353  -0.003839   0.000011   0.000013  0.0000193  0.0000019    0.000132    0.000106
2008   2   6  54502  -0.121287   0.344072  -0.3060590   0.0009813  -0.059290  -0.003835   0.000012   0.000017  0.0000293  0.0000019    0.000132    0.000106
2008   2   7  54503  -0.122056   0.346927  -0.3071699   0.0012051  -0.059025  -0.003812   0.000012   0.000026  0.0000385  0.0000019    0.000200    0.000166
2008   2   8  54504  -0.122857   0.349492  -0.3084729   0.0014338  -0.058807  -0.003766   0.000010   0.000018  0.0000239  0.0000019    0.000233    0.000198
2008   2   9  54505  -0.123511   0.352015  -0.3099734   0.0015604  -0.058929  -0.003680   0.000011   0.000018  0.0000269  0.0000019    0.000233    0.000198
2008   2  10  54506  -0.123989   0.354883  -0.3115698   0.0016328  -0.059314  -0.003597   0.000011   0.000017  0.0000256  0.0000019    0.000260    0.000194
2008   2  11  54507  -0.124729   0.357734  -0.3132037   0.0016260  -0.059901  -0.003550   0.000010   0.000013  0.0000268  0.0000018    0.000207    0.000161
2008   2  12  54508  -0.125665   0.359978  -0.3148295   0.0014488  -0.060320  -0.003579   0.000010   0.000012  0.0000306  0.0000018    0.000286    0.000159
2008   2  13  54509  -0.126123   0.361950  -0.3161605   0.0012318  -0.060448  -0.003664   0.000013   0.000010  0.0000359  0.0000017    0.000283    0.000159
2008   2  14  54510  -0.125770   0.364441  -0.3172947   0.0010179  -0.060294  -0.003781   0.000012   0.000012  0.0000418  0.0000018    0.000185    0.000180
2008   2  15  54511  -0.125295   0.367219  -0.3182352   0.0007650  -0.060032  -0.003928   0.000010   0.000016  0.0000293  0.0000018    0.000174    0.000185
2008   2  16  54512  -0.125278   0.369486  -0.3189163   0.0005939  -0.059805  -0.004124   0.000010   0.000016  0.0000358  0.0000018    0.000174    0.000185
2008   2  17  54513  -0.125723   0.371465  -0.3194663   0.0005516  -0.059506  -0.004357   0.000010   0.000016  0.0000333  0.0000018    0.000174    0.000185
2008   2  18  54514  -0.126456   0.373954  -0.3200697   0.0006861  -0.059207  -0.004551   0.000009   0.000016  0.0000232  0.0000017    0.000167    0.000123
2008   2  19  54515  -0.126924   0.376808  -0.3208714   0.0009357  -0.058863  -0.004623   0.000009   0.000014  0.0000218  0.0000016    0.000166    0.000120
2008   2  20  54516  -0.127188   0.379604  -0.3219276   0.0011511  -0.058542  -0.004540   0.000009   0.000014  0.0000351  0.0000016    0.000195    0.000144
2008   2  21  54517  -0.127356   0.382182  -0.3231617   0.0013034  -0.058204  -0.004330   0.000009   0.000014  0.0000383  0.0000016    0.000212    0.000161
2008   2  22  54518  -0.127404   0.384941  -0.3245005   0.0013471  -0.057959  -0.004177   0.000010   0.000012  0.0000318  0.0000016    0.000289    0.000267
2008   2  23  54519  -0.127451   0.387885  -0.3258408   0.0013102  -0.057860  -0.004216   0.000010   0.000012  0.0000396  0.0000016    0.000297    0.000282
2008   2  24  54520  -0.127216   0.390919  -0.3271038   0.0012158  -0.057897  -0.004418   0.000010   0.000014  0.0000404  0.0000015    0.000247    0.000195
2008   2  25  54521  -0.126855   0.393877  -0.3282890   0.0010904  -0.058210  -0.004655   0.000011   0.000012  0.0000278  0.0000014    0.000161    0.000098
2008   2  26  54522  -0.126358   0.396463  -0.3292834   0.0008824  -0.058704  -0.004718   0.000011   0.000010  0.0000183  0.0000014    0.000136    0.000086
2008   2  27  54523  -0.125418   0.398999  -0.3300639   0.0006456  -0.059056  -0.004660   0.000011   0.000012  0.0000230  0.0000013    0.000201    0.000128
2008   2  28  54524  -0.124166   0.401656  -0.3306173   0.0004544  -0.059037  -0.004646   0.000016   0.000012  0.0000372  0.0000013    0.000286    0.000214
2008   2  29  54525  -0.122843   0.404090  -0.3309726   0.0002955  -0.058667  -0.004829   0.000010   0.000010  0.0000278  0.0000014    0.000182    0.000143
2008   3   1  54526  -0.121341   0.406776  -0.3312053   0.0002261  -0.058208  -0.005172   0.000008   0.000013  0.0000376  0.0000014    0.000179    0.000140
2008   3   2  54527  -0.120120   0.409813  -0.3314096   0.0002655  -0.057826  -0.005500   0.000011   0.000025  0.0000471  0.0000015    0.000158    0.000116
2008   3   3  54528  -0.119091   0.412745  -0.3317943   0.0003857  -0.057716  -0.005666   0.000017   0.000024  0.0000219  0.0000015    0.000101    0.000065
2008   3   4  54529  -0.118130   0.415926  -0.3322407   0.0005952  -0.057890  -0.005680   0.000012   0.000013  0.0000137  0.0000014    0.000101    0.000065
2008   3   5  54530  -0.117006   0.418980  -0.3329799   0.0008897  -0.058181  -0.005659   0.000012   0.000012  0.0000176  0.0000014    0.000102    0.000065
2008   3   6  54531  -0.115702   0.421804  -0.3339920   0.0011624  -0.058328  -0.005608   0.000019   0.000012  0.0000339  0.0000015    0.000192    0.000141
2008   3   7  54532  -0.114746   0.424357  -0.3352608   0.0013865  -0.058235  -0.005438   0.000023   0.000010  0.0000274  0.0000015    0.000278    0.000277
2008   3   8  54533  -0.113409   0.426723  -0.3367791   0.0015504  -0.058116  -0.005117   0.000020   0.000010  0.0000330  0.0000015    0.000279    0.000278
2008   3   9  54534  -0.111920   0.429394  -0.3383316   0.0015337  -0.058190  -0.004789   0.000011   0.000011  0.0000352  0.0000014    0.000278    0.000277
2008   3  10  54535  -0.110683   0.431804  -0.3398205   0.0013617  -0.058608  -0.004698   0.000008   0.000011  0.0000309  0.0000015    0.000106    0.000104
2008   3  11  54536  -0.109345   0.434479  -0.3410475   0.0010967  -0.059048  -0.004908   0.000008   0.000014  0.0000195  0.0000015    0.000103    0.000101
2008   3  12  54537  -0.108001   0.437581  -0.3420795   0.0008108  -0.059317  -0.005307   0.000008   0.000014  0.0000145  0.0000015    0.000103    0.000101
2008   3  13  54538  -0.106544   0.440444  -0.3428311   0.0005876  -0.059259  -0.005701   0.000009   0.000013  0.0000196  0.0000016    0.000117    0.000113
2008   3  14  54539  -0.104857   0.443274  -0.3433409   0.0004591  -0.058969  -0.005979   0.000011   0.000013  0.0000308  0.0000016    0.000227    0.000199
2008   3  15  54540  -0.103000   0.446048  -0.3437593   0.0004508  -0.058581  -0.006138   0.000021   0.000014  0.0000392  0.0000016    0.000248    0.000212
2008   3  16  54541  -0.100921   0.448946  -0.3442790   0.0005677  -0.058187  -0.006244   0.000029   0.000015  0.0000432  0.0000017    0.000186    0.000135
2008   3  17  54542  -0.098566   0.452097  -0.3449234   0.0007762  -0.057774  -0.006353   0.000023   0.000012  0.0000211  0.0000018    0.000094    0.000070
2008   3  18  54543  -0.096312   0.455122  -0.3458067   0.0010165  -0.057394  -0.006454   0.000012   0.000011  0.0000118  0.0000017    0.000094    0.000070
2008   3  19  54544  -0.094086   0.457949  -0.3469823   0.0012526  -0.057143  -0.006517   0.000009   0.000011  0.0000123  0.0000017    0.000162    0.000097
2008   3  20  54545  -0.091541   0.460915  -0.3483093   0.0013912  -0.057178  -0.006450   0.000009   0.000011  0.0000238  0.0000017    0.000322    0.000241
2008   3  21  54546  -0.088881   0.463894  -0.3496996   0.0014578  -0.057395  -0.006295   0.000009   0.000011  0.0000367  0.0000016    0.000355    0.000290
2008   3  22  54547  -0.086154   0.467024  -0.3512374   0.0014667  -0.057600  -0.006174   0.000010   0.000012  0.0000483  0.0000016    0.000356    0.000291
2008   3  23  54548  -0.083341   0.470230  -0.3526641   0.0014217  -0.057641  -0.006166   0.000012   0.000015  0.0000360  0.0000016    0.000255    0.000195
2008   3  24  54549  -0.080731   0.473141  -0.3540554   0.0013051  -0.057558  -0.006274   0.000011   0.000013  0.0000300  0.0000015    0.000099    0.000073
2008   3  25  54550  -0.078460   0.475860  -0.3552959   0.0011500  -0.057419  -0.006389   0.000009   0.000011  0.0000140  0.0000015    0.000105    0.000073
2008   3  26  54551  -0.076250   0.478391  -0.3563463   0.0009717  -0.057236  -0.006444   0.000011   0.000014  0.0000148  0.0000015    0.000105    0.000073
2008   3  27  54552  -0.074083   0.480693  -0.3572250   0.0007885  -0.056994  -0.006542   0.000011   0.000014  0.0000193  0.0000016    0.000117    0.000078
2008   3  28  54553  -0.072212   0.482897  -0.3579613   0.0006745  -0.056724  -0.006787   0.000009   0.000014  0.0000228  0.0000015    0.000184    0.000099
2008   3  29  54554  -0.070630   0.484987  -0.3585963   0.0006385  -0.056474  -0.007128   0.000009   0.000014  0.0000300  0.0000014    0.000193    0.000101
2008   3  30  54555  -0.068726   0.486715  -0.3592498   0.0007149  -0.056333  -0.007387   0.000012   0.000011  0.0000425  0.0000014    0.000194    0.000106
2008   3  31  54556  -0.066547   0.488210  -0.3600366   0.0008768  -0.056208  -0.007421   0.000021   0.000010  0.0000297  0.0000014    0.000136    0.000089
2008   4   1  54557  -0.064468   0.489849  -0.3610018   0.0010906  -0.056251  -0.007339   0.000026   0.000010  0.0000216  0.0000015    0.000135    0.000089
2008   4   2  54558  -0.062001   0.491696  -0.3621677   0.0013313  -0.056435  -0.007334   0.000022   0.000010  0.0000264  0.0000015    0.000136    0.000089
2008   4   3  54559  -0.058977   0.493603  -0.3636691   0.0015641  -0.056561  -0.007393   0.000012   0.000010  0.0000338  0.0000015    0.000195    0.000133
2008   4   4  54560  -0.056088   0.495414  -0.3652814   0.0017569  -0.056441  -0.007262   0.000009   0.000010  0.0000253  0.0000014    0.000220    0.000153
2008   4   5  54561  -0.053615   0.497079  -0.3671185   0.0019056  -0.056291  -0.006787   0.000010   0.000010  0.0000320  0.0000014    0.000220    0.000153
2008   4   6  54562  -0.050890   0.498778  -0.3690424   0.0018750  -0.056606  -0.006221   0.000011   0.000011  0.0000312  0.0000014    0.000186    0.000134
2008   4   7  54563  -0.047910   0.500494  -0.3708240   0.0015951  -0.057393  -0.006008   0.000008   0.000014  0.0000221  0.0000014    0.000110    0.000083
2008   4   8  54564  -0.045122   0.502463  -0.3722199   0.0012137  -0.058194  -0.006370   0.000007   0.000024  0.0000156  0.0000014    0.000095    0.000084
2008   4   9  54565  -0.042936   0.504777  -0.3732792   0.0008792  -0.058440  -0.006997   0.000007   0.000023  0.0000192  0.0000014    0.000095    0.000084
2008   4  10  54566  -0.041093   0.506877  -0.3740514   0.0006450  -0.058085  -0.007569   0.000008   0.000012  0.0000306  0.0000015    0.000140    0.000102
2008   4  11  54567  -0.038897   0.508686  -0.3746259   0.0005329  -0.057472  -0.007930   0.000008   0.000009  0.0000253  0.0000014    0.000161    0.000107
2008   4  12  54568  -0.036607   0.510400  -0.3751907   0.0005557  -0.057001  -0.008085   0.000011   0.000009  0.0000285  0.0000014    0.000161    0.000107
2008   4  13  54569  -0.034187   0.511896  -0.3757651   0.0006909  -0.056825  -0.008051   0.000017   0.000010  0.0000257  0.0000014    0.000143    0.000101
2008   4  14  54570  -0.031606   0.513002  -0.3765740   0.0009396  -0.056820  -0.007945   0.000010   0.000010  0.0000199  0.0000014    0.000093    0.000081
2008   4  15  54571  -0.029049   0.513854  -0.3776517   0.0011873  -0.056750  -0.007826   0.000008   0.000009  0.0000142  0.0000014    0.000093    0.000080
2008   4  16  54572  -0.026490   0.514628  -0.3789167   0.0013055  -0.056506  -0.007739   0.000010   0.000010  0.0000158  0.0000015    0.000093    0.000081
2008   4  17  54573  -0.023653   0.515698  -0.3802461   0.0013581  -0.056209  -0.007657   0.000010   0.000010  0.0000212  0.0000014    0.000157    0.000129
2008   4  18  54574  -0.020403   0.517384  -0.3816091   0.0013487  -0.056025  -0.007553   0.000008   0.000010  0.0000235  0.0000014    0.000200    0.000156
2008   4  19  54575  -0.016954   0.519417  -0.3829436   0.0012943  -0.055992  -0.007494   0.000008   0.000010  0.0000288  0.0000014    0.000200    0.000156
2008   4  20  54576  -0.013741   0.521654  -0.3841649   0.0011676  -0.055963  -0.007596   0.000007   0.000012  0.0000312  0.0000014    0.000230    0.000158
2008   4  21  54577  -0.010960   0.523852  -0.3852451   0.0009873  -0.055984  -0.007855   0.000007   0.000019  0.0000263  0.0000014    0.000176    0.000133
2008   4  22  54578  -0.008271   0.525843  -0.3861470   0.0008368  -0.055963  -0.008113   0.000007   0.000012  0.0000261  0.0000013    0.000173    0.000132
2008   4  23  54579  -0.005757   0.527505  -0.3869338   0.0007083  -0.055959  -0.008262   0.000007   0.000010  0.0000370  0.0000013    0.000173    0.000132
2008   4  24  54580  -0.003101   0.528468  -0.3875918   0.0006168  -0.055883  -0.008285   0.000007   0.000010  0.0000349  0.0000013    0.000186    0.000134
2008   4  25  54581  -0.000052   0.529183  -0.3881944   0.0005796  -0.055793  -0.008338   0.000007   0.000012  0.0000264  0.0000014    0.000241    0.000138
2008   4  26  54582   0.003070   0.529960  -0.3887900   0.0006008  -0.055727  -0.008485   0.000008   0.000014  0.0000314  0.0000014    0.000246    0.000138
2008   4  27  54583   0.006178   0.530771  -0.3893850   0.0006956  -0.055547  -0.008600   0.000010   0.000013  0.0000338  0.0000014    0.000184    0.000121
2008   4  28  54584   0.009546   0.531807  -0.3902034   0.0008842  -0.055304  -0.008536   0.000009   0.000011  0.0000258  0.0000013    0.000093    0.000075
2008   4  29  54585   0.012905   0.533220  -0.3912164   0.0011521  -0.055101  -0.008347   0.000009   0.000009  0.0000173  0.0000013    0.000099    0.000080
2008   4  30  54586   0.015979   0.534730  -0.3925144   0.0014496  -0.055133  -0.008264   0.000009   0.000009  0.0000212  0.0000013    0.000130    0.000106
2008   5   1  54587   0.018945   0.536072  -0.3941033   0.0016517  -0.055338  -0.008370   0.000007   0.000011  0.0000370  0.0000013    0.000179    0.000149
2008   5   2  54588   0.021729   0.537052  -0.3957762   0.0017791  -0.055489  -0.008430   0.000007   0.000011  0.0000480  0.0000012    0.000197    0.000165
2008   5   3  54589   0.024417   0.537751  -0.3976160   0.0018597  -0.055603  -0.008185   0.000007   0.000012  0.0000405  0.0000012    0.000194    0.000161
2008   5   4  54590   0.027072   0.538356  -0.3994698   0.0018068  -0.056060  -0.007763   0.000007   0.000012  0.0000359  0.0000013    0.000140    0.000109
2008   5   5  54591   0.029983   0.538612  -0.4011514   0.0015759  -0.056728  -0.007553   0.000009   0.000010  0.0000359  0.0000013    0.000140    0.000109
2008   5   6  54592   0.033504   0.538803  -0.4025763   0.0012530  -0.057279  -0.007745   0.000010   0.000012  0.0000334  0.0000012    0.000140    0.000110
2008   5   7  54593   0.036879   0.539339  -0.4036558   0.0009522  -0.057304  -0.008114   0.000010   0.000018  0.0000309  0.0000012    0.000143    0.000117
2008   5   8  54594   0.039759   0.539921  -0.4045499   0.0008151  -0.056936  -0.008379   0.000010   0.000020  0.0000230  0.0000012    0.000153    0.000143
2008   5   9  54595   0.042467   0.540710  -0.4054286   0.0008746  -0.056530  -0.008518   0.000007   0.000021  0.0000315  0.0000012    0.000154    0.000146
2008   5  10  54596   0.044806   0.541524  -0.4063691   0.0010252  -0.056285  -0.008615   0.000007   0.000014  0.0000447  0.0000013    0.000154    0.000145
2008   5  11  54597   0.047303   0.541877  -0.4074534   0.0012699  -0.056204  -0.008617   0.000008   0.000013  0.0000329  0.0000013    0.000109    0.000067
2008   5  12  54598   0.050015   0.542302  -0.4088953   0.0014979  -0.056341  -0.008462   0.000009   0.000012  0.0000215  0.0000013    0.000107    0.000065
2008   5  13  54599   0.052825   0.542615  -0.4104732   0.0016323  -0.056539  -0.008213   0.000011   0.000010  0.0000176  0.0000013    0.000107    0.000065
2008   5  14  54600   0.056360   0.542683  -0.4121417   0.0016840  -0.056640  -0.008041   0.000009   0.000012  0.0000250  0.0000013    0.000108    0.000065
2008   5  15  54601   0.060244   0.542695  -0.4138017   0.0016309  -0.056602  -0.007968   0.000009   0.000022  0.0000301  0.0000013    0.000164    0.000111
2008   5  16  54602   0.064134   0.542688  -0.4154045   0.0015256  -0.056586  -0.007893   0.000010   0.000023  0.0000211  0.0000013    0.000192    0.000143
2008   5  17  54603   0.067952   0.542713  -0.4168357   0.0013180  -0.056719  -0.007781   0.000011   0.000013  0.0000283  0.0000013    0.000192    0.000143
2008   5  18  54604   0.071432   0.542735  -0.4179950   0.0010971  -0.056901  -0.007806   0.000019   0.000010  0.0000421  0.0000014    0.000203    0.000151
2008   5  19  54605   0.074584   0.542766  -0.4190419   0.0008933  -0.057061  -0.008078   0.000024   0.000010  0.0000394  0.0000014    0.000437    0.000297
2008   5  20  54606   0.077667   0.542714  -0.4198165   0.0006440  -0.057104  -0.008534   0.000019   0.000012  0.0000426  0.0000014    0.000440    0.000298
2008   5  21  54607   0.080922   0.542431  -0.4203599   0.0004533  -0.057026  -0.008876   0.000010   0.000012  0.0000525  0.0000014    0.000429    0.000297
2008   5  22  54608   0.084332   0.541937  -0.4207793   0.0003290  -0.056930  -0.008974   0.000010   0.000011  0.0000330  0.0000014    0.000196    0.000216
2008   5  23  54609   0.088187   0.541573  -0.4210412   0.0002795  -0.056979  -0.008916   0.000009   0.000013  0.0000220  0.0000014    0.000182    0.000206
2008   5  24  54610   0.092218   0.541536  -0.4213206   0.0003386  -0.057273  -0.008874   0.000008   0.000013  0.0000300  0.0000015    0.000182    0.000206
2008   5  25  54611   0.096093   0.541381  -0.4217246   0.0004968  -0.057601  -0.008882   0.000010   0.000011  0.0000435  0.0000014    0.000182    0.000192
2008   5  26  54612   0.100024   0.541342  -0.4222990   0.0006968  -0.057729  -0.008779   0.000020   0.000013  0.0000526  0.0000014    0.000253    0.000176
2008   5  27  54613   0.103782   0.541566  -0.4230542   0.0008583  -0.057413  -0.008546   0.000018   0.000013  0.0000441  0.0000014    0.000263    0.000175
2008   5  28  54614   0.107516   0.541495  -0.4240138   0.0010165  -0.057006  -0.008296   0.000009   0.000010  0.0000324  0.0000014    0.000264    0.000175
2008   5  29  54615   0.111242   0.541246  -0.4251535   0.0011760  -0.056738  -0.008175   0.000007   0.000012  0.0000362  0.0000014    0.000300    0.000196
2008   5  30  54616   0.114489   0.540725  -0.4263455   0.0012748  -0.056763  -0.008126   0.000007   0.000012  0.0000356  0.0000014    0.000616    0.000345
2008   5  31  54617   0.117315   0.540139  -0.4275781   0.0012271  -0.057107  -0.007995   0.000009   0.000010  0.0000500  0.0000014    0.000685    0.000368
2008   6   1  54618   0.119959   0.539820  -0.4287452   0.0010419  -0.057697  -0.007856   0.000010   0.000010  0.0000453  0.0000014    0.000251    0.000217
2008   6   2  54619   0.122622   0.539305  -0.4296804   0.0008136  -0.058446  -0.007890   0.000011   0.000010  0.0000249  0.0000014    0.000097    0.000094
2008   6   3  54620   0.125631   0.538525  -0.4303412   0.0005642  -0.058977  -0.008160   0.000019   0.000012  0.0000179  0.0000014    0.000096    0.000094
2008   6   4  54621   0.129041   0.537463  -0.4307695   0.0003694  -0.059073  -0.008373   0.000024   0.000012  0.0000227  0.0000013    0.000097    0.000094
2008   6   5  54622   0.132808   0.536168  -0.4310806   0.0003003  -0.058890  -0.008359   0.000020   0.000010  0.0000355  0.0000013    0.000164    0.000141
2008   6   6  54623   0.136459   0.534990  -0.4314544   0.0003521  -0.058666  -0.008298   0.000011   0.000012  0.0000230  0.0000014    0.000208    0.000163
2008   6   7  54624   0.139884   0.533836  -0.4319010   0.0005313  -0.058478  -0.008498   0.000008   0.000012  0.0000324  0.0000014    0.000208    0.000163
2008   6   8  54625   0.143253   0.532820  -0.4325751   0.0007204  -0.058374  -0.008786   0.000008   0.000010  0.0000549  0.0000014    0.000218    0.000171
2008   6   9  54626   0.146559   0.531770  -0.4333060   0.0008484  -0.058556  -0.008763   0.000010   0.000010  0.0000370  0.0000014    0.000340    0.000278
2008   6  10  54627   0.150163   0.530560  -0.4342557   0.0009818  -0.059086  -0.008308   0.000016   0.000009  0.0000263  0.0000014    0.000316    0.000272
2008   6  11  54628   0.153705   0.529298  -0.4352699   0.0009911  -0.059640  -0.007669   0.000010   0.000011  0.0000259  0.0000014    0.000263    0.000253
2008   6  12  54629   0.157079   0.527730  -0.4361923   0.0008370  -0.059907  -0.007306   0.000009   0.000012  0.0000367  0.0000014    0.000240    0.000242
2008   6  13  54630   0.160590   0.526139  -0.4369136   0.0006540  -0.059862  -0.007294   0.000010   0.000010  0.0000558  0.0000014    0.000237    0.000241
2008   6  14  54631   0.163895   0.524773  -0.4374993   0.0004584  -0.059767  -0.007446   0.000008   0.000010  0.0000417  0.0000014    0.000242    0.000243
2008   6  15  54632   0.166804   0.523383  -0.4378227   0.0002485  -0.059847  -0.007679   0.000010   0.000014  0.0000432  0.0000019    0.000556    0.000296
2008   6  16  54633   0.169602   0.521987  -0.4379897   0.0001213  -0.060048  -0.008034   0.000028   0.000035  0.0000342  0.0000051    0.000557    0.000296
2008   6  17  54634   0.172472   0.520649  -0.4380658   0.0000281  -0.060138  -0.008472   0.000066   0.000043  0.0000306  0.0000109    0.000557    0.000296
2008   6  18  54635   0.175221   0.519126  -0.4380230  -0.0000450  -0.059798  -0.008779   0.000044   0.000045  0.0000365  0.0000083    0.000543    0.000291
2008   6  19  54636   0.177807   0.517486  -0.4379373  -0.0000655  -0.059588  -0.008732   0.000041   0.000068  0.0000334  0.0000073    0.000254    0.000163
2008   6  20  54637   0.180486   0.515911  -0.4379074  -0.0000315  -0.059936  -0.008347   0.000038   0.000054  0.0000314  0.0000046    0.000253    0.000164
2008   6  21  54638   0.183652   0.514418  -0.4379169   0.0000936  -0.061326  -0.007772   0.000034   0.000053  0.0000397  0.0000047    0.000533    0.000365
2008   6  22  54639   0.187036   0.512905  -0.4380923   0.0002862  -0.061400  -0.007650   0.000033   0.000070  0.0000410  0.0000091    0.000533    0.000365
2008   6  23  54640   0.190315   0.511383  -0.4385242   0.0005453  -0.061533  -0.007638   0.000038   0.000074  0.0000408  0.0000108    0.000533    0.000365
2008   6  24  54641   0.193431   0.509955  -0.4391879   0.0007705  -0.061641  -0.007640   0.000047   0.000065  0.0000487  0.0000081    0.000533    0.000365
2008   6  25  54642   0.196515   0.508434  -0.4400713   0.0009260  -0.061700  -0.007645   0.000038   0.000066  0.0000536  0.0000065    0.000533    0.000365
2008   6  26  54643   0.199479   0.507159  -0.4410314   0.0010223  -0.061806  -0.007697   0.000037   0.000079  0.0000503  0.0000066    0.000533    0.000365
2008   6  27  54644   0.201899   0.505860  -0.4420565   0.0009967  -0.062066  -0.007772   0.000049   0.000070  0.0000567  0.0000089    0.000533    0.000365
2008   6  28  54645   0.204252   0.504067  -0.4429805   0.0008747  -0.062496  -0.007779   0.000089   0.000054  0.0000513  0.0000152    0.000533    0.000365
2008   6  29  54646   0.206585   0.502119  -0.4437595   0.0006976  -0.063000  -0.007724   0.000104   0.000042  0.0000496  0.0000087    0.000533    0.000365
2008   6  30  54647   0.208950   0.499932  -0.4443980   0.0004796  -0.063392  -0.007735   0.000099   0.000047  0.0000613  0.0000035    0.000533    0.000365
2008   7   1  54648   0.210747   0.497311  -0.4447618   0.0002647  -0.063500  -0.007854   0.000100   0.000088  0.0000998  0.0000035    0.000533    0.000365
